Build started 09/01/2026 14:23:17.
Logging verbosity is set to: Detailed.     0>Process = "C:\Program Files\dotnet\dotnet.exe"
       MSBuild executable path = "C:\Program Files\dotnet\sdk\6.0.400\MSBuild.dll"
       Command line arguments = "C:\Program Files\dotnet\sdk\6.0.400\MSBuild.dll -maxcpucount -verbosity:m -restore -consoleloggerparameters:Summary Assembly-CSharp.csproj /flp:v=d -distributedlogger:Microsoft.DotNet.Tools.MSBuild.MSBuildLogger,C:\Program Files\dotnet\sdk\6.0.400\dotnet.dll*Microsoft.DotNet.Tools.MSBuild.MSBuildForwardingLogger,C:\Program Files\dotnet\sdk\6.0.400\dotnet.dll"
       Current directory = "C:\Users\germa\Desktop\Kavkazim\kavkazim"
       MSBuild version = "17.3.0+92e077650"
       Property reassignment: $(MSBuildProjectExtensionsPath)="C:\Users\germa\Desktop\Kavkazim\kavkazim\obj\" (previous value: "obj\") at C:\Program Files\dotnet\sdk\6.0.400\Current\Microsoft.Common.props (56,5)
       Property reassignment: $(AvailablePlatforms)="Any CPU,x86,x64,ARM64" (previous value: "Any CPU,x86,x64") at C:\Program Files\dotnet\sdk\6.0.400\Microsoft.NETFramework.CurrentVersion.props (117,5)
       Property reassignment: $(_DebugSymbolsProduced)="true" (previous value: "false") at C:\Program Files\dotnet\sdk\6.0.400\Microsoft.Common.CurrentVersion.targets (175,5)
       Property reassignment: $(_DocumentationFileProduced)="false" (previous value: "true") at C:\Program Files\dotnet\sdk\6.0.400\Microsoft.Common.CurrentVersion.targets (185,5)
       Property reassignment: $(ProcessorArchitecture)="msil" (previous value: "") at C:\Program Files\dotnet\sdk\6.0.400\Microsoft.Common.CurrentVersion.targets (520,5)
       Property reassignment: $(DelaySign)="" (previous value: "false") at C:\Program Files\dotnet\sdk\6.0.400\Microsoft.Common.CurrentVersion.targets (559,5)
       Property reassignment: $(AssemblySearchPaths)="{CandidateAssemblyFiles};" (previous value: "{CandidateAssemblyFiles}") at C:\Program Files\dotnet\sdk\6.0.400\Microsoft.Common.CurrentVersion.targets (628,5)
       Property reassignment: $(AssemblySearchPaths)="{CandidateAssemblyFiles};;{HintPathFromItem}" (previous value: "{CandidateAssemblyFiles};") at C:\Program Files\dotnet\sdk\6.0.400\Microsoft.Common.CurrentVersion.targets (629,5)
       Property reassignment: $(AssemblySearchPaths)="{CandidateAssemblyFiles};;{HintPathFromItem};{TargetFrameworkDirectory}" (previous value: "{CandidateAssemblyFiles};;{HintPathFromItem}") at C:\Program Files\dotnet\sdk\6.0.400\Microsoft.Common.CurrentVersion.targets (630,5)
       Property reassignment: $(AssemblySearchPaths)="{CandidateAssemblyFiles};;{HintPathFromItem};{TargetFrameworkDirectory};" (previous value: "{CandidateAssemblyFiles};;{HintPathFromItem};{TargetFrameworkDirectory}") at C:\Program Files\dotnet\sdk\6.0.400\Microsoft.Common.CurrentVersion.targets (631,5)
       Property reassignment: $(AssemblySearchPaths)="{CandidateAssemblyFiles};;{HintPathFromItem};{TargetFrameworkDirectory};;{Registry:Software\Microsoft\.NETFramework,v4.7.1,AssemblyFoldersEx}" (previous value: "{CandidateAssemblyFiles};;{HintPathFromItem};{TargetFrameworkDirectory};") at C:\Program Files\dotnet\sdk\6.0.400\Microsoft.Common.CurrentVersion.targets (632,5)
       Property reassignment: $(AssemblySearchPaths)="{CandidateAssemblyFiles};;{HintPathFromItem};{TargetFrameworkDirectory};;{Registry:Software\Microsoft\.NETFramework,v4.7.1,AssemblyFoldersEx};{AssemblyFolders}" (previous value: "{CandidateAssemblyFiles};;{HintPathFromItem};{TargetFrameworkDirectory};;{Registry:Software\Microsoft\.NETFramework,v4.7.1,AssemblyFoldersEx}") at C:\Program Files\dotnet\sdk\6.0.400\Microsoft.Common.CurrentVersion.targets (633,5)
       Property reassignment: $(AssemblySearchPaths)="{CandidateAssemblyFiles};;{HintPathFromItem};{TargetFrameworkDirectory};;{Registry:Software\Microsoft\.NETFramework,v4.7.1,AssemblyFoldersEx};{AssemblyFolders};{GAC}" (previous value: "{CandidateAssemblyFiles};;{HintPathFromItem};{TargetFrameworkDirectory};;{Registry:Software\Microsoft\.NETFramework,v4.7.1,AssemblyFoldersEx};{AssemblyFolders}") at C:\Program Files\dotnet\sdk\6.0.400\Microsoft.Common.CurrentVersion.targets (634,5)
       Property reassignment: $(AssemblySearchPaths)="{CandidateAssemblyFiles};;{HintPathFromItem};{TargetFrameworkDirectory};;{Registry:Software\Microsoft\.NETFramework,v4.7.1,AssemblyFoldersEx};{AssemblyFolders};{GAC};{RawFileName}" (previous value: "{CandidateAssemblyFiles};;{HintPathFromItem};{TargetFrameworkDirectory};;{Registry:Software\Microsoft\.NETFramework,v4.7.1,AssemblyFoldersEx};{AssemblyFolders};{GAC}") at C:\Program Files\dotnet\sdk\6.0.400\Microsoft.Common.CurrentVersion.targets (635,5)
       Property reassignment: $(AssemblySearchPaths)="{CandidateAssemblyFiles};;{HintPathFromItem};{TargetFrameworkDirectory};;{Registry:Software\Microsoft\.NETFramework,v4.7.1,AssemblyFoldersEx};{AssemblyFolders};{GAC};{RawFileName};Temp\bin\Debug\" (previous value: "{CandidateAssemblyFiles};;{HintPathFromItem};{TargetFrameworkDirectory};;{Registry:Software\Microsoft\.NETFramework,v4.7.1,AssemblyFoldersEx};{AssemblyFolders};{GAC};{RawFileName}") at C:\Program Files\dotnet\sdk\6.0.400\Microsoft.Common.CurrentVersion.targets (636,5)
       Property reassignment: $(_SGenGenerateSerializationAssembliesConfig)="Auto" (previous value: "") at C:\Program Files\dotnet\sdk\6.0.400\Microsoft.Common.CurrentVersion.targets (3739,5)
       Property reassignment: $(_SGenGenerateSerializationAssembliesConfig)="Off" (previous value: "Auto") at C:\Program Files\dotnet\sdk\6.0.400\Microsoft.Common.CurrentVersion.targets (3740,5)
       Property reassignment: $(_TargetsThatPrepareProjectReferences)="
             AssignProjectConfiguration;
             _SplitProjectReferencesByFileExistence
           " (previous value: "_SplitProjectReferencesByFileExistence") at C:\Program Files\dotnet\sdk\6.0.400\Microsoft.Common.CurrentVersion.targets (4874,5)
       Property reassignment: $(ResolveReferencesDependsOn)="
             
             BeforeResolveReferences;
             AssignProjectConfiguration;
             ResolveProjectReferences;
             FindInvalidProjectReferences;
             ResolveNativeReferences;
             ResolveAssemblyReferences;
             GenerateBindingRedirects;
             ResolveComReferences;
             AfterResolveReferences
           ;
             ImplicitlyExpandDesignTimeFacades
           " (previous value: "
             BeforeResolveReferences;
             AssignProjectConfiguration;
             ResolveProjectReferences;
             FindInvalidProjectReferences;
             ResolveNativeReferences;
             ResolveAssemblyReferences;
             GenerateBindingRedirects;
             ResolveComReferences;
             AfterResolveReferences
           ") at C:\Program Files\dotnet\sdk\6.0.400\Microsoft.NETFramework.CurrentVersion.targets (74,5)
       Overriding target "GetFrameworkPaths" in project "C:\Program Files\dotnet\sdk\6.0.400\Microsoft.Common.CurrentVersion.targets" with target "GetFrameworkPaths" from project "C:\Program Files\dotnet\sdk\6.0.400\Microsoft.NETFramework.CurrentVersion.targets".
       Overriding target "GenerateTargetFrameworkMonikerAttribute" in project "C:\Program Files\dotnet\sdk\6.0.400\Microsoft.Common.CurrentVersion.targets" with target "GenerateTargetFrameworkMonikerAttribute" from project "C:\Users\germa\Desktop\Kavkazim\kavkazim\Assembly-CSharp.csproj".
       The target "ResolveNuGetPackageAssets" listed in an AfterTargets attribute at "C:\Program Files\dotnet\sdk\6.0.400\Microsoft\Microsoft.NET.Build.Extensions\Microsoft.NET.Build.Extensions.ConflictResolution.targets (27,11)" does not exist in the project, and will be ignored.
     1>Project "C:\Users\germa\Desktop\Kavkazim\kavkazim\Assembly-CSharp.csproj" on node 1 (Restore target(s)).
     1>Project file contains ToolsVersion="4.0". This toolset may be unknown or missing, in which case you may be able to resolve this by installing the appropriate version of MSBuild, or the build may have been forced to a particular ToolsVersion for policy reasons. Treating the project as if it had ToolsVersion="Current". For more information, please see http://go.microsoft.com/fwlink/?LinkId=293424.
     1>Target "_LoadRestoreGraphEntryPoints" in file "C:\Program Files\dotnet\sdk\6.0.400\NuGet.targets" from project "C:\Users\germa\Desktop\Kavkazim\kavkazim\Assembly-CSharp.csproj" (target "_FilterRestoreGraphProjectInputItems" depends on it):
       Task "GetRestoreSolutionProjectsTask" skipped, due to false condition; ( $(MSBuildProjectFullPath.EndsWith('.metaproj')) == 'true' AND @(RestoreGraphProjectInputItems) == '' ) was evaluated as ( False == 'true' AND C:\Users\germa\Desktop\Kavkazim\kavkazim\Assembly-CSharp.csproj == '' ).
     1>Done building target "_LoadRestoreGraphEntryPoints" in project "Assembly-CSharp.csproj".
     1>Target "_FilterRestoreGraphProjectInputItems" in file "C:\Program Files\dotnet\sdk\6.0.400\NuGet.targets" from project "C:\Users\germa\Desktop\Kavkazim\kavkazim\Assembly-CSharp.csproj" (target "_GenerateRestoreGraph" depends on it):
       Using "RemoveDuplicates" task from assembly "Microsoft.Build.Tasks.Core, Version=15.1.0.0, Culture=neutral, PublicKeyToken=b03f5f7f11d50a3a".
       Task "RemoveDuplicates"
       Done executing task "RemoveDuplicates".
       Using "MSBuild" task from assembly "Microsoft.Build.Tasks.Core, Version=15.1.0.0, Culture=neutral, PublicKeyToken=b03f5f7f11d50a3a".
       Task "MSBuild"
         Global Properties:
           ExcludeRestorePackageImports=true
     0>Property reassignment: $(MSBuildProjectExtensionsPath)="C:\Users\germa\Desktop\Kavkazim\kavkazim\obj\" (previous value: "obj\") at C:\Program Files\dotnet\sdk\6.0.400\Current\Microsoft.Common.props (56,5)
       Property reassignment: $(AvailablePlatforms)="Any CPU,x86,x64,ARM64" (previous value: "Any CPU,x86,x64") at C:\Program Files\dotnet\sdk\6.0.400\Microsoft.NETFramework.CurrentVersion.props (117,5)
       Property reassignment: $(_DebugSymbolsProduced)="true" (previous value: "false") at C:\Program Files\dotnet\sdk\6.0.400\Microsoft.Common.CurrentVersion.targets (175,5)
       Property reassignment: $(_DocumentationFileProduced)="false" (previous value: "true") at C:\Program Files\dotnet\sdk\6.0.400\Microsoft.Common.CurrentVersion.targets (185,5)
       Property reassignment: $(ProcessorArchitecture)="msil" (previous value: "") at C:\Program Files\dotnet\sdk\6.0.400\Microsoft.Common.CurrentVersion.targets (520,5)
       Property reassignment: $(DelaySign)="" (previous value: "false") at C:\Program Files\dotnet\sdk\6.0.400\Microsoft.Common.CurrentVersion.targets (559,5)
       Property reassignment: $(AssemblySearchPaths)="{CandidateAssemblyFiles};" (previous value: "{CandidateAssemblyFiles}") at C:\Program Files\dotnet\sdk\6.0.400\Microsoft.Common.CurrentVersion.targets (628,5)
       Property reassignment: $(AssemblySearchPaths)="{CandidateAssemblyFiles};;{HintPathFromItem}" (previous value: "{CandidateAssemblyFiles};") at C:\Program Files\dotnet\sdk\6.0.400\Microsoft.Common.CurrentVersion.targets (629,5)
       Property reassignment: $(AssemblySearchPaths)="{CandidateAssemblyFiles};;{HintPathFromItem};{TargetFrameworkDirectory}" (previous value: "{CandidateAssemblyFiles};;{HintPathFromItem}") at C:\Program Files\dotnet\sdk\6.0.400\Microsoft.Common.CurrentVersion.targets (630,5)
       Property reassignment: $(AssemblySearchPaths)="{CandidateAssemblyFiles};;{HintPathFromItem};{TargetFrameworkDirectory};" (previous value: "{CandidateAssemblyFiles};;{HintPathFromItem};{TargetFrameworkDirectory}") at C:\Program Files\dotnet\sdk\6.0.400\Microsoft.Common.CurrentVersion.targets (631,5)
       Property reassignment: $(AssemblySearchPaths)="{CandidateAssemblyFiles};;{HintPathFromItem};{TargetFrameworkDirectory};;{Registry:Software\Microsoft\.NETFramework,v4.7.1,AssemblyFoldersEx}" (previous value: "{CandidateAssemblyFiles};;{HintPathFromItem};{TargetFrameworkDirectory};") at C:\Program Files\dotnet\sdk\6.0.400\Microsoft.Common.CurrentVersion.targets (632,5)
       Property reassignment: $(AssemblySearchPaths)="{CandidateAssemblyFiles};;{HintPathFromItem};{TargetFrameworkDirectory};;{Registry:Software\Microsoft\.NETFramework,v4.7.1,AssemblyFoldersEx};{AssemblyFolders}" (previous value: "{CandidateAssemblyFiles};;{HintPathFromItem};{TargetFrameworkDirectory};;{Registry:Software\Microsoft\.NETFramework,v4.7.1,AssemblyFoldersEx}") at C:\Program Files\dotnet\sdk\6.0.400\Microsoft.Common.CurrentVersion.targets (633,5)
       Property reassignment: $(AssemblySearchPaths)="{CandidateAssemblyFiles};;{HintPathFromItem};{TargetFrameworkDirectory};;{Registry:Software\Microsoft\.NETFramework,v4.7.1,AssemblyFoldersEx};{AssemblyFolders};{GAC}" (previous value: "{CandidateAssemblyFiles};;{HintPathFromItem};{TargetFrameworkDirectory};;{Registry:Software\Microsoft\.NETFramework,v4.7.1,AssemblyFoldersEx};{AssemblyFolders}") at C:\Program Files\dotnet\sdk\6.0.400\Microsoft.Common.CurrentVersion.targets (634,5)
       Property reassignment: $(AssemblySearchPaths)="{CandidateAssemblyFiles};;{HintPathFromItem};{TargetFrameworkDirectory};;{Registry:Software\Microsoft\.NETFramework,v4.7.1,AssemblyFoldersEx};{AssemblyFolders};{GAC};{RawFileName}" (previous value: "{CandidateAssemblyFiles};;{HintPathFromItem};{TargetFrameworkDirectory};;{Registry:Software\Microsoft\.NETFramework,v4.7.1,AssemblyFoldersEx};{AssemblyFolders};{GAC}") at C:\Program Files\dotnet\sdk\6.0.400\Microsoft.Common.CurrentVersion.targets (635,5)
       Property reassignment: $(AssemblySearchPaths)="{CandidateAssemblyFiles};;{HintPathFromItem};{TargetFrameworkDirectory};;{Registry:Software\Microsoft\.NETFramework,v4.7.1,AssemblyFoldersEx};{AssemblyFolders};{GAC};{RawFileName};Temp\bin\Debug\" (previous value: "{CandidateAssemblyFiles};;{HintPathFromItem};{TargetFrameworkDirectory};;{Registry:Software\Microsoft\.NETFramework,v4.7.1,AssemblyFoldersEx};{AssemblyFolders};{GAC};{RawFileName}") at C:\Program Files\dotnet\sdk\6.0.400\Microsoft.Common.CurrentVersion.targets (636,5)
       Property reassignment: $(_SGenGenerateSerializationAssembliesConfig)="Auto" (previous value: "") at C:\Program Files\dotnet\sdk\6.0.400\Microsoft.Common.CurrentVersion.targets (3739,5)
       Property reassignment: $(_SGenGenerateSerializationAssembliesConfig)="Off" (previous value: "Auto") at C:\Program Files\dotnet\sdk\6.0.400\Microsoft.Common.CurrentVersion.targets (3740,5)
       Property reassignment: $(_TargetsThatPrepareProjectReferences)="
             AssignProjectConfiguration;
             _SplitProjectReferencesByFileExistence
           " (previous value: "_SplitProjectReferencesByFileExistence") at C:\Program Files\dotnet\sdk\6.0.400\Microsoft.Common.CurrentVersion.targets (4874,5)
       Property reassignment: $(ResolveReferencesDependsOn)="
             
             BeforeResolveReferences;
             AssignProjectConfiguration;
             ResolveProjectReferences;
             FindInvalidProjectReferences;
             ResolveNativeReferences;
             ResolveAssemblyReferences;
             GenerateBindingRedirects;
             ResolveComReferences;
             AfterResolveReferences
           ;
             ImplicitlyExpandDesignTimeFacades
           " (previous value: "
             BeforeResolveReferences;
             AssignProjectConfiguration;
             ResolveProjectReferences;
             FindInvalidProjectReferences;
             ResolveNativeReferences;
             ResolveAssemblyReferences;
             GenerateBindingRedirects;
             ResolveComReferences;
             AfterResolveReferences
           ") at C:\Program Files\dotnet\sdk\6.0.400\Microsoft.NETFramework.CurrentVersion.targets (74,5)
       Overriding target "GetFrameworkPaths" in project "C:\Program Files\dotnet\sdk\6.0.400\Microsoft.Common.CurrentVersion.targets" with target "GetFrameworkPaths" from project "C:\Program Files\dotnet\sdk\6.0.400\Microsoft.NETFramework.CurrentVersion.targets".
       Overriding target "GenerateTargetFrameworkMonikerAttribute" in project "C:\Program Files\dotnet\sdk\6.0.400\Microsoft.Common.CurrentVersion.targets" with target "GenerateTargetFrameworkMonikerAttribute" from project "C:\Users\germa\Desktop\Kavkazim\kavkazim\Assembly-CSharp.csproj".
       The target "ResolveNuGetPackageAssets" listed in an AfterTargets attribute at "C:\Program Files\dotnet\sdk\6.0.400\Microsoft\Microsoft.NET.Build.Extensions\Microsoft.NET.Build.Extensions.ConflictResolution.targets (27,11)" does not exist in the project, and will be ignored.
     1>Project "C:\Users\germa\Desktop\Kavkazim\kavkazim\Assembly-CSharp.csproj" (1) is building "C:\Users\germa\Desktop\Kavkazim\kavkazim\Assembly-CSharp.csproj" (1:2) on node 1 (_IsProjectRestoreSupported target(s)).
   1:2>Project file contains ToolsVersion="4.0". This toolset may be unknown or missing, in which case you may be able to resolve this by installing the appropriate version of MSBuild, or the build may have been forced to a particular ToolsVersion for policy reasons. Treating the project as if it had ToolsVersion="Current". For more information, please see http://go.microsoft.com/fwlink/?LinkId=293424.
   1:2>Target "_IsProjectRestoreSupported" in file "C:\Program Files\dotnet\sdk\6.0.400\NuGet.targets" from project "C:\Users\germa\Desktop\Kavkazim\kavkazim\Assembly-CSharp.csproj" (entry point):
   1:2>Done building target "_IsProjectRestoreSupported" in project "Assembly-CSharp.csproj".
   1:2>Done Building Project "C:\Users\germa\Desktop\Kavkazim\kavkazim\Assembly-CSharp.csproj" (_IsProjectRestoreSupported target(s)).
     1>Done executing task "MSBuild".
       Task "MSBuild" skipped, due to false condition; ( '$(RestoreUseSkipNonexistentTargets)' != 'true' ) was evaluated as ( 'true' != 'true' ).
       Using "WarnForInvalidProjectsTask" task from assembly "C:\Program Files\dotnet\sdk\6.0.400\NuGet.Build.Tasks.dll".
       Task "WarnForInvalidProjectsTask"
         (in) AllProjects 'C:\Users\germa\Desktop\Kavkazim\kavkazim\Assembly-CSharp.csproj'
         (in) ValidProjects 'C:\Users\germa\Desktop\Kavkazim\kavkazim\Assembly-CSharp.csproj'
       Done executing task "WarnForInvalidProjectsTask".
     1>Done building target "_FilterRestoreGraphProjectInputItems" in project "Assembly-CSharp.csproj".
       Target "_FilterRestoreGraphProjectInputItems" skipped. Previously built successfully.
     1>Target "_GetAllRestoreProjectPathItems" in file "C:\Program Files\dotnet\sdk\6.0.400\NuGet.targets" from project "C:\Users\germa\Desktop\Kavkazim\kavkazim\Assembly-CSharp.csproj" (target "_GenerateRestoreGraph" depends on it):
       Using "NuGetMessageTask" task from assembly "C:\Program Files\dotnet\sdk\6.0.400\NuGet.Build.Tasks.dll".
       Task "NuGetMessageTask"
         Determining projects to restore...
       Done executing task "NuGetMessageTask".
       Task "MSBuild"
         Global Properties:
           ExcludeRestorePackageImports=true
     1>Project "C:\Users\germa\Desktop\Kavkazim\kavkazim\Assembly-CSharp.csproj" (1) is building "C:\Users\germa\Desktop\Kavkazim\kavkazim\Assembly-CSharp.csproj" (1:3) on node 1 (_GenerateRestoreProjectPathWalk target(s)).
   1:3>Project file contains ToolsVersion="4.0". This toolset may be unknown or missing, in which case you may be able to resolve this by installing the appropriate version of MSBuild, or the build may have been forced to a particular ToolsVersion for policy reasons. Treating the project as if it had ToolsVersion="Current". For more information, please see http://go.microsoft.com/fwlink/?LinkId=293424.
       Target "_GenerateRestoreProjectPathItemsAllFrameworks" skipped, due to false condition; ( '$(TargetFrameworks)' != '' ) was evaluated as ( '' != '' ).
   1:3>Target "_GenerateRestoreProjectPathItemsPerFramework" in file "C:\Program Files\dotnet\sdk\6.0.400\NuGet.targets" from project "C:\Users\germa\Desktop\Kavkazim\kavkazim\Assembly-CSharp.csproj" (target "_GenerateRestoreProjectPathItemsCurrentProject" depends on it):
       Using "ConvertToAbsolutePath" task from assembly "Microsoft.Build.Tasks.Core, Version=15.1.0.0, Culture=neutral, PublicKeyToken=b03f5f7f11d50a3a".
       Task "ConvertToAbsolutePath"
       Done executing task "ConvertToAbsolutePath".
   1:3>Done building target "_GenerateRestoreProjectPathItemsPerFramework" in project "Assembly-CSharp.csproj".
   1:3>Target "_GenerateRestoreProjectPathItemsCurrentProject" in file "C:\Program Files\dotnet\sdk\6.0.400\NuGet.targets" from project "C:\Users\germa\Desktop\Kavkazim\kavkazim\Assembly-CSharp.csproj" (target "_GenerateRestoreProjectPathItems" depends on it):
   1:3>Done building target "_GenerateRestoreProjectPathItemsCurrentProject" in project "Assembly-CSharp.csproj".
   1:3>Target "_GenerateRestoreProjectPathItems" in file "C:\Program Files\dotnet\sdk\6.0.400\NuGet.targets" from project "C:\Users\germa\Desktop\Kavkazim\kavkazim\Assembly-CSharp.csproj" (target "_GenerateRestoreProjectPathWalk" depends on it):
       Task "RemoveDuplicates"
       Done executing task "RemoveDuplicates".
   1:3>Done building target "_GenerateRestoreProjectPathItems" in project "Assembly-CSharp.csproj".
   1:3>Target "_GenerateRestoreProjectPathWalk" in file "C:\Program Files\dotnet\sdk\6.0.400\NuGet.targets" from project "C:\Users\germa\Desktop\Kavkazim\kavkazim\Assembly-CSharp.csproj" (entry point):
       Task "MSBuild"
       Done executing task "MSBuild".
       Task "MSBuild" skipped, due to false condition; ( '$(RestoreUseSkipNonexistentTargets)' != 'true' ) was evaluated as ( 'true' != 'true' ).
       Task "RemoveDuplicates"
       Done executing task "RemoveDuplicates".
   1:3>Done building target "_GenerateRestoreProjectPathWalk" in project "Assembly-CSharp.csproj".
   1:3>Done Building Project "C:\Users\germa\Desktop\Kavkazim\kavkazim\Assembly-CSharp.csproj" (_GenerateRestoreProjectPathWalk target(s)).
     1>Done executing task "MSBuild".
       Task "MSBuild" skipped, due to false condition; ( '$(RestoreUseSkipNonexistentTargets)' != 'true' ) was evaluated as ( 'true' != 'true' ).
       Task "RemoveDuplicates"
       Done executing task "RemoveDuplicates".
       Task "MSBuild"
         Global Properties:
           ExcludeRestorePackageImports=true
     1>Project "C:\Users\germa\Desktop\Kavkazim\kavkazim\Assembly-CSharp.csproj" (1) is building "C:\Users\germa\Desktop\Kavkazim\kavkazim\Assembly-CSharp.csproj" (1:4) on node 1 (_IsProjectRestoreSupported target(s)).
   1:4>Target "_IsProjectRestoreSupported" skipped. Previously built successfully.
   1:4>Done Building Project "C:\Users\germa\Desktop\Kavkazim\kavkazim\Assembly-CSharp.csproj" (_IsProjectRestoreSupported target(s)).
     1>Done executing task "MSBuild".
       Task "MSBuild" skipped, due to false condition; ( '$(RestoreUseSkipNonexistentTargets)' != 'true' ) was evaluated as ( 'true' != 'true' ).
     1>Done building target "_GetAllRestoreProjectPathItems" in project "Assembly-CSharp.csproj".
     1>Target "_GenerateRestoreGraph" in file "C:\Program Files\dotnet\sdk\6.0.400\NuGet.targets" from project "C:\Users\germa\Desktop\Kavkazim\kavkazim\Assembly-CSharp.csproj" (target "Restore" depends on it):
       Using "Message" task from assembly "Microsoft.Build.Tasks.Core, Version=15.1.0.0, Culture=neutral, PublicKeyToken=b03f5f7f11d50a3a".
       Task "Message"
         Generating dg file
       Done executing task "Message".
       Task "Message"
         C:\Users\germa\Desktop\Kavkazim\kavkazim\Assembly-CSharp.csproj
       Done executing task "Message".
       Task "MSBuild"
         Global Properties:
           ExcludeRestorePackageImports=true
     1>Project "C:\Users\germa\Desktop\Kavkazim\kavkazim\Assembly-CSharp.csproj" (1) is building "C:\Users\germa\Desktop\Kavkazim\kavkazim\Assembly-CSharp.csproj" (1:5) on node 1 (_GenerateRestoreGraphProjectEntry target(s)).
   1:5>Project file contains ToolsVersion="4.0". This toolset may be unknown or missing, in which case you may be able to resolve this by installing the appropriate version of MSBuild, or the build may have been forced to a particular ToolsVersion for policy reasons. Treating the project as if it had ToolsVersion="Current". For more information, please see http://go.microsoft.com/fwlink/?LinkId=293424.
   1:5>Target "_GetProjectJsonPath" in file "C:\Program Files\dotnet\sdk\6.0.400\NuGet.targets" from project "C:\Users\germa\Desktop\Kavkazim\kavkazim\Assembly-CSharp.csproj" (target "_GetRestoreProjectStyle" depends on it):
       Using "GetRestoreProjectJsonPathTask" task from assembly "C:\Program Files\dotnet\sdk\6.0.400\NuGet.Build.Tasks.dll".
       Task "GetRestoreProjectJsonPathTask"
         (in) ProjectPath 'C:\Users\germa\Desktop\Kavkazim\kavkazim\Assembly-CSharp.csproj'
         (out) ProjectJsonPath ''
       Done executing task "GetRestoreProjectJsonPathTask".
   1:5>Done building target "_GetProjectJsonPath" in project "Assembly-CSharp.csproj".
   1:5>Target "CollectPackageReferences" in file "C:\Program Files\dotnet\sdk\6.0.400\NuGet.targets" from project "C:\Users\germa\Desktop\Kavkazim\kavkazim\Assembly-CSharp.csproj" (target "_GetRestoreProjectStyle" depends on it):
       Using "CheckForDuplicateNuGetItemsTask" task from assembly "C:\Program Files\dotnet\sdk\6.0.400\NuGet.Build.Tasks.dll".
       Task "CheckForDuplicateNuGetItemsTask"
       Done executing task "CheckForDuplicateNuGetItemsTask".
   1:5>Done building target "CollectPackageReferences" in project "Assembly-CSharp.csproj".
   1:5>Target "_GetRestoreProjectStyle" in file "C:\Program Files\dotnet\sdk\6.0.400\NuGet.targets" from project "C:\Users\germa\Desktop\Kavkazim\kavkazim\Assembly-CSharp.csproj" (target "_GenerateRestoreSpecs" depends on it):
       Using "GetRestoreProjectStyleTask" task from assembly "C:\Program Files\dotnet\sdk\6.0.400\NuGet.Build.Tasks.dll".
       Task "GetRestoreProjectStyleTask"
         (in) HasPackageReferenceItems 'False'
         (in) MSBuildProjectDirectory 'C:\Users\germa\Desktop\Kavkazim\kavkazim'
         (in) MSBuildProjectName 'Assembly-CSharp'
         (in) ProjectJsonPath ''
         (in) RestoreProjectStyle ''
         (out) IsPackageReferenceCompatibleProjectStyle 'False'
         (out) ProjectStyle 'Unknown'
       Done executing task "GetRestoreProjectStyleTask".
   1:5>Done building target "_GetRestoreProjectStyle" in project "Assembly-CSharp.csproj".
   1:5>Target "_GenerateRestoreSpecs" in file "C:\Program Files\dotnet\sdk\6.0.400\NuGet.targets" from project "C:\Users\germa\Desktop\Kavkazim\kavkazim\Assembly-CSharp.csproj" (target "_GenerateRestoreGraphProjectEntry" depends on it):
       Task "Message"
         Restore entry point C:\Users\germa\Desktop\Kavkazim\kavkazim\Assembly-CSharp.csproj
       Done executing task "Message".
   1:5>Done building target "_GenerateRestoreSpecs" in project "Assembly-CSharp.csproj".
       Target "_GetRestoreSettings" skipped, due to false condition; ( '$(RestoreProjectStyle)' == 'PackageReference' OR '$(RestoreProjectStyle)' == 'ProjectJson' OR '$(RestoreProjectStyle)' == 'DotnetToolReference' OR '$(RestoreProjectStyle)' == 'PackagesConfig') was evaluated as ( 'Unknown' == 'PackageReference' OR 'Unknown' == 'ProjectJson' OR 'Unknown' == 'DotnetToolReference' OR 'Unknown' == 'PackagesConfig').
   1:5>Target "_GenerateDotnetCliToolReferenceSpecs" in file "C:\Program Files\dotnet\sdk\6.0.400\NuGet.targets" from project "C:\Users\germa\Desktop\Kavkazim\kavkazim\Assembly-CSharp.csproj" (target "_GenerateRestoreGraphProjectEntry" depends on it):
       Using "GetRestoreDotnetCliToolsTask" task from assembly "C:\Program Files\dotnet\sdk\6.0.400\NuGet.Build.Tasks.dll".
       Task "GetRestoreDotnetCliToolsTask"
         (in) ProjectPath 'C:\Users\germa\Desktop\Kavkazim\kavkazim\Assembly-CSharp.csproj'
         (in) DotnetCliToolReferences ''
       Done executing task "GetRestoreDotnetCliToolsTask".
   1:5>Done building target "_GenerateDotnetCliToolReferenceSpecs" in project "Assembly-CSharp.csproj".
   1:5>Target "_GenerateRestoreGraphProjectEntry" in file "C:\Program Files\dotnet\sdk\6.0.400\NuGet.targets" from project "C:\Users\germa\Desktop\Kavkazim\kavkazim\Assembly-CSharp.csproj" (entry point):
   1:5>Done building target "_GenerateRestoreGraphProjectEntry" in project "Assembly-CSharp.csproj".
   1:5>Done Building Project "C:\Users\germa\Desktop\Kavkazim\kavkazim\Assembly-CSharp.csproj" (_GenerateRestoreGraphProjectEntry target(s)).
     1>Done executing task "MSBuild".
       Task "MSBuild"
         Global Properties:
           ExcludeRestorePackageImports=true
     1>Project "C:\Users\germa\Desktop\Kavkazim\kavkazim\Assembly-CSharp.csproj" (1) is building "C:\Users\germa\Desktop\Kavkazim\kavkazim\Assembly-CSharp.csproj" (1:6) on node 1 (_GenerateProjectRestoreGraph target(s)).
   1:6>Project file contains ToolsVersion="4.0". This toolset may be unknown or missing, in which case you may be able to resolve this by installing the appropriate version of MSBuild, or the build may have been forced to a particular ToolsVersion for policy reasons. Treating the project as if it had ToolsVersion="Current". For more information, please see http://go.microsoft.com/fwlink/?LinkId=293424.
       Target "_GetRestoreProjectStyle" skipped. Previously built successfully.
       Target "_GetRestoreProjectStyle" skipped. Previously built successfully.
       Target "_GetRestoreProjectStyle" skipped. Previously built successfully.
   1:6>Target "_GetRestoreTargetFrameworkOverride" in file "C:\Program Files\dotnet\sdk\6.0.400\NuGet.targets" from project "C:\Users\germa\Desktop\Kavkazim\kavkazim\Assembly-CSharp.csproj" (target "_GetRestoreTargetFrameworksOutput" depends on it):
       Task "GetGlobalPropertyValueTask" skipped, due to false condition; ( '$(TargetFrameworks)' != '' ) was evaluated as ( '' != '' ).
   1:6>Done building target "_GetRestoreTargetFrameworkOverride" in project "Assembly-CSharp.csproj".
   1:6>Target "_GetRestoreTargetFrameworksOutput" in file "C:\Program Files\dotnet\sdk\6.0.400\NuGet.targets" from project "C:\Users\germa\Desktop\Kavkazim\kavkazim\Assembly-CSharp.csproj" (target "_GenerateRestoreProjectSpec" depends on it):
       Using "GetProjectTargetFrameworksTask" task from assembly "C:\Program Files\dotnet\sdk\6.0.400\NuGet.Build.Tasks.dll".
       Task "GetProjectTargetFrameworksTask"
         (in) ProjectPath 'C:\Users\germa\Desktop\Kavkazim\kavkazim\Assembly-CSharp.csproj'
         (in) TargetFrameworkMoniker '.NETFramework,Version=v4.7.1'
         (in) TargetPlatformIdentifier 'Windows'
         (in) TargetPlatformVersion '7.0'
         (in) TargetPlatformMinVersion ''
         (in) TargetFrameworks ''
         (in) TargetFramework ''
         (out) ProjectTargetFrameworks '.NETFramework,Version=v4.7.1'
       Done executing task "GetProjectTargetFrameworksTask".
   1:6>Done building target "_GetRestoreTargetFrameworksOutput" in project "Assembly-CSharp.csproj".
       Target "_GetRestoreSettings" skipped, due to false condition; ( '$(RestoreProjectStyle)' == 'PackageReference' OR '$(RestoreProjectStyle)' == 'ProjectJson' OR '$(RestoreProjectStyle)' == 'DotnetToolReference' OR '$(RestoreProjectStyle)' == 'PackagesConfig') was evaluated as ( 'Unknown' == 'PackageReference' OR 'Unknown' == 'ProjectJson' OR 'Unknown' == 'DotnetToolReference' OR 'Unknown' == 'PackagesConfig').
   1:6>Target "_GenerateRestoreProjectSpec" in file "C:\Program Files\dotnet\sdk\6.0.400\NuGet.targets" from project "C:\Users\germa\Desktop\Kavkazim\kavkazim\Assembly-CSharp.csproj" (target "_GenerateProjectRestoreGraph" depends on it):
       Task "ConvertToAbsolutePath" skipped, due to false condition; ( '$(PackageReferenceCompatibleProjectStyle)' == 'true' OR '$(RestoreProjectStyle)' == 'ProjectJson') was evaluated as ( 'False' == 'true' OR 'Unknown' == 'ProjectJson').
   1:6>Done building target "_GenerateRestoreProjectSpec" in project "Assembly-CSharp.csproj".
       Target "_GenerateProjectRestoreGraphAllFrameworks" skipped, due to false condition; ( '$(TargetFrameworks)' != '' ) was evaluated as ( '' != '' ).
       Target "_GetRestoreProjectStyle" skipped. Previously built successfully.
       Target "CollectPackageReferences" skipped. Previously built successfully.
   1:6>Target "CollectPackageDownloads" in file "C:\Program Files\dotnet\sdk\6.0.400\NuGet.targets" from project "C:\Users\germa\Desktop\Kavkazim\kavkazim\Assembly-CSharp.csproj" (target "_GenerateProjectRestoreGraphPerFramework" depends on it):
       Task "CheckForDuplicateNuGetItemsTask"
       Done executing task "CheckForDuplicateNuGetItemsTask".
   1:6>Done building target "CollectPackageDownloads" in project "Assembly-CSharp.csproj".
   1:6>Target "CollectFrameworkReferences" in file "C:\Program Files\dotnet\sdk\6.0.400\NuGet.targets" from project "C:\Users\germa\Desktop\Kavkazim\kavkazim\Assembly-CSharp.csproj" (target "_GenerateProjectRestoreGraphPerFramework" depends on it):
   1:6>Done building target "CollectFrameworkReferences" in project "Assembly-CSharp.csproj".
   1:6>Target "CollectCentralPackageVersions" in file "C:\Program Files\dotnet\sdk\6.0.400\NuGet.targets" from project "C:\Users\germa\Desktop\Kavkazim\kavkazim\Assembly-CSharp.csproj" (target "_GenerateProjectRestoreGraphPerFramework" depends on it):
       Task "CheckForDuplicateNuGetItemsTask"
       Done executing task "CheckForDuplicateNuGetItemsTask".
   1:6>Done building target "CollectCentralPackageVersions" in project "Assembly-CSharp.csproj".
   1:6>Target "_GenerateProjectRestoreGraphPerFramework" in file "C:\Program Files\dotnet\sdk\6.0.400\NuGet.targets" from project "C:\Users\germa\Desktop\Kavkazim\kavkazim\Assembly-CSharp.csproj" (target "_GenerateProjectRestoreGraphCurrentProject" depends on it):
       Using "GetRestoreProjectReferencesTask" task from assembly "C:\Program Files\dotnet\sdk\6.0.400\NuGet.Build.Tasks.dll".
       Task "GetRestoreProjectReferencesTask"
         (in) ProjectUniqueName 'C:\Users\germa\Desktop\Kavkazim\kavkazim\Assembly-CSharp.csproj'
         (in) TargetFrameworks ''
         (in) ProjectReferences ''
         (in) ParentProjectPath 'C:\Users\germa\Desktop\Kavkazim\kavkazim\Assembly-CSharp.csproj'
       Done executing task "GetRestoreProjectReferencesTask".
       Task "GetRestorePackageReferencesTask" skipped, due to false condition; ( '$(PackageReferenceCompatibleProjectStyle)' == 'true' ) was evaluated as ( 'False' == 'true' ).
       Task "GetCentralPackageVersionsTask" skipped, due to false condition; ( '$(PackageReferenceCompatibleProjectStyle)' == 'true' AND '$(_CentralPackageVersionsEnabled)' == 'true' ) was evaluated as ( 'False' == 'true' AND '' == 'true' ).
       Task "GetRestorePackageDownloadsTask" skipped, due to false condition; ( '$(PackageReferenceCompatibleProjectStyle)' == 'true' ) was evaluated as ( 'False' == 'true' ).
       Task "GetRestoreFrameworkReferencesTask" skipped, due to false condition; ( '$(PackageReferenceCompatibleProjectStyle)' == 'true' ) was evaluated as ( 'False' == 'true' ).
   1:6>Done building target "_GenerateProjectRestoreGraphPerFramework" in project "Assembly-CSharp.csproj".
   1:6>Target "_GenerateProjectRestoreGraphCurrentProject" in file "C:\Program Files\dotnet\sdk\6.0.400\NuGet.targets" from project "C:\Users\germa\Desktop\Kavkazim\kavkazim\Assembly-CSharp.csproj" (target "_GenerateRestoreDependencies" depends on it):
   1:6>Done building target "_GenerateProjectRestoreGraphCurrentProject" in project "Assembly-CSharp.csproj".
   1:6>Target "_GenerateRestoreDependencies" in file "C:\Program Files\dotnet\sdk\6.0.400\NuGet.targets" from project "C:\Users\germa\Desktop\Kavkazim\kavkazim\Assembly-CSharp.csproj" (target "_GenerateProjectRestoreGraph" depends on it):
   1:6>Done building target "_GenerateRestoreDependencies" in project "Assembly-CSharp.csproj".
   1:6>Target "_GenerateProjectRestoreGraph" in file "C:\Program Files\dotnet\sdk\6.0.400\NuGet.targets" from project "C:\Users\germa\Desktop\Kavkazim\kavkazim\Assembly-CSharp.csproj" (entry point):
   1:6>Done building target "_GenerateProjectRestoreGraph" in project "Assembly-CSharp.csproj".
   1:6>Done Building Project "C:\Users\germa\Desktop\Kavkazim\kavkazim\Assembly-CSharp.csproj" (_GenerateProjectRestoreGraph target(s)).
     1>Done executing task "MSBuild".
     1>Done building target "_GenerateRestoreGraph" in project "Assembly-CSharp.csproj".
     1>Target "Restore" in file "C:\Program Files\dotnet\sdk\6.0.400\NuGet.targets" from project "C:\Users\germa\Desktop\Kavkazim\kavkazim\Assembly-CSharp.csproj" (entry point):
       Task "RemoveDuplicates"
       Done executing task "RemoveDuplicates".
       Using "RestoreTask" task from assembly "C:\Program Files\dotnet\sdk\6.0.400\NuGet.Build.Tasks.dll".
       Task "RestoreTask"
         (in) RestoreGraphItems Count '1'
         (in) RestoreDisableParallel 'False'
         (in) RestoreNoCache 'False'
         (in) RestoreIgnoreFailedSources 'False'
         (in) RestoreRecursive 'True'
         (in) RestoreForce 'False'
         (in) HideWarningsAndErrors 'False'
         (in) RestoreForceEvaluate 'False'
         (in) RestorePackagesConfig 'False'
         X.509 certificate chain validation will use the default trust store selected by .NET.
         Nothing to do. None of the projects specified contain packages to restore.
       Done executing task "RestoreTask".
     1>Done building target "Restore" in project "Assembly-CSharp.csproj".
     1>Done Building Project "C:\Users\germa\Desktop\Kavkazim\kavkazim\Assembly-CSharp.csproj" (Restore target(s)).
     0>Property reassignment: $(MSBuildProjectExtensionsPath)="C:\Users\germa\Desktop\Kavkazim\kavkazim\obj\" (previous value: "obj\") at C:\Program Files\dotnet\sdk\6.0.400\Current\Microsoft.Common.props (56,5)
       Property reassignment: $(AvailablePlatforms)="Any CPU,x86,x64,ARM64" (previous value: "Any CPU,x86,x64") at C:\Program Files\dotnet\sdk\6.0.400\Microsoft.NETFramework.CurrentVersion.props (117,5)
       Property reassignment: $(_DebugSymbolsProduced)="true" (previous value: "false") at C:\Program Files\dotnet\sdk\6.0.400\Microsoft.Common.CurrentVersion.targets (175,5)
       Property reassignment: $(_DocumentationFileProduced)="false" (previous value: "true") at C:\Program Files\dotnet\sdk\6.0.400\Microsoft.Common.CurrentVersion.targets (185,5)
       Property reassignment: $(ProcessorArchitecture)="msil" (previous value: "") at C:\Program Files\dotnet\sdk\6.0.400\Microsoft.Common.CurrentVersion.targets (520,5)
       Property reassignment: $(DelaySign)="" (previous value: "false") at C:\Program Files\dotnet\sdk\6.0.400\Microsoft.Common.CurrentVersion.targets (559,5)
       Property reassignment: $(AssemblySearchPaths)="{CandidateAssemblyFiles};" (previous value: "{CandidateAssemblyFiles}") at C:\Program Files\dotnet\sdk\6.0.400\Microsoft.Common.CurrentVersion.targets (628,5)
       Property reassignment: $(AssemblySearchPaths)="{CandidateAssemblyFiles};;{HintPathFromItem}" (previous value: "{CandidateAssemblyFiles};") at C:\Program Files\dotnet\sdk\6.0.400\Microsoft.Common.CurrentVersion.targets (629,5)
       Property reassignment: $(AssemblySearchPaths)="{CandidateAssemblyFiles};;{HintPathFromItem};{TargetFrameworkDirectory}" (previous value: "{CandidateAssemblyFiles};;{HintPathFromItem}") at C:\Program Files\dotnet\sdk\6.0.400\Microsoft.Common.CurrentVersion.targets (630,5)
       Property reassignment: $(AssemblySearchPaths)="{CandidateAssemblyFiles};;{HintPathFromItem};{TargetFrameworkDirectory};" (previous value: "{CandidateAssemblyFiles};;{HintPathFromItem};{TargetFrameworkDirectory}") at C:\Program Files\dotnet\sdk\6.0.400\Microsoft.Common.CurrentVersion.targets (631,5)
       Property reassignment: $(AssemblySearchPaths)="{CandidateAssemblyFiles};;{HintPathFromItem};{TargetFrameworkDirectory};;{Registry:Software\Microsoft\.NETFramework,v4.7.1,AssemblyFoldersEx}" (previous value: "{CandidateAssemblyFiles};;{HintPathFromItem};{TargetFrameworkDirectory};") at C:\Program Files\dotnet\sdk\6.0.400\Microsoft.Common.CurrentVersion.targets (632,5)
       Property reassignment: $(AssemblySearchPaths)="{CandidateAssemblyFiles};;{HintPathFromItem};{TargetFrameworkDirectory};;{Registry:Software\Microsoft\.NETFramework,v4.7.1,AssemblyFoldersEx};{AssemblyFolders}" (previous value: "{CandidateAssemblyFiles};;{HintPathFromItem};{TargetFrameworkDirectory};;{Registry:Software\Microsoft\.NETFramework,v4.7.1,AssemblyFoldersEx}") at C:\Program Files\dotnet\sdk\6.0.400\Microsoft.Common.CurrentVersion.targets (633,5)
       Property reassignment: $(AssemblySearchPaths)="{CandidateAssemblyFiles};;{HintPathFromItem};{TargetFrameworkDirectory};;{Registry:Software\Microsoft\.NETFramework,v4.7.1,AssemblyFoldersEx};{AssemblyFolders};{GAC}" (previous value: "{CandidateAssemblyFiles};;{HintPathFromItem};{TargetFrameworkDirectory};;{Registry:Software\Microsoft\.NETFramework,v4.7.1,AssemblyFoldersEx};{AssemblyFolders}") at C:\Program Files\dotnet\sdk\6.0.400\Microsoft.Common.CurrentVersion.targets (634,5)
       Property reassignment: $(AssemblySearchPaths)="{CandidateAssemblyFiles};;{HintPathFromItem};{TargetFrameworkDirectory};;{Registry:Software\Microsoft\.NETFramework,v4.7.1,AssemblyFoldersEx};{AssemblyFolders};{GAC};{RawFileName}" (previous value: "{CandidateAssemblyFiles};;{HintPathFromItem};{TargetFrameworkDirectory};;{Registry:Software\Microsoft\.NETFramework,v4.7.1,AssemblyFoldersEx};{AssemblyFolders};{GAC}") at C:\Program Files\dotnet\sdk\6.0.400\Microsoft.Common.CurrentVersion.targets (635,5)
       Property reassignment: $(AssemblySearchPaths)="{CandidateAssemblyFiles};;{HintPathFromItem};{TargetFrameworkDirectory};;{Registry:Software\Microsoft\.NETFramework,v4.7.1,AssemblyFoldersEx};{AssemblyFolders};{GAC};{RawFileName};Temp\bin\Debug\" (previous value: "{CandidateAssemblyFiles};;{HintPathFromItem};{TargetFrameworkDirectory};;{Registry:Software\Microsoft\.NETFramework,v4.7.1,AssemblyFoldersEx};{AssemblyFolders};{GAC};{RawFileName}") at C:\Program Files\dotnet\sdk\6.0.400\Microsoft.Common.CurrentVersion.targets (636,5)
       Property reassignment: $(_SGenGenerateSerializationAssembliesConfig)="Auto" (previous value: "") at C:\Program Files\dotnet\sdk\6.0.400\Microsoft.Common.CurrentVersion.targets (3739,5)
       Property reassignment: $(_SGenGenerateSerializationAssembliesConfig)="Off" (previous value: "Auto") at C:\Program Files\dotnet\sdk\6.0.400\Microsoft.Common.CurrentVersion.targets (3740,5)
       Property reassignment: $(_TargetsThatPrepareProjectReferences)="
             AssignProjectConfiguration;
             _SplitProjectReferencesByFileExistence
           " (previous value: "_SplitProjectReferencesByFileExistence") at C:\Program Files\dotnet\sdk\6.0.400\Microsoft.Common.CurrentVersion.targets (4874,5)
       Property reassignment: $(ResolveReferencesDependsOn)="
             
             BeforeResolveReferences;
             AssignProjectConfiguration;
             ResolveProjectReferences;
             FindInvalidProjectReferences;
             ResolveNativeReferences;
             ResolveAssemblyReferences;
             GenerateBindingRedirects;
             ResolveComReferences;
             AfterResolveReferences
           ;
             ImplicitlyExpandDesignTimeFacades
           " (previous value: "
             BeforeResolveReferences;
             AssignProjectConfiguration;
             ResolveProjectReferences;
             FindInvalidProjectReferences;
             ResolveNativeReferences;
             ResolveAssemblyReferences;
             GenerateBindingRedirects;
             ResolveComReferences;
             AfterResolveReferences
           ") at C:\Program Files\dotnet\sdk\6.0.400\Microsoft.NETFramework.CurrentVersion.targets (74,5)
       Overriding target "GetFrameworkPaths" in project "C:\Program Files\dotnet\sdk\6.0.400\Microsoft.Common.CurrentVersion.targets" with target "GetFrameworkPaths" from project "C:\Program Files\dotnet\sdk\6.0.400\Microsoft.NETFramework.CurrentVersion.targets".
       Overriding target "GenerateTargetFrameworkMonikerAttribute" in project "C:\Program Files\dotnet\sdk\6.0.400\Microsoft.Common.CurrentVersion.targets" with target "GenerateTargetFrameworkMonikerAttribute" from project "C:\Users\germa\Desktop\Kavkazim\kavkazim\Assembly-CSharp.csproj".
       The target "ResolveNuGetPackageAssets" listed in an AfterTargets attribute at "C:\Program Files\dotnet\sdk\6.0.400\Microsoft\Microsoft.NET.Build.Extensions\Microsoft.NET.Build.Extensions.ConflictResolution.targets (27,11)" does not exist in the project, and will be ignored.
   1:7>Project "C:\Users\germa\Desktop\Kavkazim\kavkazim\Assembly-CSharp.csproj" on node 1 (default targets).
   1:7>Project file contains ToolsVersion="4.0". This toolset may be unknown or missing, in which case you may be able to resolve this by installing the appropriate version of MSBuild, or the build may have been forced to a particular ToolsVersion for policy reasons. Treating the project as if it had ToolsVersion="Current". For more information, please see http://go.microsoft.com/fwlink/?LinkId=293424.
       Target "EnableIntermediateOutputPathMismatchWarning" skipped, due to false condition; ('$(RestoreProjectStyle)' == 'PackageReference') was evaluated as ('' == 'PackageReference').
   1:7>Target "_CheckForInvalidConfigurationAndPlatform" in file "C:\Program Files\dotnet\sdk\6.0.400\Microsoft.Common.CurrentVersion.targets" from project "C:\Users\germa\Desktop\Kavkazim\kavkazim\Assembly-CSharp.csproj" (target "BeforeBuild" depends on it):
       Task "Error" skipped, due to false condition; ( '$(_InvalidConfigurationError)' == 'true' ) was evaluated as ( '' == 'true' ).
       Task "Warning" skipped, due to false condition; ( '$(_InvalidConfigurationWarning)' == 'true' ) was evaluated as ( '' == 'true' ).
       Task "Message"
         Configuration=Debug
       Done executing task "Message".
       Task "Message"
         Platform=AnyCPU
       Done executing task "Message".
       Task "Error" skipped, due to false condition; ('$(OutDir)' != '' and !HasTrailingSlash('$(OutDir)')) was evaluated as ('Temp\bin\Debug\' != '' and !HasTrailingSlash('Temp\bin\Debug\')).
       Task "Error" skipped, due to false condition; ('$(IntermediateOutputPath)' != '' and !HasTrailingSlash('$(IntermediateOutputPath)')) was evaluated as ('obj\Debug\' != '' and !HasTrailingSlash('obj\Debug\')).
       Task "Error" skipped, due to false condition; ('$(BaseIntermediateOutputPath)' != '' and !HasTrailingSlash('$(BaseIntermediateOutputPath)')) was evaluated as ('obj\' != '' and !HasTrailingSlash('obj\')).
       Task "Error" skipped, due to false condition; ( '$(_InitialMSBuildProjectExtensionsPath)' != '' And '$(MSBuildProjectExtensionsPath)' != '$(_InitialMSBuildProjectExtensionsPath)' ) was evaluated as ( 'C:\Users\germa\Desktop\Kavkazim\kavkazim\obj\' != '' And 'C:\Users\germa\Desktop\Kavkazim\kavkazim\obj\' != 'C:\Users\germa\Desktop\Kavkazim\kavkazim\obj\' ).
       Task "Warning" skipped, due to false condition; ( '$(EnableBaseIntermediateOutputPathMismatchWarning)' == 'true' And '$(_InitialBaseIntermediateOutputPath)' != '$(BaseIntermediateOutputPath)' And '$(BaseIntermediateOutputPath)' != '$(MSBuildProjectExtensionsPath)' ) was evaluated as ( '' == 'true' And 'obj\' != 'obj\' And 'obj\' != 'C:\Users\germa\Desktop\Kavkazim\kavkazim\obj\' ).
   1:7>Done building target "_CheckForInvalidConfigurationAndPlatform" in project "Assembly-CSharp.csproj".
   1:7>Target "BeforeBuild" in file "C:\Program Files\dotnet\sdk\6.0.400\Microsoft.Common.CurrentVersion.targets" from project "C:\Users\germa\Desktop\Kavkazim\kavkazim\Assembly-CSharp.csproj" (target "Build" depends on it):
   1:7>Done building target "BeforeBuild" in project "Assembly-CSharp.csproj".
   1:7>Target "BuildOnlySettings" in file "C:\Program Files\dotnet\sdk\6.0.400\Microsoft.Common.CurrentVersion.targets" from project "C:\Users\germa\Desktop\Kavkazim\kavkazim\Assembly-CSharp.csproj" (target "CoreBuild" depends on it):
   1:7>Done building target "BuildOnlySettings" in project "Assembly-CSharp.csproj".
   1:7>Target "GetFrameworkPaths" in file "C:\Program Files\dotnet\sdk\6.0.400\Microsoft.NETFramework.CurrentVersion.targets" from project "C:\Users\germa\Desktop\Kavkazim\kavkazim\Assembly-CSharp.csproj" (target "PrepareForBuild" depends on it):
   1:7>Done building target "GetFrameworkPaths" in project "Assembly-CSharp.csproj".
       Target "GetFrameworkPaths" skipped. Previously built successfully.
   1:7>Target "GetReferenceAssemblyPaths" in file "C:\Program Files\dotnet\sdk\6.0.400\Microsoft.Common.CurrentVersion.targets" from project "C:\Users\germa\Desktop\Kavkazim\kavkazim\Assembly-CSharp.csproj" (target "PrepareForBuild" depends on it):
       Using "GetReferenceAssemblyPaths" task from assembly "Microsoft.Build.Tasks.Core, Version=15.1.0.0, Culture=neutral, PublicKeyToken=b03f5f7f11d50a3a".
       Task "GetReferenceAssemblyPaths"
       Done executing task "GetReferenceAssemblyPaths".
   1:7>Done building target "GetReferenceAssemblyPaths" in project "Assembly-CSharp.csproj".
       Target "AssignLinkMetadata" skipped, due to false condition; ( '$(SynthesizeLinkMetadata)' == 'true' ) was evaluated as ( '' == 'true' ).
   1:7>Target "PrepareForBuild" in file "C:\Program Files\dotnet\sdk\6.0.400\Microsoft.Common.CurrentVersion.targets" from project "C:\Users\germa\Desktop\Kavkazim\kavkazim\Assembly-CSharp.csproj" (target "CoreBuild" depends on it):
       Using "FindAppConfigFile" task from assembly "Microsoft.Build.Tasks.Core, Version=15.1.0.0, Culture=neutral, PublicKeyToken=b03f5f7f11d50a3a".
       Task "FindAppConfigFile"
       Done executing task "FindAppConfigFile".
       Using "MakeDir" task from assembly "Microsoft.Build.Tasks.Core, Version=15.1.0.0, Culture=neutral, PublicKeyToken=b03f5f7f11d50a3a".
       Task "MakeDir"
       Done executing task "MakeDir".
   1:7>Done building target "PrepareForBuild" in project "Assembly-CSharp.csproj".
       Target "PreBuildEvent" skipped, due to false condition; ('$(PreBuildEvent)'!='') was evaluated as (''!='').
   1:7>Target "BeforeResolveReferences" in file "C:\Program Files\dotnet\sdk\6.0.400\Microsoft.Common.CurrentVersion.targets" from project "C:\Users\germa\Desktop\Kavkazim\kavkazim\Assembly-CSharp.csproj" (target "ResolveReferences" depends on it):
   1:7>Done building target "BeforeResolveReferences" in project "Assembly-CSharp.csproj".
       Target "AssignProjectConfiguration" skipped, due to false condition; ('$(CurrentSolutionConfigurationContents)' != '' or '@(ProjectReference)'!='') was evaluated as ('' != '' or ''!='').
       Target "AssignProjectConfiguration" skipped, due to false condition; ('$(CurrentSolutionConfigurationContents)' != '' or '@(ProjectReference)'!='') was evaluated as ('' != '' or ''!='').
   1:7>Target "_SplitProjectReferencesByFileExistence" in file "C:\Program Files\dotnet\sdk\6.0.400\Microsoft.Common.CurrentVersion.targets" from project "C:\Users\germa\Desktop\Kavkazim\kavkazim\Assembly-CSharp.csproj" (target "PrepareProjectReferences" depends on it):
       Task "ResolveNonMSBuildProjectOutput" skipped, due to false condition; ('$(BuildingInsideVisualStudio)'=='true' and '@(ProjectReferenceWithConfiguration)'!='') was evaluated as (''=='true' and ''!='').
   1:7>Done building target "_SplitProjectReferencesByFileExistence" in project "Assembly-CSharp.csproj".
   1:7>Target "_AddOutputPathToGlobalPropertiesToRemove" in file "C:\Program Files\dotnet\sdk\6.0.400\Microsoft.Common.CurrentVersion.targets" from project "C:\Users\germa\Desktop\Kavkazim\kavkazim\Assembly-CSharp.csproj" (target "_GetProjectReferenceTargetFrameworkProperties" depends on it):
   1:7>Done building target "_AddOutputPathToGlobalPropertiesToRemove" in project "Assembly-CSharp.csproj".
   1:7>Target "_GetProjectReferenceTargetFrameworkProperties" in file "C:\Program Files\dotnet\sdk\6.0.400\Microsoft.Common.CurrentVersion.targets" from project "C:\Users\germa\Desktop\Kavkazim\kavkazim\Assembly-CSharp.csproj" (target "PrepareProjectReferences" depends on it):
       Task "MSBuild"
       Done executing task "MSBuild".
       Task "GetReferenceNearestTargetFrameworkTask" skipped, due to false condition; ('@(_ProjectReferenceTargetFrameworkPossibilities)' != '' and '$(ReferringTargetFrameworkForProjectReferences)' != ''
                                                               And '$(GetReferenceNearestTargetFrameworkTaskSupportsTargetPlatformParameter)' == 'true' and '%(_ProjectReferenceTargetFrameworkPossibilities.IsVcxOrNativeProj)' != 'true') was evaluated as ('' != '' and '.NETFramework,Version=v4.7.1' != ''
                                                               And 'true' == 'true' and '' != 'true').
       Task "GetReferenceNearestTargetFrameworkTask" skipped, due to false condition; ('@(_ProjectReferenceTargetFrameworkPossibilities)' != '' and '$(ReferringTargetFrameworkForProjectReferences)' != ''
                                                               And '$(GetReferenceNearestTargetFrameworkTaskSupportsTargetPlatformParameter)' != 'true' and '%(_ProjectReferenceTargetFrameworkPossibilities.IsVcxOrNativeProj)' != 'true') was evaluated as ('' != '' and '.NETFramework,Version=v4.7.1' != ''
                                                               And 'true' != 'true' and '' != 'true').
   1:7>Done building target "_GetProjectReferenceTargetFrameworkProperties" in project "Assembly-CSharp.csproj".
       Target "_GetProjectReferencePlatformProperties" skipped, due to false condition; ('$(EnableDynamicPlatformResolution)' == 'true'
                            and '$(BuildingInsideVisualStudio)' != 'true'
                            and '@(_MSBuildProjectReferenceExistent)' != '') was evaluated as ('' == 'true'
                            and '' != 'true'
                            and '' != '').
   1:7>Target "PrepareProjectReferences" in file "C:\Program Files\dotnet\sdk\6.0.400\Microsoft.Common.CurrentVersion.targets" from project "C:\Users\germa\Desktop\Kavkazim\kavkazim\Assembly-CSharp.csproj" (target "ResolveProjectReferences" depends on it):
   1:7>Done building target "PrepareProjectReferences" in project "Assembly-CSharp.csproj".
   1:7>Target "ResolveProjectReferences" in file "C:\Program Files\dotnet\sdk\6.0.400\Microsoft.Common.CurrentVersion.targets" from project "C:\Users\germa\Desktop\Kavkazim\kavkazim\Assembly-CSharp.csproj" (target "ResolveReferences" depends on it):
       Task "MSBuild" skipped, due to false condition; ('%(_MSBuildProjectReferenceExistent.BuildReference)' == 'true' and '@(ProjectReferenceWithConfiguration)' != '' and ('$(BuildingInsideVisualStudio)' == 'true' or '$(BuildProjectReferences)' != 'true') and '$(VisualStudioVersion)' != '10.0' and '@(_MSBuildProjectReferenceExistent)' != '') was evaluated as ('' == 'true' and '' != '' and ('' == 'true' or 'true' != 'true') and '17.0' != '10.0' and '' != '').
       Task "MSBuild" skipped, due to false condition; ('%(_MSBuildProjectReferenceExistent.BuildReference)' == 'true' and '@(ProjectReferenceWithConfiguration)' != '' and '$(BuildingInsideVisualStudio)' != 'true' and '$(BuildProjectReferences)' == 'true' and '@(_MSBuildProjectReferenceExistent)' != '') was evaluated as ('' == 'true' and '' != '' and '' != 'true' and 'true' == 'true' and '' != '').
       Task "MSBuild" skipped, due to false condition; ('%(_MSBuildProjectReferenceExistent.BuildReference)' == 'true' and '@(ProjectReferenceWithConfiguration)' != '' and '$(BuildingProject)' == 'true' and '@(_MSBuildProjectReferenceExistent)' != '') was evaluated as ('' == 'true' and '' != '' and 'true' == 'true' and '' != '').
       Task "Warning" skipped, due to false condition; ('@(ProjectReferenceWithConfiguration)' != '' and '@(_MSBuildProjectReferenceNonexistent)' != '') was evaluated as ('' != '' and '' != '').
   1:7>Done building target "ResolveProjectReferences" in project "Assembly-CSharp.csproj".
       Target "FindInvalidProjectReferences" skipped, due to false condition; ('$(FindInvalidProjectReferences)' == 'true') was evaluated as ('' == 'true').
       Target "ResolveNativeReferences" skipped, due to false condition; ('@(NativeReference)'!='') was evaluated as (''!='').
       Target "ResolveProjectReferences" skipped. Previously built successfully.
       Target "FindInvalidProjectReferences" skipped, due to false condition; ('$(FindInvalidProjectReferences)' == 'true') was evaluated as ('' == 'true').
       Target "GetFrameworkPaths" skipped. Previously built successfully.
       Target "GetReferenceAssemblyPaths" skipped. Previously built successfully.
       Target "PrepareForBuild" skipped. Previously built successfully.
       Target "GetInstalledSDKLocations" skipped, due to false condition; ('@(SDKReference)' != '') was evaluated as ('' != '').
   1:7>Target "ResolveSDKReferences" in file "C:\Program Files\dotnet\sdk\6.0.400\Microsoft.Common.CurrentVersion.targets" from project "C:\Users\germa\Desktop\Kavkazim\kavkazim\Assembly-CSharp.csproj" (target "ResolveAssemblyReferences" depends on it):
       Task "ResolveSDKReference" skipped, due to false condition; ('@(SDKReference)'!='') was evaluated as (''!='').
   1:7>Done building target "ResolveSDKReferences" in project "Assembly-CSharp.csproj".
       Target "ResolveSDKReferences" skipped. Previously built successfully.
   1:7>Target "ExpandSDKReferences" in file "C:\Program Files\dotnet\sdk\6.0.400\Microsoft.Common.CurrentVersion.targets" from project "C:\Users\germa\Desktop\Kavkazim\kavkazim\Assembly-CSharp.csproj" (target "ResolveAssemblyReferences" depends on it):
       Task "GetSDKReferenceFiles" skipped, due to false condition; ('@(ResolvedSDKReference)'!='') was evaluated as (''!='').
   1:7>Done building target "ExpandSDKReferences" in project "Assembly-CSharp.csproj".
       Target "ImplicitlyExpandNETStandardFacades" skipped, due to false condition; ('$(ImplicitlyExpandNETStandardFacades)' == 'true') was evaluated as ('false' == 'true').
       Target "GetFrameworkPaths" skipped. Previously built successfully.
       Target "GetReferenceAssemblyPaths" skipped. Previously built successfully.
       Target "ImplicitlyExpandNETStandardFacades" skipped, due to false condition; ('$(ImplicitlyExpandNETStandardFacades)' == 'true') was evaluated as ('false' == 'true').
   1:7>Target "_HandlePackageFileConflicts" in file "C:\Program Files\dotnet\sdk\6.0.400\Microsoft\Microsoft.NET.Build.Extensions\Microsoft.NET.Build.Extensions.ConflictResolution.targets" from project "C:\Users\germa\Desktop\Kavkazim\kavkazim\Assembly-CSharp.csproj" (target "ResolveAssemblyReferences" depends on it):
       Using "ResolvePackageFileConflicts" task from assembly "C:\Program Files\dotnet\sdk\6.0.400\Microsoft\Microsoft.NET.Build.Extensions\\tools\net6.0\Microsoft.NET.Build.Extensions.Tasks.dll".
       Task "ResolvePackageFileConflicts"
         Encountered conflict between 'Reference:System.IO.Compression' and 'Platform:System.IO.Compression.dll'. Choosing 'Reference:System.IO.Compression' because AssemblyVersion '4.1.3.0' is greater than '4.0.0.0'.
         Encountered conflict between 'Reference:System.Net.Http' and 'Platform:System.Net.Http.dll'. Choosing 'Reference:System.Net.Http' because AssemblyVersion '4.1.2.0' is greater than '4.0.0.0'.
         Encountered conflict between 'Reference:netstandard' and 'Platform:netstandard.dll'. Choosing 'Reference:netstandard' because AssemblyVersion '2.1.0.0' is greater than '2.0.0.0'.
         Encountered conflict between 'Reference:System.Reflection.Emit' and 'Platform:System.Reflection.Emit.dll'. Choosing 'Reference:System.Reflection.Emit' because AssemblyVersion '4.0.1.0' is greater than '4.0.0.0'.
         Encountered conflict between 'Reference:System.Reflection.Emit.ILGeneration' and 'Platform:System.Reflection.Emit.ILGeneration.dll'. Choosing 'Reference:System.Reflection.Emit.ILGeneration' because AssemblyVersion '4.0.1.0' is greater than '4.0.0.0'.
         Encountered conflict between 'Reference:System.Reflection.Emit.Lightweight' and 'Platform:System.Reflection.Emit.Lightweight.dll'. Choosing 'Reference:System.Reflection.Emit.Lightweight' because AssemblyVersion '4.0.1.0' is greater than '4.0.0.0'.
         Encountered conflict between 'Reference:mscorlib' and 'Platform:mscorlib.dll'. Could not determine a winner because 'Platform:mscorlib.dll' has no file version.
         Encountered conflict between 'Reference:System.ComponentModel.Composition' and 'Platform:System.ComponentModel.Composition.dll'. Could not determine a winner because 'Platform:System.ComponentModel.Composition.dll' has no file version.
         Encountered conflict between 'Reference:System.Core' and 'Platform:System.Core.dll'. Could not determine a winner because 'Platform:System.Core.dll' has no file version.
         Encountered conflict between 'Reference:System.Data' and 'Platform:System.Data.dll'. Could not determine a winner because 'Platform:System.Data.dll' has no file version.
         Encountered conflict between 'Reference:System.Diagnostics.Tracing' and 'Platform:System.Diagnostics.Tracing.dll'. Could not determine a winner because 'Platform:System.Diagnostics.Tracing.dll' has no file version.
         Encountered conflict between 'Reference:System' and 'Platform:System.dll'. Could not determine a winner because 'Platform:System.dll' has no file version.
         Encountered conflict between 'Reference:System.Drawing' and 'Platform:System.Drawing.dll'. Could not determine a winner because 'Platform:System.Drawing.dll' has no file version.
         Encountered conflict between 'Reference:System.IO.Compression.FileSystem' and 'Platform:System.IO.Compression.FileSystem.dll'. Could not determine a winner because 'Platform:System.IO.Compression.FileSystem.dll' has no file version.
         Encountered conflict between 'Reference:System.Net' and 'Platform:System.Net.dll'. Could not determine a winner because 'Platform:System.Net.dll' has no file version.
         Encountered conflict between 'Reference:System.Numerics' and 'Platform:System.Numerics.dll'. Could not determine a winner because 'Platform:System.Numerics.dll' has no file version.
         Encountered conflict between 'Reference:System.Runtime.Serialization' and 'Platform:System.Runtime.Serialization.dll'. Could not determine a winner because 'Platform:System.Runtime.Serialization.dll' has no file version.
         Encountered conflict between 'Reference:System.ServiceModel.Web' and 'Platform:System.ServiceModel.Web.dll'. Could not determine a winner because 'Platform:System.ServiceModel.Web.dll' has no file version.
         Encountered conflict between 'Reference:System.Transactions' and 'Platform:System.Transactions.dll'. Could not determine a winner because 'Platform:System.Transactions.dll' has no file version.
         Encountered conflict between 'Reference:System.Web' and 'Platform:System.Web.dll'. Could not determine a winner because 'Platform:System.Web.dll' has no file version.
         Encountered conflict between 'Reference:System.Windows' and 'Platform:System.Windows.dll'. Could not determine a winner because 'Platform:System.Windows.dll' has no file version.
         Encountered conflict between 'Reference:System.Xml' and 'Platform:System.Xml.dll'. Could not determine a winner because 'Platform:System.Xml.dll' has no file version.
         Encountered conflict between 'Reference:System.Xml.Linq' and 'Platform:System.Xml.Linq.dll'. Could not determine a winner because 'Platform:System.Xml.Linq.dll' has no file version.
         Encountered conflict between 'Reference:System.Xml.Serialization' and 'Platform:System.Xml.Serialization.dll'. Could not determine a winner because 'Platform:System.Xml.Serialization.dll' has no file version.
         Encountered conflict between 'Reference:Microsoft.Win32.Primitives' and 'Platform:Microsoft.Win32.Primitives.dll'. Could not determine a winner because 'Platform:Microsoft.Win32.Primitives.dll' has no file version.
         Encountered conflict between 'Reference:System.AppContext' and 'Platform:System.AppContext.dll'. Could not determine a winner because 'Platform:System.AppContext.dll' has no file version.
         Encountered conflict between 'Reference:System.Collections' and 'Platform:System.Collections.dll'. Could not determine a winner because 'Platform:System.Collections.dll' has no file version.
         Encountered conflict between 'Reference:System.Collections.Concurrent' and 'Platform:System.Collections.Concurrent.dll'. Could not determine a winner because 'Platform:System.Collections.Concurrent.dll' has no file version.
         Encountered conflict between 'Reference:System.Collections.NonGeneric' and 'Platform:System.Collections.NonGeneric.dll'. Could not determine a winner because 'Platform:System.Collections.NonGeneric.dll' has no file version.
         Encountered conflict between 'Reference:System.Collections.Specialized' and 'Platform:System.Collections.Specialized.dll'. Could not determine a winner because 'Platform:System.Collections.Specialized.dll' has no file version.
         Encountered conflict between 'Reference:System.ComponentModel' and 'Platform:System.ComponentModel.dll'. Could not determine a winner because 'Platform:System.ComponentModel.dll' has no file version.
         Encountered conflict between 'Reference:System.ComponentModel.EventBasedAsync' and 'Platform:System.ComponentModel.EventBasedAsync.dll'. Could not determine a winner because 'Platform:System.ComponentModel.EventBasedAsync.dll' has no file version.
         Encountered conflict between 'Reference:System.ComponentModel.Primitives' and 'Platform:System.ComponentModel.Primitives.dll'. Could not determine a winner because 'Platform:System.ComponentModel.Primitives.dll' has no file version.
         Encountered conflict between 'Reference:System.ComponentModel.TypeConverter' and 'Platform:System.ComponentModel.TypeConverter.dll'. Could not determine a winner because 'Platform:System.ComponentModel.TypeConverter.dll' has no file version.
         Encountered conflict between 'Reference:System.Console' and 'Platform:System.Console.dll'. Could not determine a winner because 'Platform:System.Console.dll' has no file version.
         Encountered conflict between 'Reference:System.Data.Common' and 'Platform:System.Data.Common.dll'. Could not determine a winner because 'Platform:System.Data.Common.dll' has no file version.
         Encountered conflict between 'Reference:System.Diagnostics.Contracts' and 'Platform:System.Diagnostics.Contracts.dll'. Could not determine a winner because 'Platform:System.Diagnostics.Contracts.dll' has no file version.
         Encountered conflict between 'Reference:System.Diagnostics.Debug' and 'Platform:System.Diagnostics.Debug.dll'. Could not determine a winner because 'Platform:System.Diagnostics.Debug.dll' has no file version.
         Encountered conflict between 'Reference:System.Diagnostics.FileVersionInfo' and 'Platform:System.Diagnostics.FileVersionInfo.dll'. Could not determine a winner because 'Platform:System.Diagnostics.FileVersionInfo.dll' has no file version.
         Encountered conflict between 'Reference:System.Diagnostics.Process' and 'Platform:System.Diagnostics.Process.dll'. Could not determine a winner because 'Platform:System.Diagnostics.Process.dll' has no file version.
         Encountered conflict between 'Reference:System.Diagnostics.StackTrace' and 'Platform:System.Diagnostics.StackTrace.dll'. Could not determine a winner because 'Platform:System.Diagnostics.StackTrace.dll' has no file version.
         Encountered conflict between 'Reference:System.Diagnostics.TextWriterTraceListener' and 'Platform:System.Diagnostics.TextWriterTraceListener.dll'. Could not determine a winner because 'Platform:System.Diagnostics.TextWriterTraceListener.dll' has no file version.
         Encountered conflict between 'Reference:System.Diagnostics.Tools' and 'Platform:System.Diagnostics.Tools.dll'. Could not determine a winner because 'Platform:System.Diagnostics.Tools.dll' has no file version.
         Encountered conflict between 'Reference:System.Diagnostics.TraceSource' and 'Platform:System.Diagnostics.TraceSource.dll'. Could not determine a winner because 'Platform:System.Diagnostics.TraceSource.dll' has no file version.
         Encountered conflict between 'Reference:System.Drawing.Primitives' and 'Platform:System.Drawing.Primitives.dll'. Could not determine a winner because 'Platform:System.Drawing.Primitives.dll' has no file version.
         Encountered conflict between 'Reference:System.Dynamic.Runtime' and 'Platform:System.Dynamic.Runtime.dll'. Could not determine a winner because 'Platform:System.Dynamic.Runtime.dll' has no file version.
         Encountered conflict between 'Reference:System.Globalization' and 'Platform:System.Globalization.dll'. Could not determine a winner because 'Platform:System.Globalization.dll' has no file version.
         Encountered conflict between 'Reference:System.Globalization.Calendars' and 'Platform:System.Globalization.Calendars.dll'. Could not determine a winner because 'Platform:System.Globalization.Calendars.dll' has no file version.
         Encountered conflict between 'Reference:System.Globalization.Extensions' and 'Platform:System.Globalization.Extensions.dll'. Could not determine a winner because 'Platform:System.Globalization.Extensions.dll' has no file version.
         Encountered conflict between 'Reference:System.IO' and 'Platform:System.IO.dll'. Could not determine a winner because 'Platform:System.IO.dll' has no file version.
         Encountered conflict between 'Reference:System.IO.Compression.ZipFile' and 'Platform:System.IO.Compression.ZipFile.dll'. Could not determine a winner because 'Platform:System.IO.Compression.ZipFile.dll' has no file version.
         Encountered conflict between 'Reference:System.IO.FileSystem' and 'Platform:System.IO.FileSystem.dll'. Could not determine a winner because 'Platform:System.IO.FileSystem.dll' has no file version.
         Encountered conflict between 'Reference:System.IO.FileSystem.DriveInfo' and 'Platform:System.IO.FileSystem.DriveInfo.dll'. Could not determine a winner because 'Platform:System.IO.FileSystem.DriveInfo.dll' has no file version.
         Encountered conflict between 'Reference:System.IO.FileSystem.Primitives' and 'Platform:System.IO.FileSystem.Primitives.dll'. Could not determine a winner because 'Platform:System.IO.FileSystem.Primitives.dll' has no file version.
         Encountered conflict between 'Reference:System.IO.FileSystem.Watcher' and 'Platform:System.IO.FileSystem.Watcher.dll'. Could not determine a winner because 'Platform:System.IO.FileSystem.Watcher.dll' has no file version.
         Encountered conflict between 'Reference:System.IO.IsolatedStorage' and 'Platform:System.IO.IsolatedStorage.dll'. Could not determine a winner because 'Platform:System.IO.IsolatedStorage.dll' has no file version.
         Encountered conflict between 'Reference:System.IO.MemoryMappedFiles' and 'Platform:System.IO.MemoryMappedFiles.dll'. Could not determine a winner because 'Platform:System.IO.MemoryMappedFiles.dll' has no file version.
         Encountered conflict between 'Reference:System.IO.Pipes' and 'Platform:System.IO.Pipes.dll'. Could not determine a winner because 'Platform:System.IO.Pipes.dll' has no file version.
         Encountered conflict between 'Reference:System.IO.UnmanagedMemoryStream' and 'Platform:System.IO.UnmanagedMemoryStream.dll'. Could not determine a winner because 'Platform:System.IO.UnmanagedMemoryStream.dll' has no file version.
         Encountered conflict between 'Reference:System.Linq' and 'Platform:System.Linq.dll'. Could not determine a winner because 'Platform:System.Linq.dll' has no file version.
         Encountered conflict between 'Reference:System.Linq.Expressions' and 'Platform:System.Linq.Expressions.dll'. Could not determine a winner because 'Platform:System.Linq.Expressions.dll' has no file version.
         Encountered conflict between 'Reference:System.Linq.Parallel' and 'Platform:System.Linq.Parallel.dll'. Could not determine a winner because 'Platform:System.Linq.Parallel.dll' has no file version.
         Encountered conflict between 'Reference:System.Linq.Queryable' and 'Platform:System.Linq.Queryable.dll'. Could not determine a winner because 'Platform:System.Linq.Queryable.dll' has no file version.
         Encountered conflict between 'Reference:System.Net.NameResolution' and 'Platform:System.Net.NameResolution.dll'. Could not determine a winner because 'Platform:System.Net.NameResolution.dll' has no file version.
         Encountered conflict between 'Reference:System.Net.NetworkInformation' and 'Platform:System.Net.NetworkInformation.dll'. Could not determine a winner because 'Platform:System.Net.NetworkInformation.dll' has no file version.
         Encountered conflict between 'Reference:System.Net.Ping' and 'Platform:System.Net.Ping.dll'. Could not determine a winner because 'Platform:System.Net.Ping.dll' has no file version.
         Encountered conflict between 'Reference:System.Net.Primitives' and 'Platform:System.Net.Primitives.dll'. Could not determine a winner because 'Platform:System.Net.Primitives.dll' has no file version.
         Encountered conflict between 'Reference:System.Net.Requests' and 'Platform:System.Net.Requests.dll'. Could not determine a winner because 'Platform:System.Net.Requests.dll' has no file version.
         Encountered conflict between 'Reference:System.Net.Security' and 'Platform:System.Net.Security.dll'. Could not determine a winner because 'Platform:System.Net.Security.dll' has no file version.
         Encountered conflict between 'Reference:System.Net.Sockets' and 'Platform:System.Net.Sockets.dll'. Could not determine a winner because 'Platform:System.Net.Sockets.dll' has no file version.
         Encountered conflict between 'Reference:System.Net.WebHeaderCollection' and 'Platform:System.Net.WebHeaderCollection.dll'. Could not determine a winner because 'Platform:System.Net.WebHeaderCollection.dll' has no file version.
         Encountered conflict between 'Reference:System.Net.WebSockets' and 'Platform:System.Net.WebSockets.dll'. Could not determine a winner because 'Platform:System.Net.WebSockets.dll' has no file version.
         Encountered conflict between 'Reference:System.Net.WebSockets.Client' and 'Platform:System.Net.WebSockets.Client.dll'. Could not determine a winner because 'Platform:System.Net.WebSockets.Client.dll' has no file version.
         Encountered conflict between 'Reference:System.ObjectModel' and 'Platform:System.ObjectModel.dll'. Could not determine a winner because 'Platform:System.ObjectModel.dll' has no file version.
         Encountered conflict between 'Reference:System.Reflection' and 'Platform:System.Reflection.dll'. Could not determine a winner because 'Platform:System.Reflection.dll' has no file version.
         Encountered conflict between 'Reference:System.Reflection.Extensions' and 'Platform:System.Reflection.Extensions.dll'. Could not determine a winner because 'Platform:System.Reflection.Extensions.dll' has no file version.
         Encountered conflict between 'Reference:System.Reflection.Primitives' and 'Platform:System.Reflection.Primitives.dll'. Could not determine a winner because 'Platform:System.Reflection.Primitives.dll' has no file version.
         Encountered conflict between 'Reference:System.Resources.Reader' and 'Platform:System.Resources.Reader.dll'. Could not determine a winner because 'Platform:System.Resources.Reader.dll' has no file version.
         Encountered conflict between 'Reference:System.Resources.ResourceManager' and 'Platform:System.Resources.ResourceManager.dll'. Could not determine a winner because 'Platform:System.Resources.ResourceManager.dll' has no file version.
         Encountered conflict between 'Reference:System.Resources.Writer' and 'Platform:System.Resources.Writer.dll'. Could not determine a winner because 'Platform:System.Resources.Writer.dll' has no file version.
         Encountered conflict between 'Reference:System.Runtime' and 'Platform:System.Runtime.dll'. Could not determine a winner because 'Platform:System.Runtime.dll' has no file version.
         Encountered conflict between 'Reference:System.Runtime.CompilerServices.VisualC' and 'Platform:System.Runtime.CompilerServices.VisualC.dll'. Could not determine a winner because 'Platform:System.Runtime.CompilerServices.VisualC.dll' has no file version.
         Encountered conflict between 'Reference:System.Runtime.Extensions' and 'Platform:System.Runtime.Extensions.dll'. Could not determine a winner because 'Platform:System.Runtime.Extensions.dll' has no file version.
         Encountered conflict between 'Reference:System.Runtime.Handles' and 'Platform:System.Runtime.Handles.dll'. Could not determine a winner because 'Platform:System.Runtime.Handles.dll' has no file version.
         Encountered conflict between 'Reference:System.Runtime.InteropServices' and 'Platform:System.Runtime.InteropServices.dll'. Could not determine a winner because 'Platform:System.Runtime.InteropServices.dll' has no file version.
         Encountered conflict between 'Reference:System.Runtime.InteropServices.RuntimeInformation' and 'Platform:System.Runtime.InteropServices.RuntimeInformation.dll'. Could not determine a winner because 'Platform:System.Runtime.InteropServices.RuntimeInformation.dll' has no file version.
         Encountered conflict between 'Reference:System.Runtime.InteropServices.WindowsRuntime' and 'Platform:System.Runtime.InteropServices.WindowsRuntime.dll'. Could not determine a winner because 'Platform:System.Runtime.InteropServices.WindowsRuntime.dll' has no file version.
         Encountered conflict between 'Reference:System.Runtime.Numerics' and 'Platform:System.Runtime.Numerics.dll'. Could not determine a winner because 'Platform:System.Runtime.Numerics.dll' has no file version.
         Encountered conflict between 'Reference:System.Runtime.Serialization.Formatters' and 'Platform:System.Runtime.Serialization.Formatters.dll'. Could not determine a winner because 'Platform:System.Runtime.Serialization.Formatters.dll' has no file version.
         Encountered conflict between 'Reference:System.Runtime.Serialization.Json' and 'Platform:System.Runtime.Serialization.Json.dll'. Could not determine a winner because 'Platform:System.Runtime.Serialization.Json.dll' has no file version.
         Encountered conflict between 'Reference:System.Runtime.Serialization.Primitives' and 'Platform:System.Runtime.Serialization.Primitives.dll'. Could not determine a winner because 'Platform:System.Runtime.Serialization.Primitives.dll' has no file version.
         Encountered conflict between 'Reference:System.Runtime.Serialization.Xml' and 'Platform:System.Runtime.Serialization.Xml.dll'. Could not determine a winner because 'Platform:System.Runtime.Serialization.Xml.dll' has no file version.
         Encountered conflict between 'Reference:System.Security.Claims' and 'Platform:System.Security.Claims.dll'. Could not determine a winner because 'Platform:System.Security.Claims.dll' has no file version.
         Encountered conflict between 'Reference:System.Security.Cryptography.Algorithms' and 'Platform:System.Security.Cryptography.Algorithms.dll'. Could not determine a winner because 'Platform:System.Security.Cryptography.Algorithms.dll' has no file version.
         Encountered conflict between 'Reference:System.Security.Cryptography.Csp' and 'Platform:System.Security.Cryptography.Csp.dll'. Could not determine a winner because 'Platform:System.Security.Cryptography.Csp.dll' has no file version.
         Encountered conflict between 'Reference:System.Security.Cryptography.Encoding' and 'Platform:System.Security.Cryptography.Encoding.dll'. Could not determine a winner because 'Platform:System.Security.Cryptography.Encoding.dll' has no file version.
         Encountered conflict between 'Reference:System.Security.Cryptography.Primitives' and 'Platform:System.Security.Cryptography.Primitives.dll'. Could not determine a winner because 'Platform:System.Security.Cryptography.Primitives.dll' has no file version.
         Encountered conflict between 'Reference:System.Security.Cryptography.X509Certificates' and 'Platform:System.Security.Cryptography.X509Certificates.dll'. Could not determine a winner because 'Platform:System.Security.Cryptography.X509Certificates.dll' has no file version.
         Encountered conflict between 'Reference:System.Security.Principal' and 'Platform:System.Security.Principal.dll'. Could not determine a winner because 'Platform:System.Security.Principal.dll' has no file version.
         Encountered conflict between 'Reference:System.Security.SecureString' and 'Platform:System.Security.SecureString.dll'. Could not determine a winner because 'Platform:System.Security.SecureString.dll' has no file version.
         Encountered conflict between 'Reference:System.Text.Encoding' and 'Platform:System.Text.Encoding.dll'. Could not determine a winner because 'Platform:System.Text.Encoding.dll' has no file version.
         Encountered conflict between 'Reference:System.Text.Encoding.Extensions' and 'Platform:System.Text.Encoding.Extensions.dll'. Could not determine a winner because 'Platform:System.Text.Encoding.Extensions.dll' has no file version.
         Encountered conflict between 'Reference:System.Text.RegularExpressions' and 'Platform:System.Text.RegularExpressions.dll'. Could not determine a winner because 'Platform:System.Text.RegularExpressions.dll' has no file version.
         Encountered conflict between 'Reference:System.Threading' and 'Platform:System.Threading.dll'. Could not determine a winner because 'Platform:System.Threading.dll' has no file version.
         Encountered conflict between 'Reference:System.Threading.Overlapped' and 'Platform:System.Threading.Overlapped.dll'. Could not determine a winner because 'Platform:System.Threading.Overlapped.dll' has no file version.
         Encountered conflict between 'Reference:System.Threading.Tasks' and 'Platform:System.Threading.Tasks.dll'. Could not determine a winner because 'Platform:System.Threading.Tasks.dll' has no file version.
         Encountered conflict between 'Reference:System.Threading.Tasks.Parallel' and 'Platform:System.Threading.Tasks.Parallel.dll'. Could not determine a winner because 'Platform:System.Threading.Tasks.Parallel.dll' has no file version.
         Encountered conflict between 'Reference:System.Threading.Thread' and 'Platform:System.Threading.Thread.dll'. Could not determine a winner because 'Platform:System.Threading.Thread.dll' has no file version.
         Encountered conflict between 'Reference:System.Threading.ThreadPool' and 'Platform:System.Threading.ThreadPool.dll'. Could not determine a winner because 'Platform:System.Threading.ThreadPool.dll' has no file version.
         Encountered conflict between 'Reference:System.Threading.Timer' and 'Platform:System.Threading.Timer.dll'. Could not determine a winner because 'Platform:System.Threading.Timer.dll' has no file version.
         Encountered conflict between 'Reference:System.ValueTuple' and 'Platform:System.ValueTuple.dll'. Could not determine a winner because 'Platform:System.ValueTuple.dll' has no file version.
         Encountered conflict between 'Reference:System.Xml.ReaderWriter' and 'Platform:System.Xml.ReaderWriter.dll'. Could not determine a winner because 'Platform:System.Xml.ReaderWriter.dll' has no file version.
         Encountered conflict between 'Reference:System.Xml.XDocument' and 'Platform:System.Xml.XDocument.dll'. Could not determine a winner because 'Platform:System.Xml.XDocument.dll' has no file version.
         Encountered conflict between 'Reference:System.Xml.XmlDocument' and 'Platform:System.Xml.XmlDocument.dll'. Could not determine a winner because 'Platform:System.Xml.XmlDocument.dll' has no file version.
         Encountered conflict between 'Reference:System.Xml.XmlSerializer' and 'Platform:System.Xml.XmlSerializer.dll'. Could not determine a winner because 'Platform:System.Xml.XmlSerializer.dll' has no file version.
         Encountered conflict between 'Reference:System.Xml.XPath' and 'Platform:System.Xml.XPath.dll'. Could not determine a winner because 'Platform:System.Xml.XPath.dll' has no file version.
         Encountered conflict between 'Reference:System.Xml.XPath.XDocument' and 'Platform:System.Xml.XPath.XDocument.dll'. Could not determine a winner because 'Platform:System.Xml.XPath.XDocument.dll' has no file version.
       Done executing task "ResolvePackageFileConflicts".
   1:7>Done building target "_HandlePackageFileConflicts" in project "Assembly-CSharp.csproj".
   1:7>Target "ResolveAssemblyReferences" in file "C:\Program Files\dotnet\sdk\6.0.400\Microsoft.Common.CurrentVersion.targets" from project "C:\Users\germa\Desktop\Kavkazim\kavkazim\Assembly-CSharp.csproj" (target "ResolveReferences" depends on it):
       Using "ResolveAssemblyReference" task from assembly "Microsoft.Build.Tasks.Core, Version=15.1.0.0, Culture=neutral, PublicKeyToken=b03f5f7f11d50a3a".
       Task "ResolveAssemblyReference"
         TargetFrameworkMoniker:
             .NETFramework,Version=v4.7.1
         TargetFrameworkMonikerDisplayName:
             .NET Framework 4.7.1
         TargetedRuntimeVersion:
             v
         Assemblies:
             UnityEngine
                 Private = 'False'
                 HintPath = 'C:\Program Files\Unity\Hub\Editor\6000.2.0f1\Editor\Data\Managed\UnityEngine\UnityEngine.dll'
             UnityEngine.AIModule
                 Private = 'False'
                 HintPath = 'C:\Program Files\Unity\Hub\Editor\6000.2.0f1\Editor\Data\Managed\UnityEngine\UnityEngine.AIModule.dll'
             UnityEngine.ARModule
                 Private = 'False'
                 HintPath = 'C:\Program Files\Unity\Hub\Editor\6000.2.0f1\Editor\Data\Managed\UnityEngine\UnityEngine.ARModule.dll'
             UnityEngine.AccessibilityModule
                 Private = 'False'
                 HintPath = 'C:\Program Files\Unity\Hub\Editor\6000.2.0f1\Editor\Data\Managed\UnityEngine\UnityEngine.AccessibilityModule.dll'
             UnityEngine.AndroidJNIModule
                 Private = 'False'
                 HintPath = 'C:\Program Files\Unity\Hub\Editor\6000.2.0f1\Editor\Data\Managed\UnityEngine\UnityEngine.AndroidJNIModule.dll'
             UnityEngine.AnimationModule
                 Private = 'False'
                 HintPath = 'C:\Program Files\Unity\Hub\Editor\6000.2.0f1\Editor\Data\Managed\UnityEngine\UnityEngine.AnimationModule.dll'
             UnityEngine.AssetBundleModule
                 Private = 'False'
                 HintPath = 'C:\Program Files\Unity\Hub\Editor\6000.2.0f1\Editor\Data\Managed\UnityEngine\UnityEngine.AssetBundleModule.dll'
             UnityEngine.AudioModule
                 Private = 'False'
                 HintPath = 'C:\Program Files\Unity\Hub\Editor\6000.2.0f1\Editor\Data\Managed\UnityEngine\UnityEngine.AudioModule.dll'
             UnityEngine.ClothModule
                 Private = 'False'
                 HintPath = 'C:\Program Files\Unity\Hub\Editor\6000.2.0f1\Editor\Data\Managed\UnityEngine\UnityEngine.ClothModule.dll'
             UnityEngine.ClusterInputModule
                 Private = 'False'
                 HintPath = 'C:\Program Files\Unity\Hub\Editor\6000.2.0f1\Editor\Data\Managed\UnityEngine\UnityEngine.ClusterInputModule.dll'
             UnityEngine.ClusterRendererModule
                 Private = 'False'
                 HintPath = 'C:\Program Files\Unity\Hub\Editor\6000.2.0f1\Editor\Data\Managed\UnityEngine\UnityEngine.ClusterRendererModule.dll'
             UnityEngine.ContentLoadModule
                 Private = 'False'
                 HintPath = 'C:\Program Files\Unity\Hub\Editor\6000.2.0f1\Editor\Data\Managed\UnityEngine\UnityEngine.ContentLoadModule.dll'
             UnityEngine.CoreModule
                 Private = 'False'
                 HintPath = 'C:\Program Files\Unity\Hub\Editor\6000.2.0f1\Editor\Data\Managed\UnityEngine\UnityEngine.CoreModule.dll'
             UnityEngine.CrashReportingModule
                 Private = 'False'
                 HintPath = 'C:\Program Files\Unity\Hub\Editor\6000.2.0f1\Editor\Data\Managed\UnityEngine\UnityEngine.CrashReportingModule.dll'
             UnityEngine.DSPGraphModule
                 Private = 'False'
                 HintPath = 'C:\Program Files\Unity\Hub\Editor\6000.2.0f1\Editor\Data\Managed\UnityEngine\UnityEngine.DSPGraphModule.dll'
             UnityEngine.DirectorModule
                 Private = 'False'
                 HintPath = 'C:\Program Files\Unity\Hub\Editor\6000.2.0f1\Editor\Data\Managed\UnityEngine\UnityEngine.DirectorModule.dll'
             UnityEngine.GIModule
                 Private = 'False'
                 HintPath = 'C:\Program Files\Unity\Hub\Editor\6000.2.0f1\Editor\Data\Managed\UnityEngine\UnityEngine.GIModule.dll'
             UnityEngine.GameCenterModule
                 Private = 'False'
                 HintPath = 'C:\Program Files\Unity\Hub\Editor\6000.2.0f1\Editor\Data\Managed\UnityEngine\UnityEngine.GameCenterModule.dll'
             UnityEngine.GraphicsStateCollectionSerializerModule
                 Private = 'False'
                 HintPath = 'C:\Program Files\Unity\Hub\Editor\6000.2.0f1\Editor\Data\Managed\UnityEngine\UnityEngine.GraphicsStateCollectionSerializerModule.dll'
             UnityEngine.GridModule
                 Private = 'False'
                 HintPath = 'C:\Program Files\Unity\Hub\Editor\6000.2.0f1\Editor\Data\Managed\UnityEngine\UnityEngine.GridModule.dll'
             UnityEngine.HierarchyCoreModule
                 Private = 'False'
                 HintPath = 'C:\Program Files\Unity\Hub\Editor\6000.2.0f1\Editor\Data\Managed\UnityEngine\UnityEngine.HierarchyCoreModule.dll'
             UnityEngine.HotReloadModule
                 Private = 'False'
                 HintPath = 'C:\Program Files\Unity\Hub\Editor\6000.2.0f1\Editor\Data\Managed\UnityEngine\UnityEngine.HotReloadModule.dll'
             UnityEngine.IMGUIModule
                 Private = 'False'
                 HintPath = 'C:\Program Files\Unity\Hub\Editor\6000.2.0f1\Editor\Data\Managed\UnityEngine\UnityEngine.IMGUIModule.dll'
             UnityEngine.IdentifiersModule
                 Private = 'False'
                 HintPath = 'C:\Program Files\Unity\Hub\Editor\6000.2.0f1\Editor\Data\Managed\UnityEngine\UnityEngine.IdentifiersModule.dll'
             UnityEngine.ImageConversionModule
                 Private = 'False'
                 HintPath = 'C:\Program Files\Unity\Hub\Editor\6000.2.0f1\Editor\Data\Managed\UnityEngine\UnityEngine.ImageConversionModule.dll'
             UnityEngine.InputModule
                 Private = 'False'
                 HintPath = 'C:\Program Files\Unity\Hub\Editor\6000.2.0f1\Editor\Data\Managed\UnityEngine\UnityEngine.InputModule.dll'
             UnityEngine.InputForUIModule
                 Private = 'False'
                 HintPath = 'C:\Program Files\Unity\Hub\Editor\6000.2.0f1\Editor\Data\Managed\UnityEngine\UnityEngine.InputForUIModule.dll'
             UnityEngine.InputLegacyModule
                 Private = 'False'
                 HintPath = 'C:\Program Files\Unity\Hub\Editor\6000.2.0f1\Editor\Data\Managed\UnityEngine\UnityEngine.InputLegacyModule.dll'
             UnityEngine.InsightsModule
                 Private = 'False'
                 HintPath = 'C:\Program Files\Unity\Hub\Editor\6000.2.0f1\Editor\Data\Managed\UnityEngine\UnityEngine.InsightsModule.dll'
             UnityEngine.JSONSerializeModule
                 Private = 'False'
                 HintPath = 'C:\Program Files\Unity\Hub\Editor\6000.2.0f1\Editor\Data\Managed\UnityEngine\UnityEngine.JSONSerializeModule.dll'
             UnityEngine.LocalizationModule
                 Private = 'False'
                 HintPath = 'C:\Program Files\Unity\Hub\Editor\6000.2.0f1\Editor\Data\Managed\UnityEngine\UnityEngine.LocalizationModule.dll'
             UnityEngine.MarshallingModule
                 Private = 'False'
                 HintPath = 'C:\Program Files\Unity\Hub\Editor\6000.2.0f1\Editor\Data\Managed\UnityEngine\UnityEngine.MarshallingModule.dll'
             UnityEngine.MultiplayerModule
                 Private = 'False'
                 HintPath = 'C:\Program Files\Unity\Hub\Editor\6000.2.0f1\Editor\Data\Managed\UnityEngine\UnityEngine.MultiplayerModule.dll'
             UnityEngine.ParticleSystemModule
                 Private = 'False'
                 HintPath = 'C:\Program Files\Unity\Hub\Editor\6000.2.0f1\Editor\Data\Managed\UnityEngine\UnityEngine.ParticleSystemModule.dll'
             UnityEngine.PerformanceReportingModule
                 Private = 'False'
                 HintPath = 'C:\Program Files\Unity\Hub\Editor\6000.2.0f1\Editor\Data\Managed\UnityEngine\UnityEngine.PerformanceReportingModule.dll'
             UnityEngine.PhysicsModule
                 Private = 'False'
                 HintPath = 'C:\Program Files\Unity\Hub\Editor\6000.2.0f1\Editor\Data\Managed\UnityEngine\UnityEngine.PhysicsModule.dll'
             UnityEngine.Physics2DModule
                 Private = 'False'
                 HintPath = 'C:\Program Files\Unity\Hub\Editor\6000.2.0f1\Editor\Data\Managed\UnityEngine\UnityEngine.Physics2DModule.dll'
             UnityEngine.PropertiesModule
                 Private = 'False'
                 HintPath = 'C:\Program Files\Unity\Hub\Editor\6000.2.0f1\Editor\Data\Managed\UnityEngine\UnityEngine.PropertiesModule.dll'
             UnityEngine.RuntimeInitializeOnLoadManagerInitializerModule
                 Private = 'False'
                 HintPath = 'C:\Program Files\Unity\Hub\Editor\6000.2.0f1\Editor\Data\Managed\UnityEngine\UnityEngine.RuntimeInitializeOnLoadManagerInitializerModule.dll'
             UnityEngine.ScreenCaptureModule
                 Private = 'False'
                 HintPath = 'C:\Program Files\Unity\Hub\Editor\6000.2.0f1\Editor\Data\Managed\UnityEngine\UnityEngine.ScreenCaptureModule.dll'
             UnityEngine.ShaderVariantAnalyticsModule
                 Private = 'False'
                 HintPath = 'C:\Program Files\Unity\Hub\Editor\6000.2.0f1\Editor\Data\Managed\UnityEngine\UnityEngine.ShaderVariantAnalyticsModule.dll'
             UnityEngine.SharedInternalsModule
                 Private = 'False'
                 HintPath = 'C:\Program Files\Unity\Hub\Editor\6000.2.0f1\Editor\Data\Managed\UnityEngine\UnityEngine.SharedInternalsModule.dll'
             UnityEngine.SpriteMaskModule
                 Private = 'False'
                 HintPath = 'C:\Program Files\Unity\Hub\Editor\6000.2.0f1\Editor\Data\Managed\UnityEngine\UnityEngine.SpriteMaskModule.dll'
             UnityEngine.SpriteShapeModule
                 Private = 'False'
                 HintPath = 'C:\Program Files\Unity\Hub\Editor\6000.2.0f1\Editor\Data\Managed\UnityEngine\UnityEngine.SpriteShapeModule.dll'
             UnityEngine.StreamingModule
                 Private = 'False'
                 HintPath = 'C:\Program Files\Unity\Hub\Editor\6000.2.0f1\Editor\Data\Managed\UnityEngine\UnityEngine.StreamingModule.dll'
             UnityEngine.SubstanceModule
                 Private = 'False'
                 HintPath = 'C:\Program Files\Unity\Hub\Editor\6000.2.0f1\Editor\Data\Managed\UnityEngine\UnityEngine.SubstanceModule.dll'
             UnityEngine.SubsystemsModule
                 Private = 'False'
                 HintPath = 'C:\Program Files\Unity\Hub\Editor\6000.2.0f1\Editor\Data\Managed\UnityEngine\UnityEngine.SubsystemsModule.dll'
             UnityEngine.TLSModule
                 Private = 'False'
                 HintPath = 'C:\Program Files\Unity\Hub\Editor\6000.2.0f1\Editor\Data\Managed\UnityEngine\UnityEngine.TLSModule.dll'
             UnityEngine.TerrainModule
                 Private = 'False'
                 HintPath = 'C:\Program Files\Unity\Hub\Editor\6000.2.0f1\Editor\Data\Managed\UnityEngine\UnityEngine.TerrainModule.dll'
             UnityEngine.TerrainPhysicsModule
                 Private = 'False'
                 HintPath = 'C:\Program Files\Unity\Hub\Editor\6000.2.0f1\Editor\Data\Managed\UnityEngine\UnityEngine.TerrainPhysicsModule.dll'
             UnityEngine.TextCoreFontEngineModule
                 Private = 'False'
                 HintPath = 'C:\Program Files\Unity\Hub\Editor\6000.2.0f1\Editor\Data\Managed\UnityEngine\UnityEngine.TextCoreFontEngineModule.dll'
             UnityEngine.TextCoreTextEngineModule
                 Private = 'False'
                 HintPath = 'C:\Program Files\Unity\Hub\Editor\6000.2.0f1\Editor\Data\Managed\UnityEngine\UnityEngine.TextCoreTextEngineModule.dll'
             UnityEngine.TextRenderingModule
                 Private = 'False'
                 HintPath = 'C:\Program Files\Unity\Hub\Editor\6000.2.0f1\Editor\Data\Managed\UnityEngine\UnityEngine.TextRenderingModule.dll'
             UnityEngine.TilemapModule
                 Private = 'False'
                 HintPath = 'C:\Program Files\Unity\Hub\Editor\6000.2.0f1\Editor\Data\Managed\UnityEngine\UnityEngine.TilemapModule.dll'
             UnityEngine.UIModule
                 Private = 'False'
                 HintPath = 'C:\Program Files\Unity\Hub\Editor\6000.2.0f1\Editor\Data\Managed\UnityEngine\UnityEngine.UIModule.dll'
             UnityEngine.UIElementsModule
                 Private = 'False'
                 HintPath = 'C:\Program Files\Unity\Hub\Editor\6000.2.0f1\Editor\Data\Managed\UnityEngine\UnityEngine.UIElementsModule.dll'
             UnityEngine.UmbraModule
                 Private = 'False'
                 HintPath = 'C:\Program Files\Unity\Hub\Editor\6000.2.0f1\Editor\Data\Managed\UnityEngine\UnityEngine.UmbraModule.dll'
             UnityEngine.UnityAnalyticsModule
                 Private = 'False'
                 HintPath = 'C:\Program Files\Unity\Hub\Editor\6000.2.0f1\Editor\Data\Managed\UnityEngine\UnityEngine.UnityAnalyticsModule.dll'
             UnityEngine.UnityAnalyticsCommonModule
                 Private = 'False'
                 HintPath = 'C:\Program Files\Unity\Hub\Editor\6000.2.0f1\Editor\Data\Managed\UnityEngine\UnityEngine.UnityAnalyticsCommonModule.dll'
             UnityEngine.UnityConnectModule
                 Private = 'False'
                 HintPath = 'C:\Program Files\Unity\Hub\Editor\6000.2.0f1\Editor\Data\Managed\UnityEngine\UnityEngine.UnityConnectModule.dll'
             UnityEngine.UnityConsentModule
                 Private = 'False'
                 HintPath = 'C:\Program Files\Unity\Hub\Editor\6000.2.0f1\Editor\Data\Managed\UnityEngine\UnityEngine.UnityConsentModule.dll'
             UnityEngine.UnityCurlModule
                 Private = 'False'
                 HintPath = 'C:\Program Files\Unity\Hub\Editor\6000.2.0f1\Editor\Data\Managed\UnityEngine\UnityEngine.UnityCurlModule.dll'
             UnityEngine.UnityTestProtocolModule
                 Private = 'False'
                 HintPath = 'C:\Program Files\Unity\Hub\Editor\6000.2.0f1\Editor\Data\Managed\UnityEngine\UnityEngine.UnityTestProtocolModule.dll'
             UnityEngine.UnityWebRequestModule
                 Private = 'False'
                 HintPath = 'C:\Program Files\Unity\Hub\Editor\6000.2.0f1\Editor\Data\Managed\UnityEngine\UnityEngine.UnityWebRequestModule.dll'
             UnityEngine.UnityWebRequestAssetBundleModule
                 Private = 'False'
                 HintPath = 'C:\Program Files\Unity\Hub\Editor\6000.2.0f1\Editor\Data\Managed\UnityEngine\UnityEngine.UnityWebRequestAssetBundleModule.dll'
             UnityEngine.UnityWebRequestAudioModule
                 Private = 'False'
                 HintPath = 'C:\Program Files\Unity\Hub\Editor\6000.2.0f1\Editor\Data\Managed\UnityEngine\UnityEngine.UnityWebRequestAudioModule.dll'
             UnityEngine.UnityWebRequestTextureModule
                 Private = 'False'
                 HintPath = 'C:\Program Files\Unity\Hub\Editor\6000.2.0f1\Editor\Data\Managed\UnityEngine\UnityEngine.UnityWebRequestTextureModule.dll'
             UnityEngine.UnityWebRequestWWWModule
                 Private = 'False'
                 HintPath = 'C:\Program Files\Unity\Hub\Editor\6000.2.0f1\Editor\Data\Managed\UnityEngine\UnityEngine.UnityWebRequestWWWModule.dll'
             UnityEngine.VFXModule
                 Private = 'False'
                 HintPath = 'C:\Program Files\Unity\Hub\Editor\6000.2.0f1\Editor\Data\Managed\UnityEngine\UnityEngine.VFXModule.dll'
             UnityEngine.VRModule
                 Private = 'False'
                 HintPath = 'C:\Program Files\Unity\Hub\Editor\6000.2.0f1\Editor\Data\Managed\UnityEngine\UnityEngine.VRModule.dll'
             UnityEngine.VehiclesModule
                 Private = 'False'
                 HintPath = 'C:\Program Files\Unity\Hub\Editor\6000.2.0f1\Editor\Data\Managed\UnityEngine\UnityEngine.VehiclesModule.dll'
             UnityEngine.VideoModule
                 Private = 'False'
                 HintPath = 'C:\Program Files\Unity\Hub\Editor\6000.2.0f1\Editor\Data\Managed\UnityEngine\UnityEngine.VideoModule.dll'
             UnityEngine.VirtualTexturingModule
                 Private = 'False'
                 HintPath = 'C:\Program Files\Unity\Hub\Editor\6000.2.0f1\Editor\Data\Managed\UnityEngine\UnityEngine.VirtualTexturingModule.dll'
             UnityEngine.WindModule
                 Private = 'False'
                 HintPath = 'C:\Program Files\Unity\Hub\Editor\6000.2.0f1\Editor\Data\Managed\UnityEngine\UnityEngine.WindModule.dll'
             UnityEngine.XRModule
                 Private = 'False'
                 HintPath = 'C:\Program Files\Unity\Hub\Editor\6000.2.0f1\Editor\Data\Managed\UnityEngine\UnityEngine.XRModule.dll'
             UnityEditor
                 Private = 'False'
                 HintPath = 'C:\Program Files\Unity\Hub\Editor\6000.2.0f1\Editor\Data\Managed\UnityEngine\UnityEditor.dll'
             UnityEditor.AccessibilityModule
                 Private = 'False'
                 HintPath = 'C:\Program Files\Unity\Hub\Editor\6000.2.0f1\Editor\Data\Managed\UnityEngine\UnityEditor.AccessibilityModule.dll'
             UnityEditor.AdaptivePerformanceModule
                 Private = 'False'
                 HintPath = 'C:\Program Files\Unity\Hub\Editor\6000.2.0f1\Editor\Data\Managed\UnityEngine\UnityEditor.AdaptivePerformanceModule.dll'
             UnityEditor.BuildProfileModule
                 Private = 'False'
                 HintPath = 'C:\Program Files\Unity\Hub\Editor\6000.2.0f1\Editor\Data\Managed\UnityEngine\UnityEditor.BuildProfileModule.dll'
             UnityEditor.ClothModule
                 Private = 'False'
                 HintPath = 'C:\Program Files\Unity\Hub\Editor\6000.2.0f1\Editor\Data\Managed\UnityEngine\UnityEditor.ClothModule.dll'
             UnityEditor.CoreBusinessMetricsModule
                 Private = 'False'
                 HintPath = 'C:\Program Files\Unity\Hub\Editor\6000.2.0f1\Editor\Data\Managed\UnityEngine\UnityEditor.CoreBusinessMetricsModule.dll'
             UnityEditor.CoreModule
                 Private = 'False'
                 HintPath = 'C:\Program Files\Unity\Hub\Editor\6000.2.0f1\Editor\Data\Managed\UnityEngine\UnityEditor.CoreModule.dll'
             UnityEditor.DeviceSimulatorModule
                 Private = 'False'
                 HintPath = 'C:\Program Files\Unity\Hub\Editor\6000.2.0f1\Editor\Data\Managed\UnityEngine\UnityEditor.DeviceSimulatorModule.dll'
             UnityEditor.DiagnosticsModule
                 Private = 'False'
                 HintPath = 'C:\Program Files\Unity\Hub\Editor\6000.2.0f1\Editor\Data\Managed\UnityEngine\UnityEditor.DiagnosticsModule.dll'
             UnityEditor.EditorToolbarModule
                 Private = 'False'
                 HintPath = 'C:\Program Files\Unity\Hub\Editor\6000.2.0f1\Editor\Data\Managed\UnityEngine\UnityEditor.EditorToolbarModule.dll'
             UnityEditor.EmbreeModule
                 Private = 'False'
                 HintPath = 'C:\Program Files\Unity\Hub\Editor\6000.2.0f1\Editor\Data\Managed\UnityEngine\UnityEditor.EmbreeModule.dll'
             UnityEditor.GIModule
                 Private = 'False'
                 HintPath = 'C:\Program Files\Unity\Hub\Editor\6000.2.0f1\Editor\Data\Managed\UnityEngine\UnityEditor.GIModule.dll'
             UnityEditor.GraphViewModule
                 Private = 'False'
                 HintPath = 'C:\Program Files\Unity\Hub\Editor\6000.2.0f1\Editor\Data\Managed\UnityEngine\UnityEditor.GraphViewModule.dll'
             UnityEditor.GraphicsStateCollectionSerializerModule
                 Private = 'False'
                 HintPath = 'C:\Program Files\Unity\Hub\Editor\6000.2.0f1\Editor\Data\Managed\UnityEngine\UnityEditor.GraphicsStateCollectionSerializerModule.dll'
             UnityEditor.GridAndSnapModule
                 Private = 'False'
                 HintPath = 'C:\Program Files\Unity\Hub\Editor\6000.2.0f1\Editor\Data\Managed\UnityEngine\UnityEditor.GridAndSnapModule.dll'
             UnityEditor.GridModule
                 Private = 'False'
                 HintPath = 'C:\Program Files\Unity\Hub\Editor\6000.2.0f1\Editor\Data\Managed\UnityEngine\UnityEditor.GridModule.dll'
             UnityEditor.MultiplayerModule
                 Private = 'False'
                 HintPath = 'C:\Program Files\Unity\Hub\Editor\6000.2.0f1\Editor\Data\Managed\UnityEngine\UnityEditor.MultiplayerModule.dll'
             UnityEditor.Physics2DModule
                 Private = 'False'
                 HintPath = 'C:\Program Files\Unity\Hub\Editor\6000.2.0f1\Editor\Data\Managed\UnityEngine\UnityEditor.Physics2DModule.dll'
             UnityEditor.PhysicsModule
                 Private = 'False'
                 HintPath = 'C:\Program Files\Unity\Hub\Editor\6000.2.0f1\Editor\Data\Managed\UnityEngine\UnityEditor.PhysicsModule.dll'
             UnityEditor.PresetsUIModule
                 Private = 'False'
                 HintPath = 'C:\Program Files\Unity\Hub\Editor\6000.2.0f1\Editor\Data\Managed\UnityEngine\UnityEditor.PresetsUIModule.dll'
             UnityEditor.PropertiesModule
                 Private = 'False'
                 HintPath = 'C:\Program Files\Unity\Hub\Editor\6000.2.0f1\Editor\Data\Managed\UnityEngine\UnityEditor.PropertiesModule.dll'
             UnityEditor.QuickSearchModule
                 Private = 'False'
                 HintPath = 'C:\Program Files\Unity\Hub\Editor\6000.2.0f1\Editor\Data\Managed\UnityEngine\UnityEditor.QuickSearchModule.dll'
             UnityEditor.SafeModeModule
                 Private = 'False'
                 HintPath = 'C:\Program Files\Unity\Hub\Editor\6000.2.0f1\Editor\Data\Managed\UnityEngine\UnityEditor.SafeModeModule.dll'
             UnityEditor.SceneTemplateModule
                 Private = 'False'
                 HintPath = 'C:\Program Files\Unity\Hub\Editor\6000.2.0f1\Editor\Data\Managed\UnityEngine\UnityEditor.SceneTemplateModule.dll'
             UnityEditor.SceneViewModule
                 Private = 'False'
                 HintPath = 'C:\Program Files\Unity\Hub\Editor\6000.2.0f1\Editor\Data\Managed\UnityEngine\UnityEditor.SceneViewModule.dll'
             UnityEditor.ShaderFoundryModule
                 Private = 'False'
                 HintPath = 'C:\Program Files\Unity\Hub\Editor\6000.2.0f1\Editor\Data\Managed\UnityEngine\UnityEditor.ShaderFoundryModule.dll'
             UnityEditor.SketchUpModule
                 Private = 'False'
                 HintPath = 'C:\Program Files\Unity\Hub\Editor\6000.2.0f1\Editor\Data\Managed\UnityEngine\UnityEditor.SketchUpModule.dll'
             UnityEditor.SpriteMaskModule
                 Private = 'False'
                 HintPath = 'C:\Program Files\Unity\Hub\Editor\6000.2.0f1\Editor\Data\Managed\UnityEngine\UnityEditor.SpriteMaskModule.dll'
             UnityEditor.SpriteShapeModule
                 Private = 'False'
                 HintPath = 'C:\Program Files\Unity\Hub\Editor\6000.2.0f1\Editor\Data\Managed\UnityEngine\UnityEditor.SpriteShapeModule.dll'
             UnityEditor.SubstanceModule
                 Private = 'False'
                 HintPath = 'C:\Program Files\Unity\Hub\Editor\6000.2.0f1\Editor\Data\Managed\UnityEngine\UnityEditor.SubstanceModule.dll'
             UnityEditor.TerrainModule
                 Private = 'False'
                 HintPath = 'C:\Program Files\Unity\Hub\Editor\6000.2.0f1\Editor\Data\Managed\UnityEngine\UnityEditor.TerrainModule.dll'
             UnityEditor.TextCoreFontEngineModule
                 Private = 'False'
                 HintPath = 'C:\Program Files\Unity\Hub\Editor\6000.2.0f1\Editor\Data\Managed\UnityEngine\UnityEditor.TextCoreFontEngineModule.dll'
             UnityEditor.TextCoreTextEngineModule
                 Private = 'False'
                 HintPath = 'C:\Program Files\Unity\Hub\Editor\6000.2.0f1\Editor\Data\Managed\UnityEngine\UnityEditor.TextCoreTextEngineModule.dll'
             UnityEditor.TextRenderingModule
                 Private = 'False'
                 HintPath = 'C:\Program Files\Unity\Hub\Editor\6000.2.0f1\Editor\Data\Managed\UnityEngine\UnityEditor.TextRenderingModule.dll'
             UnityEditor.TilemapModule
                 Private = 'False'
                 HintPath = 'C:\Program Files\Unity\Hub\Editor\6000.2.0f1\Editor\Data\Managed\UnityEngine\UnityEditor.TilemapModule.dll'
             UnityEditor.TreeModule
                 Private = 'False'
                 HintPath = 'C:\Program Files\Unity\Hub\Editor\6000.2.0f1\Editor\Data\Managed\UnityEngine\UnityEditor.TreeModule.dll'
             UnityEditor.UIAutomationModule
                 Private = 'False'
                 HintPath = 'C:\Program Files\Unity\Hub\Editor\6000.2.0f1\Editor\Data\Managed\UnityEngine\UnityEditor.UIAutomationModule.dll'
             UnityEditor.UIBuilderModule
                 Private = 'False'
                 HintPath = 'C:\Program Files\Unity\Hub\Editor\6000.2.0f1\Editor\Data\Managed\UnityEngine\UnityEditor.UIBuilderModule.dll'
             UnityEditor.UIElementsModule
                 Private = 'False'
                 HintPath = 'C:\Program Files\Unity\Hub\Editor\6000.2.0f1\Editor\Data\Managed\UnityEngine\UnityEditor.UIElementsModule.dll'
             UnityEditor.UIElementsSamplesModule
                 Private = 'False'
                 HintPath = 'C:\Program Files\Unity\Hub\Editor\6000.2.0f1\Editor\Data\Managed\UnityEngine\UnityEditor.UIElementsSamplesModule.dll'
             UnityEditor.UmbraModule
                 Private = 'False'
                 HintPath = 'C:\Program Files\Unity\Hub\Editor\6000.2.0f1\Editor\Data\Managed\UnityEngine\UnityEditor.UmbraModule.dll'
             UnityEditor.UnityConnectModule
                 Private = 'False'
                 HintPath = 'C:\Program Files\Unity\Hub\Editor\6000.2.0f1\Editor\Data\Managed\UnityEngine\UnityEditor.UnityConnectModule.dll'
             UnityEditor.VFXModule
                 Private = 'False'
                 HintPath = 'C:\Program Files\Unity\Hub\Editor\6000.2.0f1\Editor\Data\Managed\UnityEngine\UnityEditor.VFXModule.dll'
             UnityEditor.VideoModule
                 Private = 'False'
                 HintPath = 'C:\Program Files\Unity\Hub\Editor\6000.2.0f1\Editor\Data\Managed\UnityEngine\UnityEditor.VideoModule.dll'
             UnityEditor.XRModule
                 Private = 'False'
                 HintPath = 'C:\Program Files\Unity\Hub\Editor\6000.2.0f1\Editor\Data\Managed\UnityEngine\UnityEditor.XRModule.dll'
             websocket-sharp
                 Private = 'False'
                 HintPath = 'Library\PackageCache\com.unity.services.wire@cc07372d5f37\Plugins\websocket-sharp.dll'
             Unity.Collections.LowLevel.ILSupport
                 Private = 'False'
                 HintPath = 'Library\PackageCache\com.unity.collections@d49facba0036\Unity.Collections.LowLevel.ILSupport\Unity.Collections.LowLevel.ILSupport.dll'
             nunit.framework
                 Private = 'False'
                 HintPath = 'Library\PackageCache\com.unity.ext.nunit@031a54704bff\net40\unity-custom\nunit.framework.dll'
             System.IO.Hashing
                 Private = 'False'
                 HintPath = 'Library\PackageCache\com.unity.collections@d49facba0036\Unity.Collections.Tests\System.IO.Hashing\System.IO.Hashing.dll'
             Unity.VisualScripting.Antlr3.Runtime
                 Private = 'False'
                 HintPath = 'Library\PackageCache\com.unity.visualscripting@6279e2b7c485\Runtime\VisualScripting.Flow\Dependencies\NCalc\Unity.VisualScripting.Antlr3.Runtime.dll'
             System.Runtime.CompilerServices.Unsafe
                 Private = 'False'
                 HintPath = 'Library\PackageCache\com.unity.collections@d49facba0036\Unity.Collections.Tests\System.Runtime.CompilerServices.Unsafe\System.Runtime.CompilerServices.Unsafe.dll'
             Newtonsoft.Json
                 Private = 'False'
                 HintPath = 'Library\PackageCache\com.unity.nuget.newtonsoft-json@74deb55db2a0\Runtime\Newtonsoft.Json.dll'
             Mono.Cecil
                 Private = 'False'
                 HintPath = 'Library\PackageCache\com.unity.nuget.mono-cecil@d78732e851eb\Mono.Cecil.dll'
             UnityEditor.iOS.Extensions.Xcode
                 Private = 'False'
                 HintPath = 'C:\Program Files\Unity\Hub\Editor\6000.2.0f1\Editor\Data\PlaybackEngines\MacStandaloneSupport\UnityEditor.iOS.Extensions.Xcode.dll'
             netstandard
                 Private = 'False'
                 HintPath = 'C:\Program Files\Unity\Hub\Editor\6000.2.0f1\Editor\Data\NetStandard\ref\2.1.0\netstandard.dll'
             Microsoft.Win32.Primitives
                 Private = 'False'
                 HintPath = 'C:\Program Files\Unity\Hub\Editor\6000.2.0f1\Editor\Data\NetStandard\compat\2.1.0\shims\netstandard\Microsoft.Win32.Primitives.dll'
             System.AppContext
                 Private = 'False'
                 HintPath = 'C:\Program Files\Unity\Hub\Editor\6000.2.0f1\Editor\Data\NetStandard\compat\2.1.0\shims\netstandard\System.AppContext.dll'
             System.Buffers
                 Private = 'False'
                 HintPath = 'C:\Program Files\Unity\Hub\Editor\6000.2.0f1\Editor\Data\NetStandard\compat\2.1.0\shims\netstandard\System.Buffers.dll'
             System.Collections.Concurrent
                 Private = 'False'
                 HintPath = 'C:\Program Files\Unity\Hub\Editor\6000.2.0f1\Editor\Data\NetStandard\compat\2.1.0\shims\netstandard\System.Collections.Concurrent.dll'
             System.Collections
                 Private = 'False'
                 HintPath = 'C:\Program Files\Unity\Hub\Editor\6000.2.0f1\Editor\Data\NetStandard\compat\2.1.0\shims\netstandard\System.Collections.dll'
             System.Collections.NonGeneric
                 Private = 'False'
                 HintPath = 'C:\Program Files\Unity\Hub\Editor\6000.2.0f1\Editor\Data\NetStandard\compat\2.1.0\shims\netstandard\System.Collections.NonGeneric.dll'
             System.Collections.Specialized
                 Private = 'False'
                 HintPath = 'C:\Program Files\Unity\Hub\Editor\6000.2.0f1\Editor\Data\NetStandard\compat\2.1.0\shims\netstandard\System.Collections.Specialized.dll'
             System.ComponentModel
                 Private = 'False'
                 HintPath = 'C:\Program Files\Unity\Hub\Editor\6000.2.0f1\Editor\Data\NetStandard\compat\2.1.0\shims\netstandard\System.ComponentModel.dll'
             System.ComponentModel.EventBasedAsync
                 Private = 'False'
                 HintPath = 'C:\Program Files\Unity\Hub\Editor\6000.2.0f1\Editor\Data\NetStandard\compat\2.1.0\shims\netstandard\System.ComponentModel.EventBasedAsync.dll'
             System.ComponentModel.Primitives
                 Private = 'False'
                 HintPath = 'C:\Program Files\Unity\Hub\Editor\6000.2.0f1\Editor\Data\NetStandard\compat\2.1.0\shims\netstandard\System.ComponentModel.Primitives.dll'
             System.ComponentModel.TypeConverter
                 Private = 'False'
                 HintPath = 'C:\Program Files\Unity\Hub\Editor\6000.2.0f1\Editor\Data\NetStandard\compat\2.1.0\shims\netstandard\System.ComponentModel.TypeConverter.dll'
             System.Console
                 Private = 'False'
                 HintPath = 'C:\Program Files\Unity\Hub\Editor\6000.2.0f1\Editor\Data\NetStandard\compat\2.1.0\shims\netstandard\System.Console.dll'
             System.Data.Common
                 Private = 'False'
                 HintPath = 'C:\Program Files\Unity\Hub\Editor\6000.2.0f1\Editor\Data\NetStandard\compat\2.1.0\shims\netstandard\System.Data.Common.dll'
             System.Diagnostics.Contracts
                 Private = 'False'
                 HintPath = 'C:\Program Files\Unity\Hub\Editor\6000.2.0f1\Editor\Data\NetStandard\compat\2.1.0\shims\netstandard\System.Diagnostics.Contracts.dll'
             System.Diagnostics.Debug
                 Private = 'False'
                 HintPath = 'C:\Program Files\Unity\Hub\Editor\6000.2.0f1\Editor\Data\NetStandard\compat\2.1.0\shims\netstandard\System.Diagnostics.Debug.dll'
             System.Diagnostics.FileVersionInfo
                 Private = 'False'
                 HintPath = 'C:\Program Files\Unity\Hub\Editor\6000.2.0f1\Editor\Data\NetStandard\compat\2.1.0\shims\netstandard\System.Diagnostics.FileVersionInfo.dll'
             System.Diagnostics.Process
                 Private = 'False'
                 HintPath = 'C:\Program Files\Unity\Hub\Editor\6000.2.0f1\Editor\Data\NetStandard\compat\2.1.0\shims\netstandard\System.Diagnostics.Process.dll'
             System.Diagnostics.StackTrace
                 Private = 'False'
                 HintPath = 'C:\Program Files\Unity\Hub\Editor\6000.2.0f1\Editor\Data\NetStandard\compat\2.1.0\shims\netstandard\System.Diagnostics.StackTrace.dll'
             System.Diagnostics.TextWriterTraceListener
                 Private = 'False'
                 HintPath = 'C:\Program Files\Unity\Hub\Editor\6000.2.0f1\Editor\Data\NetStandard\compat\2.1.0\shims\netstandard\System.Diagnostics.TextWriterTraceListener.dll'
             System.Diagnostics.Tools
                 Private = 'False'
                 HintPath = 'C:\Program Files\Unity\Hub\Editor\6000.2.0f1\Editor\Data\NetStandard\compat\2.1.0\shims\netstandard\System.Diagnostics.Tools.dll'
             System.Diagnostics.TraceSource
                 Private = 'False'
                 HintPath = 'C:\Program Files\Unity\Hub\Editor\6000.2.0f1\Editor\Data\NetStandard\compat\2.1.0\shims\netstandard\System.Diagnostics.TraceSource.dll'
             System.Diagnostics.Tracing
                 Private = 'False'
                 HintPath = 'C:\Program Files\Unity\Hub\Editor\6000.2.0f1\Editor\Data\NetStandard\compat\2.1.0\shims\netstandard\System.Diagnostics.Tracing.dll'
             System.Drawing.Primitives
                 Private = 'False'
                 HintPath = 'C:\Program Files\Unity\Hub\Editor\6000.2.0f1\Editor\Data\NetStandard\compat\2.1.0\shims\netstandard\System.Drawing.Primitives.dll'
             System.Dynamic.Runtime
                 Private = 'False'
                 HintPath = 'C:\Program Files\Unity\Hub\Editor\6000.2.0f1\Editor\Data\NetStandard\compat\2.1.0\shims\netstandard\System.Dynamic.Runtime.dll'
             System.Globalization.Calendars
                 Private = 'False'
                 HintPath = 'C:\Program Files\Unity\Hub\Editor\6000.2.0f1\Editor\Data\NetStandard\compat\2.1.0\shims\netstandard\System.Globalization.Calendars.dll'
             System.Globalization
                 Private = 'False'
                 HintPath = 'C:\Program Files\Unity\Hub\Editor\6000.2.0f1\Editor\Data\NetStandard\compat\2.1.0\shims\netstandard\System.Globalization.dll'
             System.Globalization.Extensions
                 Private = 'False'
                 HintPath = 'C:\Program Files\Unity\Hub\Editor\6000.2.0f1\Editor\Data\NetStandard\compat\2.1.0\shims\netstandard\System.Globalization.Extensions.dll'
             System.IO.Compression
                 Private = 'False'
                 HintPath = 'C:\Program Files\Unity\Hub\Editor\6000.2.0f1\Editor\Data\NetStandard\compat\2.1.0\shims\netstandard\System.IO.Compression.dll'
             System.IO.Compression.ZipFile
                 Private = 'False'
                 HintPath = 'C:\Program Files\Unity\Hub\Editor\6000.2.0f1\Editor\Data\NetStandard\compat\2.1.0\shims\netstandard\System.IO.Compression.ZipFile.dll'
             System.IO
                 Private = 'False'
                 HintPath = 'C:\Program Files\Unity\Hub\Editor\6000.2.0f1\Editor\Data\NetStandard\compat\2.1.0\shims\netstandard\System.IO.dll'
             System.IO.FileSystem
                 Private = 'False'
                 HintPath = 'C:\Program Files\Unity\Hub\Editor\6000.2.0f1\Editor\Data\NetStandard\compat\2.1.0\shims\netstandard\System.IO.FileSystem.dll'
             System.IO.FileSystem.DriveInfo
                 Private = 'False'
                 HintPath = 'C:\Program Files\Unity\Hub\Editor\6000.2.0f1\Editor\Data\NetStandard\compat\2.1.0\shims\netstandard\System.IO.FileSystem.DriveInfo.dll'
             System.IO.FileSystem.Primitives
                 Private = 'False'
                 HintPath = 'C:\Program Files\Unity\Hub\Editor\6000.2.0f1\Editor\Data\NetStandard\compat\2.1.0\shims\netstandard\System.IO.FileSystem.Primitives.dll'
             System.IO.FileSystem.Watcher
                 Private = 'False'
                 HintPath = 'C:\Program Files\Unity\Hub\Editor\6000.2.0f1\Editor\Data\NetStandard\compat\2.1.0\shims\netstandard\System.IO.FileSystem.Watcher.dll'
             System.IO.IsolatedStorage
                 Private = 'False'
                 HintPath = 'C:\Program Files\Unity\Hub\Editor\6000.2.0f1\Editor\Data\NetStandard\compat\2.1.0\shims\netstandard\System.IO.IsolatedStorage.dll'
             System.IO.MemoryMappedFiles
                 Private = 'False'
                 HintPath = 'C:\Program Files\Unity\Hub\Editor\6000.2.0f1\Editor\Data\NetStandard\compat\2.1.0\shims\netstandard\System.IO.MemoryMappedFiles.dll'
             System.IO.Pipes
                 Private = 'False'
                 HintPath = 'C:\Program Files\Unity\Hub\Editor\6000.2.0f1\Editor\Data\NetStandard\compat\2.1.0\shims\netstandard\System.IO.Pipes.dll'
             System.IO.UnmanagedMemoryStream
                 Private = 'False'
                 HintPath = 'C:\Program Files\Unity\Hub\Editor\6000.2.0f1\Editor\Data\NetStandard\compat\2.1.0\shims\netstandard\System.IO.UnmanagedMemoryStream.dll'
             System.Linq
                 Private = 'False'
                 HintPath = 'C:\Program Files\Unity\Hub\Editor\6000.2.0f1\Editor\Data\NetStandard\compat\2.1.0\shims\netstandard\System.Linq.dll'
             System.Linq.Expressions
                 Private = 'False'
                 HintPath = 'C:\Program Files\Unity\Hub\Editor\6000.2.0f1\Editor\Data\NetStandard\compat\2.1.0\shims\netstandard\System.Linq.Expressions.dll'
             System.Linq.Parallel
                 Private = 'False'
                 HintPath = 'C:\Program Files\Unity\Hub\Editor\6000.2.0f1\Editor\Data\NetStandard\compat\2.1.0\shims\netstandard\System.Linq.Parallel.dll'
             System.Linq.Queryable
                 Private = 'False'
                 HintPath = 'C:\Program Files\Unity\Hub\Editor\6000.2.0f1\Editor\Data\NetStandard\compat\2.1.0\shims\netstandard\System.Linq.Queryable.dll'
             System.Memory
                 Private = 'False'
                 HintPath = 'C:\Program Files\Unity\Hub\Editor\6000.2.0f1\Editor\Data\NetStandard\compat\2.1.0\shims\netstandard\System.Memory.dll'
             System.Net.Http
                 Private = 'False'
                 HintPath = 'C:\Program Files\Unity\Hub\Editor\6000.2.0f1\Editor\Data\NetStandard\compat\2.1.0\shims\netstandard\System.Net.Http.dll'
             System.Net.NameResolution
                 Private = 'False'
                 HintPath = 'C:\Program Files\Unity\Hub\Editor\6000.2.0f1\Editor\Data\NetStandard\compat\2.1.0\shims\netstandard\System.Net.NameResolution.dll'
             System.Net.NetworkInformation
                 Private = 'False'
                 HintPath = 'C:\Program Files\Unity\Hub\Editor\6000.2.0f1\Editor\Data\NetStandard\compat\2.1.0\shims\netstandard\System.Net.NetworkInformation.dll'
             System.Net.Ping
                 Private = 'False'
                 HintPath = 'C:\Program Files\Unity\Hub\Editor\6000.2.0f1\Editor\Data\NetStandard\compat\2.1.0\shims\netstandard\System.Net.Ping.dll'
             System.Net.Primitives
                 Private = 'False'
                 HintPath = 'C:\Program Files\Unity\Hub\Editor\6000.2.0f1\Editor\Data\NetStandard\compat\2.1.0\shims\netstandard\System.Net.Primitives.dll'
             System.Net.Requests
                 Private = 'False'
                 HintPath = 'C:\Program Files\Unity\Hub\Editor\6000.2.0f1\Editor\Data\NetStandard\compat\2.1.0\shims\netstandard\System.Net.Requests.dll'
             System.Net.Security
                 Private = 'False'
                 HintPath = 'C:\Program Files\Unity\Hub\Editor\6000.2.0f1\Editor\Data\NetStandard\compat\2.1.0\shims\netstandard\System.Net.Security.dll'
             System.Net.Sockets
                 Private = 'False'
                 HintPath = 'C:\Program Files\Unity\Hub\Editor\6000.2.0f1\Editor\Data\NetStandard\compat\2.1.0\shims\netstandard\System.Net.Sockets.dll'
             System.Net.WebHeaderCollection
                 Private = 'False'
                 HintPath = 'C:\Program Files\Unity\Hub\Editor\6000.2.0f1\Editor\Data\NetStandard\compat\2.1.0\shims\netstandard\System.Net.WebHeaderCollection.dll'
             System.Net.WebSockets.Client
                 Private = 'False'
                 HintPath = 'C:\Program Files\Unity\Hub\Editor\6000.2.0f1\Editor\Data\NetStandard\compat\2.1.0\shims\netstandard\System.Net.WebSockets.Client.dll'
             System.Net.WebSockets
                 Private = 'False'
                 HintPath = 'C:\Program Files\Unity\Hub\Editor\6000.2.0f1\Editor\Data\NetStandard\compat\2.1.0\shims\netstandard\System.Net.WebSockets.dll'
             System.Numerics.Vectors
                 Private = 'False'
                 HintPath = 'C:\Program Files\Unity\Hub\Editor\6000.2.0f1\Editor\Data\NetStandard\compat\2.1.0\shims\netstandard\System.Numerics.Vectors.dll'
             System.ObjectModel
                 Private = 'False'
                 HintPath = 'C:\Program Files\Unity\Hub\Editor\6000.2.0f1\Editor\Data\NetStandard\compat\2.1.0\shims\netstandard\System.ObjectModel.dll'
             System.Reflection.DispatchProxy
                 Private = 'False'
                 HintPath = 'C:\Program Files\Unity\Hub\Editor\6000.2.0f1\Editor\Data\NetStandard\compat\2.1.0\shims\netstandard\System.Reflection.DispatchProxy.dll'
             System.Reflection
                 Private = 'False'
                 HintPath = 'C:\Program Files\Unity\Hub\Editor\6000.2.0f1\Editor\Data\NetStandard\compat\2.1.0\shims\netstandard\System.Reflection.dll'
             System.Reflection.Emit
                 Private = 'False'
                 HintPath = 'C:\Program Files\Unity\Hub\Editor\6000.2.0f1\Editor\Data\NetStandard\compat\2.1.0\shims\netstandard\System.Reflection.Emit.dll'
             System.Reflection.Emit.ILGeneration
                 Private = 'False'
                 HintPath = 'C:\Program Files\Unity\Hub\Editor\6000.2.0f1\Editor\Data\NetStandard\compat\2.1.0\shims\netstandard\System.Reflection.Emit.ILGeneration.dll'
             System.Reflection.Emit.Lightweight
                 Private = 'False'
                 HintPath = 'C:\Program Files\Unity\Hub\Editor\6000.2.0f1\Editor\Data\NetStandard\compat\2.1.0\shims\netstandard\System.Reflection.Emit.Lightweight.dll'
             System.Reflection.Extensions
                 Private = 'False'
                 HintPath = 'C:\Program Files\Unity\Hub\Editor\6000.2.0f1\Editor\Data\NetStandard\compat\2.1.0\shims\netstandard\System.Reflection.Extensions.dll'
             System.Reflection.Primitives
                 Private = 'False'
                 HintPath = 'C:\Program Files\Unity\Hub\Editor\6000.2.0f1\Editor\Data\NetStandard\compat\2.1.0\shims\netstandard\System.Reflection.Primitives.dll'
             System.Resources.Reader
                 Private = 'False'
                 HintPath = 'C:\Program Files\Unity\Hub\Editor\6000.2.0f1\Editor\Data\NetStandard\compat\2.1.0\shims\netstandard\System.Resources.Reader.dll'
             System.Resources.ResourceManager
                 Private = 'False'
                 HintPath = 'C:\Program Files\Unity\Hub\Editor\6000.2.0f1\Editor\Data\NetStandard\compat\2.1.0\shims\netstandard\System.Resources.ResourceManager.dll'
             System.Resources.Writer
                 Private = 'False'
                 HintPath = 'C:\Program Files\Unity\Hub\Editor\6000.2.0f1\Editor\Data\NetStandard\compat\2.1.0\shims\netstandard\System.Resources.Writer.dll'
             System.Runtime.CompilerServices.VisualC
                 Private = 'False'
                 HintPath = 'C:\Program Files\Unity\Hub\Editor\6000.2.0f1\Editor\Data\NetStandard\compat\2.1.0\shims\netstandard\System.Runtime.CompilerServices.VisualC.dll'
             System.Runtime
                 Private = 'False'
                 HintPath = 'C:\Program Files\Unity\Hub\Editor\6000.2.0f1\Editor\Data\NetStandard\compat\2.1.0\shims\netstandard\System.Runtime.dll'
             System.Runtime.Extensions
                 Private = 'False'
                 HintPath = 'C:\Program Files\Unity\Hub\Editor\6000.2.0f1\Editor\Data\NetStandard\compat\2.1.0\shims\netstandard\System.Runtime.Extensions.dll'
             System.Runtime.Handles
                 Private = 'False'
                 HintPath = 'C:\Program Files\Unity\Hub\Editor\6000.2.0f1\Editor\Data\NetStandard\compat\2.1.0\shims\netstandard\System.Runtime.Handles.dll'
             System.Runtime.InteropServices
                 Private = 'False'
                 HintPath = 'C:\Program Files\Unity\Hub\Editor\6000.2.0f1\Editor\Data\NetStandard\compat\2.1.0\shims\netstandard\System.Runtime.InteropServices.dll'
             System.Runtime.InteropServices.RuntimeInformation
                 Private = 'False'
                 HintPath = 'C:\Program Files\Unity\Hub\Editor\6000.2.0f1\Editor\Data\NetStandard\compat\2.1.0\shims\netstandard\System.Runtime.InteropServices.RuntimeInformation.dll'
             System.Runtime.Numerics
                 Private = 'False'
                 HintPath = 'C:\Program Files\Unity\Hub\Editor\6000.2.0f1\Editor\Data\NetStandard\compat\2.1.0\shims\netstandard\System.Runtime.Numerics.dll'
             System.Runtime.Serialization.Formatters
                 Private = 'False'
                 HintPath = 'C:\Program Files\Unity\Hub\Editor\6000.2.0f1\Editor\Data\NetStandard\compat\2.1.0\shims\netstandard\System.Runtime.Serialization.Formatters.dll'
             System.Runtime.Serialization.Json
                 Private = 'False'
                 HintPath = 'C:\Program Files\Unity\Hub\Editor\6000.2.0f1\Editor\Data\NetStandard\compat\2.1.0\shims\netstandard\System.Runtime.Serialization.Json.dll'
             System.Runtime.Serialization.Primitives
                 Private = 'False'
                 HintPath = 'C:\Program Files\Unity\Hub\Editor\6000.2.0f1\Editor\Data\NetStandard\compat\2.1.0\shims\netstandard\System.Runtime.Serialization.Primitives.dll'
             System.Runtime.Serialization.Xml
                 Private = 'False'
                 HintPath = 'C:\Program Files\Unity\Hub\Editor\6000.2.0f1\Editor\Data\NetStandard\compat\2.1.0\shims\netstandard\System.Runtime.Serialization.Xml.dll'
             System.Security.Claims
                 Private = 'False'
                 HintPath = 'C:\Program Files\Unity\Hub\Editor\6000.2.0f1\Editor\Data\NetStandard\compat\2.1.0\shims\netstandard\System.Security.Claims.dll'
             System.Security.Cryptography.Algorithms
                 Private = 'False'
                 HintPath = 'C:\Program Files\Unity\Hub\Editor\6000.2.0f1\Editor\Data\NetStandard\compat\2.1.0\shims\netstandard\System.Security.Cryptography.Algorithms.dll'
             System.Security.Cryptography.Csp
                 Private = 'False'
                 HintPath = 'C:\Program Files\Unity\Hub\Editor\6000.2.0f1\Editor\Data\NetStandard\compat\2.1.0\shims\netstandard\System.Security.Cryptography.Csp.dll'
             System.Security.Cryptography.Encoding
                 Private = 'False'
                 HintPath = 'C:\Program Files\Unity\Hub\Editor\6000.2.0f1\Editor\Data\NetStandard\compat\2.1.0\shims\netstandard\System.Security.Cryptography.Encoding.dll'
             System.Security.Cryptography.Primitives
                 Private = 'False'
                 HintPath = 'C:\Program Files\Unity\Hub\Editor\6000.2.0f1\Editor\Data\NetStandard\compat\2.1.0\shims\netstandard\System.Security.Cryptography.Primitives.dll'
             System.Security.Cryptography.X509Certificates
                 Private = 'False'
                 HintPath = 'C:\Program Files\Unity\Hub\Editor\6000.2.0f1\Editor\Data\NetStandard\compat\2.1.0\shims\netstandard\System.Security.Cryptography.X509Certificates.dll'
             System.Security.Principal
                 Private = 'False'
                 HintPath = 'C:\Program Files\Unity\Hub\Editor\6000.2.0f1\Editor\Data\NetStandard\compat\2.1.0\shims\netstandard\System.Security.Principal.dll'
             System.Security.SecureString
                 Private = 'False'
                 HintPath = 'C:\Program Files\Unity\Hub\Editor\6000.2.0f1\Editor\Data\NetStandard\compat\2.1.0\shims\netstandard\System.Security.SecureString.dll'
             System.Text.Encoding
                 Private = 'False'
                 HintPath = 'C:\Program Files\Unity\Hub\Editor\6000.2.0f1\Editor\Data\NetStandard\compat\2.1.0\shims\netstandard\System.Text.Encoding.dll'
             System.Text.Encoding.Extensions
                 Private = 'False'
                 HintPath = 'C:\Program Files\Unity\Hub\Editor\6000.2.0f1\Editor\Data\NetStandard\compat\2.1.0\shims\netstandard\System.Text.Encoding.Extensions.dll'
             System.Text.RegularExpressions
                 Private = 'False'
                 HintPath = 'C:\Program Files\Unity\Hub\Editor\6000.2.0f1\Editor\Data\NetStandard\compat\2.1.0\shims\netstandard\System.Text.RegularExpressions.dll'
             System.Threading
                 Private = 'False'
                 HintPath = 'C:\Program Files\Unity\Hub\Editor\6000.2.0f1\Editor\Data\NetStandard\compat\2.1.0\shims\netstandard\System.Threading.dll'
             System.Threading.Overlapped
                 Private = 'False'
                 HintPath = 'C:\Program Files\Unity\Hub\Editor\6000.2.0f1\Editor\Data\NetStandard\compat\2.1.0\shims\netstandard\System.Threading.Overlapped.dll'
             System.Threading.Tasks
                 Private = 'False'
                 HintPath = 'C:\Program Files\Unity\Hub\Editor\6000.2.0f1\Editor\Data\NetStandard\compat\2.1.0\shims\netstandard\System.Threading.Tasks.dll'
             System.Threading.Tasks.Extensions
                 Private = 'False'
                 HintPath = 'C:\Program Files\Unity\Hub\Editor\6000.2.0f1\Editor\Data\NetStandard\compat\2.1.0\shims\netstandard\System.Threading.Tasks.Extensions.dll'
             System.Threading.Tasks.Parallel
                 Private = 'False'
                 HintPath = 'C:\Program Files\Unity\Hub\Editor\6000.2.0f1\Editor\Data\NetStandard\compat\2.1.0\shims\netstandard\System.Threading.Tasks.Parallel.dll'
             System.Threading.Thread
                 Private = 'False'
                 HintPath = 'C:\Program Files\Unity\Hub\Editor\6000.2.0f1\Editor\Data\NetStandard\compat\2.1.0\shims\netstandard\System.Threading.Thread.dll'
             System.Threading.ThreadPool
                 Private = 'False'
                 HintPath = 'C:\Program Files\Unity\Hub\Editor\6000.2.0f1\Editor\Data\NetStandard\compat\2.1.0\shims\netstandard\System.Threading.ThreadPool.dll'
             System.Threading.Timer
                 Private = 'False'
                 HintPath = 'C:\Program Files\Unity\Hub\Editor\6000.2.0f1\Editor\Data\NetStandard\compat\2.1.0\shims\netstandard\System.Threading.Timer.dll'
             System.ValueTuple
                 Private = 'False'
                 HintPath = 'C:\Program Files\Unity\Hub\Editor\6000.2.0f1\Editor\Data\NetStandard\compat\2.1.0\shims\netstandard\System.ValueTuple.dll'
             System.Xml.ReaderWriter
                 Private = 'False'
                 HintPath = 'C:\Program Files\Unity\Hub\Editor\6000.2.0f1\Editor\Data\NetStandard\compat\2.1.0\shims\netstandard\System.Xml.ReaderWriter.dll'
             System.Xml.XDocument
                 Private = 'False'
                 HintPath = 'C:\Program Files\Unity\Hub\Editor\6000.2.0f1\Editor\Data\NetStandard\compat\2.1.0\shims\netstandard\System.Xml.XDocument.dll'
             System.Xml.XmlDocument
                 Private = 'False'
                 HintPath = 'C:\Program Files\Unity\Hub\Editor\6000.2.0f1\Editor\Data\NetStandard\compat\2.1.0\shims\netstandard\System.Xml.XmlDocument.dll'
             System.Xml.XmlSerializer
                 Private = 'False'
                 HintPath = 'C:\Program Files\Unity\Hub\Editor\6000.2.0f1\Editor\Data\NetStandard\compat\2.1.0\shims\netstandard\System.Xml.XmlSerializer.dll'
             System.Xml.XPath
                 Private = 'False'
                 HintPath = 'C:\Program Files\Unity\Hub\Editor\6000.2.0f1\Editor\Data\NetStandard\compat\2.1.0\shims\netstandard\System.Xml.XPath.dll'
             System.Xml.XPath.XDocument
                 Private = 'False'
                 HintPath = 'C:\Program Files\Unity\Hub\Editor\6000.2.0f1\Editor\Data\NetStandard\compat\2.1.0\shims\netstandard\System.Xml.XPath.XDocument.dll'
             System.Runtime.InteropServices.WindowsRuntime
                 Private = 'False'
                 HintPath = 'C:\Program Files\Unity\Hub\Editor\6000.2.0f1\Editor\Data\NetStandard\Extensions\2.0.0\System.Runtime.InteropServices.WindowsRuntime.dll'
             mscorlib
                 Private = 'False'
                 HintPath = 'C:\Program Files\Unity\Hub\Editor\6000.2.0f1\Editor\Data\NetStandard\compat\2.1.0\shims\netfx\mscorlib.dll'
             System.ComponentModel.Composition
                 Private = 'False'
                 HintPath = 'C:\Program Files\Unity\Hub\Editor\6000.2.0f1\Editor\Data\NetStandard\compat\2.1.0\shims\netfx\System.ComponentModel.Composition.dll'
             System.Core
                 Private = 'False'
                 HintPath = 'C:\Program Files\Unity\Hub\Editor\6000.2.0f1\Editor\Data\NetStandard\compat\2.1.0\shims\netfx\System.Core.dll'
             System.Data
                 Private = 'False'
                 HintPath = 'C:\Program Files\Unity\Hub\Editor\6000.2.0f1\Editor\Data\NetStandard\compat\2.1.0\shims\netfx\System.Data.dll'
             System
                 Private = 'False'
                 HintPath = 'C:\Program Files\Unity\Hub\Editor\6000.2.0f1\Editor\Data\NetStandard\compat\2.1.0\shims\netfx\System.dll'
             System.Drawing
                 Private = 'False'
                 HintPath = 'C:\Program Files\Unity\Hub\Editor\6000.2.0f1\Editor\Data\NetStandard\compat\2.1.0\shims\netfx\System.Drawing.dll'
             System.IO.Compression.FileSystem
                 Private = 'False'
                 HintPath = 'C:\Program Files\Unity\Hub\Editor\6000.2.0f1\Editor\Data\NetStandard\compat\2.1.0\shims\netfx\System.IO.Compression.FileSystem.dll'
             System.Net
                 Private = 'False'
                 HintPath = 'C:\Program Files\Unity\Hub\Editor\6000.2.0f1\Editor\Data\NetStandard\compat\2.1.0\shims\netfx\System.Net.dll'
             System.Numerics
                 Private = 'False'
                 HintPath = 'C:\Program Files\Unity\Hub\Editor\6000.2.0f1\Editor\Data\NetStandard\compat\2.1.0\shims\netfx\System.Numerics.dll'
             System.Runtime.Serialization
                 Private = 'False'
                 HintPath = 'C:\Program Files\Unity\Hub\Editor\6000.2.0f1\Editor\Data\NetStandard\compat\2.1.0\shims\netfx\System.Runtime.Serialization.dll'
             System.ServiceModel.Web
                 Private = 'False'
                 HintPath = 'C:\Program Files\Unity\Hub\Editor\6000.2.0f1\Editor\Data\NetStandard\compat\2.1.0\shims\netfx\System.ServiceModel.Web.dll'
             System.Transactions
                 Private = 'False'
                 HintPath = 'C:\Program Files\Unity\Hub\Editor\6000.2.0f1\Editor\Data\NetStandard\compat\2.1.0\shims\netfx\System.Transactions.dll'
             System.Web
                 Private = 'False'
                 HintPath = 'C:\Program Files\Unity\Hub\Editor\6000.2.0f1\Editor\Data\NetStandard\compat\2.1.0\shims\netfx\System.Web.dll'
             System.Windows
                 Private = 'False'
                 HintPath = 'C:\Program Files\Unity\Hub\Editor\6000.2.0f1\Editor\Data\NetStandard\compat\2.1.0\shims\netfx\System.Windows.dll'
             System.Xml
                 Private = 'False'
                 HintPath = 'C:\Program Files\Unity\Hub\Editor\6000.2.0f1\Editor\Data\NetStandard\compat\2.1.0\shims\netfx\System.Xml.dll'
             System.Xml.Linq
                 Private = 'False'
                 HintPath = 'C:\Program Files\Unity\Hub\Editor\6000.2.0f1\Editor\Data\NetStandard\compat\2.1.0\shims\netfx\System.Xml.Linq.dll'
             System.Xml.Serialization
                 Private = 'False'
                 HintPath = 'C:\Program Files\Unity\Hub\Editor\6000.2.0f1\Editor\Data\NetStandard\compat\2.1.0\shims\netfx\System.Xml.Serialization.dll'
             Unity.2D.Common.Path.Editor
                 Private = 'False'
                 HintPath = 'Library\ScriptAssemblies\Unity.2D.Common.Path.Editor.dll'
             Unity.2D.Sprite.Editor
                 Private = 'False'
                 HintPath = 'Library\ScriptAssemblies\Unity.2D.Sprite.Editor.dll'
             Unity.InternalAPIEngineBridge.001
                 Private = 'False'
                 HintPath = 'Library\ScriptAssemblies\Unity.InternalAPIEngineBridge.001.dll'
             Unity.TextMeshPro
                 Private = 'False'
                 HintPath = 'Library\ScriptAssemblies\Unity.TextMeshPro.dll'
             PsdPlugin
                 Private = 'False'
                 HintPath = 'Library\ScriptAssemblies\PsdPlugin.dll'
             Unity.Services.QoS
                 Private = 'False'
                 HintPath = 'Library\ScriptAssemblies\Unity.Services.QoS.dll'
             Unity.Services.Core
                 Private = 'False'
                 HintPath = 'Library\ScriptAssemblies\Unity.Services.Core.dll'
             Unity.Netcode.Runtime
                 Private = 'False'
                 HintPath = 'Library\ScriptAssemblies\Unity.Netcode.Runtime.dll'
             Unity.RenderPipelines.Core.ShaderLibrary
                 Private = 'False'
                 HintPath = 'Library\ScriptAssemblies\Unity.RenderPipelines.Core.ShaderLibrary.dll'
             Unity.Multiplayer.PlayMode.Analytics.Editor
                 Private = 'False'
                 HintPath = 'Library\ScriptAssemblies\Unity.Multiplayer.PlayMode.Analytics.Editor.dll'
             Unity.VisualScripting.SettingsProvider.Editor
                 Private = 'False'
                 HintPath = 'Library\ScriptAssemblies\Unity.VisualScripting.SettingsProvider.Editor.dll'
             Unity.Networking.Editor
                 Private = 'False'
                 HintPath = 'Library\ScriptAssemblies\Unity.Networking.Editor.dll'
             Unity.2D.Enhancers.Editor.AIBridge
                 Private = 'False'
                 HintPath = 'Library\ScriptAssemblies\Unity.2D.Enhancers.Editor.AIBridge.dll'
             Unity.Splines.Editor
                 Private = 'False'
                 HintPath = 'Library\ScriptAssemblies\Unity.Splines.Editor.dll'
             PPv2URPConverters
                 Private = 'False'
                 HintPath = 'Library\ScriptAssemblies\PPv2URPConverters.dll'
             Unity.2D.Common.Editor
                 Private = 'False'
                 HintPath = 'Library\ScriptAssemblies\Unity.2D.Common.Editor.dll'
             Unity.Addressables
                 Private = 'False'
                 HintPath = 'Library\ScriptAssemblies\Unity.Addressables.dll'
             Unity.InternalAPIEditorBridge.001
                 Private = 'False'
                 HintPath = 'Library\ScriptAssemblies\Unity.InternalAPIEditorBridge.001.dll'
             Unity.2D.Animation.Runtime
                 Private = 'False'
                 HintPath = 'Library\ScriptAssemblies\Unity.2D.Animation.Runtime.dll'
             Unity.RenderPipelines.Core.Runtime.Shared
                 Private = 'False'
                 HintPath = 'Library\ScriptAssemblies\Unity.RenderPipelines.Core.Runtime.Shared.dll'
             Unity.RenderPipelines.Universal.2D.Runtime
                 Private = 'False'
                 HintPath = 'Library\ScriptAssemblies\Unity.RenderPipelines.Universal.2D.Runtime.dll'
             Unity.Services.Core.Components
                 Private = 'False'
                 HintPath = 'Library\ScriptAssemblies\Unity.Services.Core.Components.dll'
             Unity.2D.Aseprite.Common
                 Private = 'False'
                 HintPath = 'Library\ScriptAssemblies\Unity.2D.Aseprite.Common.dll'
             Unity.Rendering.LightTransport.Editor
                 Private = 'False'
                 HintPath = 'Library\ScriptAssemblies\Unity.Rendering.LightTransport.Editor.dll'
             Unity.InferenceEngine.MacBLAS
                 Private = 'False'
                 HintPath = 'Library\ScriptAssemblies\Unity.InferenceEngine.MacBLAS.dll'
             Unity.Services.Authentication
                 Private = 'False'
                 HintPath = 'Library\ScriptAssemblies\Unity.Services.Authentication.dll'
             Unity.Rider.Editor
                 Private = 'False'
                 HintPath = 'Library\ScriptAssemblies\Unity.Rider.Editor.dll'
             Unity.2D.Aseprite.Editor
                 Private = 'False'
                 HintPath = 'Library\ScriptAssemblies\Unity.2D.Aseprite.Editor.dll'
             Unity.AI.Assistant.Bridge.Editor
                 Private = 'False'
                 HintPath = 'Library\ScriptAssemblies\Unity.AI.Assistant.Bridge.Editor.dll'
             Unity.Services.Lobbies
                 Private = 'False'
                 HintPath = 'Library\ScriptAssemblies\Unity.Services.Lobbies.dll'
             Unity.InferenceEngine.Editor
                 Private = 'False'
                 HintPath = 'Library\ScriptAssemblies\Unity.InferenceEngine.Editor.dll'
             Unity.Services.Authentication.Editor.Shared
                 Private = 'False'
                 HintPath = 'Library\ScriptAssemblies\Unity.Services.Authentication.Editor.Shared.dll'
             Unity.RenderPipelines.ShaderGraph.ShaderGraphLibrary
                 Private = 'False'
                 HintPath = 'Library\ScriptAssemblies\Unity.RenderPipelines.ShaderGraph.ShaderGraphLibrary.dll'
             Unity.VisualScripting.Flow
                 Private = 'False'
                 HintPath = 'Library\ScriptAssemblies\Unity.VisualScripting.Flow.dll'
             Unity.TextMeshPro.Editor
                 Private = 'False'
                 HintPath = 'Library\ScriptAssemblies\Unity.TextMeshPro.Editor.dll'
             Unity.2D.Tilemap.Extras.Editor
                 Private = 'False'
                 HintPath = 'Library\ScriptAssemblies\Unity.2D.Tilemap.Extras.Editor.dll'
             Unity.Services.Authentication.PlayerAccounts
                 Private = 'False'
                 HintPath = 'Library\ScriptAssemblies\Unity.Services.Authentication.PlayerAccounts.dll'
             Unity.VisualStudio.Editor
                 Private = 'False'
                 HintPath = 'Library\ScriptAssemblies\Unity.VisualStudio.Editor.dll'
             Unity.2D.Tilemap.Editor
                 Private = 'False'
                 HintPath = 'Library\ScriptAssemblies\Unity.2D.Tilemap.Editor.dll'
             Unity.InputSystem.ForUI
                 Private = 'False'
                 HintPath = 'Library\ScriptAssemblies\Unity.InputSystem.ForUI.dll'
             Unity.Profiling.Core
                 Private = 'False'
                 HintPath = 'Library\ScriptAssemblies\Unity.Profiling.Core.dll'
             Unity.RenderPipelines.GPUDriven.Runtime
                 Private = 'False'
                 HintPath = 'Library\ScriptAssemblies\Unity.RenderPipelines.GPUDriven.Runtime.dll'
             Unity.VisualScripting.State.Editor
                 Private = 'False'
                 HintPath = 'Library\ScriptAssemblies\Unity.VisualScripting.State.Editor.dll'
             Unity.RenderPipelines.Universal.Shaders
                 Private = 'False'
                 HintPath = 'Library\ScriptAssemblies\Unity.RenderPipelines.Universal.Shaders.dll'
             UnityEngine.UI
                 Private = 'False'
                 HintPath = 'Library\ScriptAssemblies\UnityEngine.UI.dll'
             Unity.Services.Core.Environments
                 Private = 'False'
                 HintPath = 'Library\ScriptAssemblies\Unity.Services.Core.Environments.dll'
             Unity.RenderPipelines.Universal.Runtime
                 Private = 'False'
                 HintPath = 'Library\ScriptAssemblies\Unity.RenderPipelines.Universal.Runtime.dll'
             Unity.AI.Assistant.AvatarHelper.Editor
                 Private = 'False'
                 HintPath = 'Library\ScriptAssemblies\Unity.AI.Assistant.AvatarHelper.Editor.dll'
             Unity.RenderPipelines.Universal.Config.Runtime
                 Private = 'False'
                 HintPath = 'Library\ScriptAssemblies\Unity.RenderPipelines.Universal.Config.Runtime.dll'
             Unity.AppUI
                 Private = 'False'
                 HintPath = 'Library\ScriptAssemblies\Unity.AppUI.dll'
             Unity.2D.Sprite.AIIntegration.Editor
                 Private = 'False'
                 HintPath = 'Library\ScriptAssemblies\Unity.2D.Sprite.AIIntegration.Editor.dll'
             Unity.RenderPipelines.Core.Editor.Shared
                 Private = 'False'
                 HintPath = 'Library\ScriptAssemblies\Unity.RenderPipelines.Core.Editor.Shared.dll'
             Unity.2D.Enhancers.Editor
                 Private = 'False'
                 HintPath = 'Library\ScriptAssemblies\Unity.2D.Enhancers.Editor.dll'
             Unity.InputSystem
                 Private = 'False'
                 HintPath = 'Library\ScriptAssemblies\Unity.InputSystem.dll'
             Unity.2D.SpriteShape.Editor
                 Private = 'False'
                 HintPath = 'Library\ScriptAssemblies\Unity.2D.SpriteShape.Editor.dll'
             Unity.Splines
                 Private = 'False'
                 HintPath = 'Library\ScriptAssemblies\Unity.Splines.dll'
             Unity.Addressables.Editor
                 Private = 'False'
                 HintPath = 'Library\ScriptAssemblies\Unity.Addressables.Editor.dll'
             Unity.AppUI.Redux
                 Private = 'False'
                 HintPath = 'Library\ScriptAssemblies\Unity.AppUI.Redux.dll'
             Unity.InferenceEngine.ONNX.Editor
                 Private = 'False'
                 HintPath = 'Library\ScriptAssemblies\Unity.InferenceEngine.ONNX.Editor.dll'
             Unity.Netcode.Editor
                 Private = 'False'
                 HintPath = 'Library\ScriptAssemblies\Unity.Netcode.Editor.dll'
             Unity.RenderPipelines.Core.Editor
                 Private = 'False'
                 HintPath = 'Library\ScriptAssemblies\Unity.RenderPipelines.Core.Editor.dll'
             Unity.2D.IK.Runtime
                 Private = 'False'
                 HintPath = 'Library\ScriptAssemblies\Unity.2D.IK.Runtime.dll'
             Unity.ScriptableBuildPipeline
                 Private = 'False'
                 HintPath = 'Library\ScriptAssemblies\Unity.ScriptableBuildPipeline.dll'
             Unity.2D.Animation.Editor
                 Private = 'False'
                 HintPath = 'Library\ScriptAssemblies\Unity.2D.Animation.Editor.dll'
             Unity.RenderPipelines.Universal.Editor
                 Private = 'False'
                 HintPath = 'Library\ScriptAssemblies\Unity.RenderPipelines.Universal.Editor.dll'
             Unity.Multiplayer.PlayMode.Scenarios.Editor
                 Private = 'False'
                 HintPath = 'Library\ScriptAssemblies\Unity.Multiplayer.PlayMode.Scenarios.Editor.dll'
             Unity.Timeline
                 Private = 'False'
                 HintPath = 'Library\ScriptAssemblies\Unity.Timeline.dll'
             Unity.Multiplayer.PlayMode.Editor.Bridge
                 Private = 'False'
                 HintPath = 'Library\ScriptAssemblies\Unity.Multiplayer.PlayMode.Editor.Bridge.dll'
             Unity.VisualScripting.Shared.Editor
                 Private = 'False'
                 HintPath = 'Library\ScriptAssemblies\Unity.VisualScripting.Shared.Editor.dll'
             Unity.ScriptableBuildPipeline.Editor
                 Private = 'False'
                 HintPath = 'Library\ScriptAssemblies\Unity.ScriptableBuildPipeline.Editor.dll'
             Unity.Searcher.Editor
                 Private = 'False'
                 HintPath = 'Library\ScriptAssemblies\Unity.Searcher.Editor.dll'
             Unity.PlasticSCM.Editor
                 Private = 'False'
                 HintPath = 'Library\ScriptAssemblies\Unity.PlasticSCM.Editor.dll'
             Unity.Burst.Editor
                 Private = 'False'
                 HintPath = 'Library\ScriptAssemblies\Unity.Burst.Editor.dll'
             Unity.VisualScripting.Core
                 Private = 'False'
                 HintPath = 'Library\ScriptAssemblies\Unity.VisualScripting.Core.dll'
             Unity.Mathematics.Editor
                 Private = 'False'
                 HintPath = 'Library\ScriptAssemblies\Unity.Mathematics.Editor.dll'
             Unity.Cinemachine.Editor
                 Private = 'False'
                 HintPath = 'Library\ScriptAssemblies\Unity.Cinemachine.Editor.dll'
             Unity.Cinemachine
                 Private = 'False'
                 HintPath = 'Library\ScriptAssemblies\Unity.Cinemachine.dll'
             Unity.Services.Core.Analytics
                 Private = 'False'
                 HintPath = 'Library\ScriptAssemblies\Unity.Services.Core.Analytics.dll'
             Unity.Multiplayer.Center.NetcodeForGameObjectsExample
                 Private = 'False'
                 HintPath = 'Library\ScriptAssemblies\Unity.Multiplayer.Center.NetcodeForGameObjectsExample.dll'
             Unity.2D.Psdimporter.Editor
                 Private = 'False'
                 HintPath = 'Library\ScriptAssemblies\Unity.2D.Psdimporter.Editor.dll'
             Unity.RenderPipelines.Core.Runtime
                 Private = 'False'
                 HintPath = 'Library\ScriptAssemblies\Unity.RenderPipelines.Core.Runtime.dll'
             Unity.Services.Relay
                 Private = 'False'
                 HintPath = 'Library\ScriptAssemblies\Unity.Services.Relay.dll'
             Unity.2D.Tilemap.Extras
                 Private = 'False'
                 HintPath = 'Library\ScriptAssemblies\Unity.2D.Tilemap.Extras.dll'
             Unity.VisualScripting.Flow.Editor
                 Private = 'False'
                 HintPath = 'Library\ScriptAssemblies\Unity.VisualScripting.Flow.Editor.dll'
             Unity.2D.IK.Editor
                 Private = 'False'
                 HintPath = 'Library\ScriptAssemblies\Unity.2D.IK.Editor.dll'
             Unity.2D.SpriteShape.Runtime
                 Private = 'False'
                 HintPath = 'Library\ScriptAssemblies\Unity.2D.SpriteShape.Runtime.dll'
             Unity.ResourceManager
                 Private = 'False'
                 HintPath = 'Library\ScriptAssemblies\Unity.ResourceManager.dll'
             Unity.Netcode.PackageChecker.Editor
                 Private = 'False'
                 HintPath = 'Library\ScriptAssemblies\Unity.Netcode.PackageChecker.Editor.dll'
             Unity.2D.Common.Runtime
                 Private = 'False'
                 HintPath = 'Library\ScriptAssemblies\Unity.2D.Common.Runtime.dll'
             Unity.Collections
                 Private = 'False'
                 HintPath = 'Library\ScriptAssemblies\Unity.Collections.dll'
             Unity.Networking.Transport
                 Private = 'False'
                 HintPath = 'Library\ScriptAssemblies\Unity.Networking.Transport.dll'
             Unity.AI.Assistant.Agent.Dynamic.Extension.Editor
                 Private = 'False'
                 HintPath = 'Library\ScriptAssemblies\Unity.AI.Assistant.Agent.Dynamic.Extension.Editor.dll'
             Unity.Timeline.Editor
                 Private = 'False'
                 HintPath = 'Library\ScriptAssemblies\Unity.Timeline.Editor.dll'
             Unity.AppUI.Editor
                 Private = 'False'
                 HintPath = 'Library\ScriptAssemblies\Unity.AppUI.Editor.dll'
             Unity.Mathematics
                 Private = 'False'
                 HintPath = 'Library\ScriptAssemblies\Unity.Mathematics.dll'
             Unity.Serialization
                 Private = 'False'
                 HintPath = 'Library\ScriptAssemblies\Unity.Serialization.dll'
             Unity.Multiplayer.PlayMode.Configurations.Editor
                 Private = 'False'
                 HintPath = 'Library\ScriptAssemblies\Unity.Multiplayer.PlayMode.Configurations.Editor.dll'
             Unity.Multiplayer.Center.Common
                 Private = 'False'
                 HintPath = 'Library\ScriptAssemblies\Unity.Multiplayer.Center.Common.dll'
             Unity.Multiplayer.Center.Integrations
                 Private = 'False'
                 HintPath = 'Library\ScriptAssemblies\Unity.Multiplayer.Center.Integrations.dll'
             Unity.Burst
                 Private = 'False'
                 HintPath = 'Library\ScriptAssemblies\Unity.Burst.dll'
             Unity.VisualScripting.Core.Editor
                 Private = 'False'
                 HintPath = 'Library\ScriptAssemblies\Unity.VisualScripting.Core.Editor.dll'
             Unity.Multiplayer.Center.Editor
                 Private = 'False'
                 HintPath = 'Library\ScriptAssemblies\Unity.Multiplayer.Center.Editor.dll'
             Unity.Multiplayer.Playmode
                 Private = 'False'
                 HintPath = 'Library\ScriptAssemblies\Unity.Multiplayer.Playmode.dll'
             Unity.InferenceEngine.Tokenization
                 Private = 'False'
                 HintPath = 'Library\ScriptAssemblies\Unity.InferenceEngine.Tokenization.dll'
             Unity.Rendering.LightTransport.Runtime
                 Private = 'False'
                 HintPath = 'Library\ScriptAssemblies\Unity.Rendering.LightTransport.Runtime.dll'
             Unity.VisualScripting.State
                 Private = 'False'
                 HintPath = 'Library\ScriptAssemblies\Unity.VisualScripting.State.dll'
             Unity.AppUI.Navigation.Editor
                 Private = 'False'
                 HintPath = 'Library\ScriptAssemblies\Unity.AppUI.Navigation.Editor.dll'
             Unity.RenderPipeline.Universal.ShaderLibrary
                 Private = 'False'
                 HintPath = 'Library\ScriptAssemblies\Unity.RenderPipeline.Universal.ShaderLibrary.dll'
             Unity.Collections.Editor
                 Private = 'False'
                 HintPath = 'Library\ScriptAssemblies\Unity.Collections.Editor.dll'
             Unity.Serialization.Editor
                 Private = 'False'
                 HintPath = 'Library\ScriptAssemblies\Unity.Serialization.Editor.dll'
             Unity.ShaderGraph.Editor
                 Private = 'False'
                 HintPath = 'Library\ScriptAssemblies\Unity.ShaderGraph.Editor.dll'
             Unity.InferenceEngine.iOSBLAS
                 Private = 'False'
                 HintPath = 'Library\ScriptAssemblies\Unity.InferenceEngine.iOSBLAS.dll'
             Unity.Settings.Editor
                 Private = 'False'
                 HintPath = 'Library\ScriptAssemblies\Unity.Settings.Editor.dll'
             UnityEditor.UI
                 Private = 'False'
                 HintPath = 'Library\ScriptAssemblies\UnityEditor.UI.dll'
             Unity.InferenceEngine
                 Private = 'False'
                 HintPath = 'Library\ScriptAssemblies\Unity.InferenceEngine.dll'
         AssemblyFiles:
         CandidateAssemblyFiles:
         TargetFrameworkDirectories:
             C:\Program Files (x86)\Reference Assemblies\Microsoft\Framework\.NETFramework\v4.7.1\
         InstalledAssemblyTables:
         IgnoreInstalledAssemblyTable:
             False
         SearchPaths:
             {CandidateAssemblyFiles}
             {HintPathFromItem}
             {TargetFrameworkDirectory}
             {Registry:Software\Microsoft\.NETFramework,v4.7.1,AssemblyFoldersEx}
             {AssemblyFolders}
             {GAC}
             {RawFileName}
             Temp\bin\Debug\
         AllowedAssemblyExtensions:
             .winmd
             .dll
             .exe
         AllowedRelatedFileExtensions:
             .pdb
             .xml
             .pri
             .dll.config
             .exe.config
         AppConfigFile:
             
         AutoUnify:
             True
         CopyLocalDependenciesWhenParentReferenceInGac:
             True
         FindDependencies:
             True
         TargetProcessorArchitecture:
             msil
         StateFile:
             obj\Debug\Assembly-CSharp.csproj.AssemblyReference.cache
         InstalledAssemblySubsetTables:
         IgnoreInstalledAssemblySubsetTable:
             False
         TargetFrameworkSubsets:
         FullTargetFrameworkSubsetNames:
             Full
         ProfileName:
             
         FullFrameworkFolders:
             C:\Program Files (x86)\Reference Assemblies\Microsoft\Framework\.NETFramework\v4.7.1\
         LatestTargetFrameworkDirectories:
         ProfileTablesLocation:
         Primary reference "UnityEngine, Version=0.0.0.0, Culture=neutral, PublicKeyToken=null".
             Resolved file path is "C:\Program Files\Unity\Hub\Editor\6000.2.0f1\Editor\Data\Managed\UnityEngine\UnityEngine.dll".
             Reference found at search path location "{HintPathFromItem}".
             Found related file "C:\Program Files\Unity\Hub\Editor\6000.2.0f1\Editor\Data\Managed\UnityEngine\UnityEngine.xml".
             This reference is not "CopyLocal" because at least one source item had "Private" set to "false" and no source items had "Private" set to "true".
         Primary reference "UnityEngine.AIModule, Version=0.0.0.0, Culture=neutral, PublicKeyToken=null".
             Resolved file path is "C:\Program Files\Unity\Hub\Editor\6000.2.0f1\Editor\Data\Managed\UnityEngine\UnityEngine.AIModule.dll".
             Reference found at search path location "{HintPathFromItem}".
             Found related file "C:\Program Files\Unity\Hub\Editor\6000.2.0f1\Editor\Data\Managed\UnityEngine\UnityEngine.AIModule.xml".
             This reference is not "CopyLocal" because at least one source item had "Private" set to "false" and no source items had "Private" set to "true".
         Primary reference "UnityEngine.ARModule, Version=0.0.0.0, Culture=neutral, PublicKeyToken=null".
             Resolved file path is "C:\Program Files\Unity\Hub\Editor\6000.2.0f1\Editor\Data\Managed\UnityEngine\UnityEngine.ARModule.dll".
             Reference found at search path location "{HintPathFromItem}".
             Found related file "C:\Program Files\Unity\Hub\Editor\6000.2.0f1\Editor\Data\Managed\UnityEngine\UnityEngine.ARModule.xml".
             This reference is not "CopyLocal" because at least one source item had "Private" set to "false" and no source items had "Private" set to "true".
         Primary reference "UnityEngine.AccessibilityModule, Version=0.0.0.0, Culture=neutral, PublicKeyToken=null".
             Resolved file path is "C:\Program Files\Unity\Hub\Editor\6000.2.0f1\Editor\Data\Managed\UnityEngine\UnityEngine.AccessibilityModule.dll".
             Reference found at search path location "{HintPathFromItem}".
             Found related file "C:\Program Files\Unity\Hub\Editor\6000.2.0f1\Editor\Data\Managed\UnityEngine\UnityEngine.AccessibilityModule.xml".
             This reference is not "CopyLocal" because at least one source item had "Private" set to "false" and no source items had "Private" set to "true".
         Primary reference "UnityEngine.AndroidJNIModule, Version=0.0.0.0, Culture=neutral, PublicKeyToken=null".
             Resolved file path is "C:\Program Files\Unity\Hub\Editor\6000.2.0f1\Editor\Data\Managed\UnityEngine\UnityEngine.AndroidJNIModule.dll".
             Reference found at search path location "{HintPathFromItem}".
             Found related file "C:\Program Files\Unity\Hub\Editor\6000.2.0f1\Editor\Data\Managed\UnityEngine\UnityEngine.AndroidJNIModule.xml".
             This reference is not "CopyLocal" because at least one source item had "Private" set to "false" and no source items had "Private" set to "true".
         Primary reference "UnityEngine.AnimationModule, Version=0.0.0.0, Culture=neutral, PublicKeyToken=null".
             Resolved file path is "C:\Program Files\Unity\Hub\Editor\6000.2.0f1\Editor\Data\Managed\UnityEngine\UnityEngine.AnimationModule.dll".
             Reference found at search path location "{HintPathFromItem}".
             Found related file "C:\Program Files\Unity\Hub\Editor\6000.2.0f1\Editor\Data\Managed\UnityEngine\UnityEngine.AnimationModule.xml".
             This reference is not "CopyLocal" because at least one source item had "Private" set to "false" and no source items had "Private" set to "true".
         Primary reference "UnityEngine.AssetBundleModule, Version=0.0.0.0, Culture=neutral, PublicKeyToken=null".
             Resolved file path is "C:\Program Files\Unity\Hub\Editor\6000.2.0f1\Editor\Data\Managed\UnityEngine\UnityEngine.AssetBundleModule.dll".
             Reference found at search path location "{HintPathFromItem}".
             Found related file "C:\Program Files\Unity\Hub\Editor\6000.2.0f1\Editor\Data\Managed\UnityEngine\UnityEngine.AssetBundleModule.xml".
             This reference is not "CopyLocal" because at least one source item had "Private" set to "false" and no source items had "Private" set to "true".
         Primary reference "UnityEngine.AudioModule, Version=0.0.0.0, Culture=neutral, PublicKeyToken=null".
             Resolved file path is "C:\Program Files\Unity\Hub\Editor\6000.2.0f1\Editor\Data\Managed\UnityEngine\UnityEngine.AudioModule.dll".
             Reference found at search path location "{HintPathFromItem}".
             Found related file "C:\Program Files\Unity\Hub\Editor\6000.2.0f1\Editor\Data\Managed\UnityEngine\UnityEngine.AudioModule.xml".
             This reference is not "CopyLocal" because at least one source item had "Private" set to "false" and no source items had "Private" set to "true".
         Primary reference "UnityEngine.ClothModule, Version=0.0.0.0, Culture=neutral, PublicKeyToken=null".
             Resolved file path is "C:\Program Files\Unity\Hub\Editor\6000.2.0f1\Editor\Data\Managed\UnityEngine\UnityEngine.ClothModule.dll".
             Reference found at search path location "{HintPathFromItem}".
             Found related file "C:\Program Files\Unity\Hub\Editor\6000.2.0f1\Editor\Data\Managed\UnityEngine\UnityEngine.ClothModule.xml".
             This reference is not "CopyLocal" because at least one source item had "Private" set to "false" and no source items had "Private" set to "true".
         Primary reference "UnityEngine.ClusterInputModule, Version=0.0.0.0, Culture=neutral, PublicKeyToken=null".
             Resolved file path is "C:\Program Files\Unity\Hub\Editor\6000.2.0f1\Editor\Data\Managed\UnityEngine\UnityEngine.ClusterInputModule.dll".
             Reference found at search path location "{HintPathFromItem}".
             Found related file "C:\Program Files\Unity\Hub\Editor\6000.2.0f1\Editor\Data\Managed\UnityEngine\UnityEngine.ClusterInputModule.xml".
             This reference is not "CopyLocal" because at least one source item had "Private" set to "false" and no source items had "Private" set to "true".
         Primary reference "UnityEngine.ClusterRendererModule, Version=0.0.0.0, Culture=neutral, PublicKeyToken=null".
             Resolved file path is "C:\Program Files\Unity\Hub\Editor\6000.2.0f1\Editor\Data\Managed\UnityEngine\UnityEngine.ClusterRendererModule.dll".
             Reference found at search path location "{HintPathFromItem}".
             Found related file "C:\Program Files\Unity\Hub\Editor\6000.2.0f1\Editor\Data\Managed\UnityEngine\UnityEngine.ClusterRendererModule.xml".
             This reference is not "CopyLocal" because at least one source item had "Private" set to "false" and no source items had "Private" set to "true".
         Primary reference "UnityEngine.ContentLoadModule, Version=0.0.0.0, Culture=neutral, PublicKeyToken=null".
             Resolved file path is "C:\Program Files\Unity\Hub\Editor\6000.2.0f1\Editor\Data\Managed\UnityEngine\UnityEngine.ContentLoadModule.dll".
             Reference found at search path location "{HintPathFromItem}".
             Found related file "C:\Program Files\Unity\Hub\Editor\6000.2.0f1\Editor\Data\Managed\UnityEngine\UnityEngine.ContentLoadModule.xml".
             This reference is not "CopyLocal" because at least one source item had "Private" set to "false" and no source items had "Private" set to "true".
         Primary reference "UnityEngine.CoreModule, Version=0.0.0.0, Culture=neutral, PublicKeyToken=null".
             Resolved file path is "C:\Program Files\Unity\Hub\Editor\6000.2.0f1\Editor\Data\Managed\UnityEngine\UnityEngine.CoreModule.dll".
             Reference found at search path location "{HintPathFromItem}".
             Found related file "C:\Program Files\Unity\Hub\Editor\6000.2.0f1\Editor\Data\Managed\UnityEngine\UnityEngine.CoreModule.xml".
             This reference is not "CopyLocal" because at least one source item had "Private" set to "false" and no source items had "Private" set to "true".
         Primary reference "UnityEngine.CrashReportingModule, Version=0.0.0.0, Culture=neutral, PublicKeyToken=null".
             Resolved file path is "C:\Program Files\Unity\Hub\Editor\6000.2.0f1\Editor\Data\Managed\UnityEngine\UnityEngine.CrashReportingModule.dll".
             Reference found at search path location "{HintPathFromItem}".
             Found related file "C:\Program Files\Unity\Hub\Editor\6000.2.0f1\Editor\Data\Managed\UnityEngine\UnityEngine.CrashReportingModule.xml".
             This reference is not "CopyLocal" because at least one source item had "Private" set to "false" and no source items had "Private" set to "true".
         Primary reference "UnityEngine.DSPGraphModule, Version=0.0.0.0, Culture=neutral, PublicKeyToken=null".
             Resolved file path is "C:\Program Files\Unity\Hub\Editor\6000.2.0f1\Editor\Data\Managed\UnityEngine\UnityEngine.DSPGraphModule.dll".
             Reference found at search path location "{HintPathFromItem}".
             Found related file "C:\Program Files\Unity\Hub\Editor\6000.2.0f1\Editor\Data\Managed\UnityEngine\UnityEngine.DSPGraphModule.xml".
             This reference is not "CopyLocal" because at least one source item had "Private" set to "false" and no source items had "Private" set to "true".
         Primary reference "UnityEngine.DirectorModule, Version=0.0.0.0, Culture=neutral, PublicKeyToken=null".
             Resolved file path is "C:\Program Files\Unity\Hub\Editor\6000.2.0f1\Editor\Data\Managed\UnityEngine\UnityEngine.DirectorModule.dll".
             Reference found at search path location "{HintPathFromItem}".
             Found related file "C:\Program Files\Unity\Hub\Editor\6000.2.0f1\Editor\Data\Managed\UnityEngine\UnityEngine.DirectorModule.xml".
             This reference is not "CopyLocal" because at least one source item had "Private" set to "false" and no source items had "Private" set to "true".
         Primary reference "UnityEngine.GIModule, Version=0.0.0.0, Culture=neutral, PublicKeyToken=null".
             Resolved file path is "C:\Program Files\Unity\Hub\Editor\6000.2.0f1\Editor\Data\Managed\UnityEngine\UnityEngine.GIModule.dll".
             Reference found at search path location "{HintPathFromItem}".
             Found related file "C:\Program Files\Unity\Hub\Editor\6000.2.0f1\Editor\Data\Managed\UnityEngine\UnityEngine.GIModule.xml".
             This reference is not "CopyLocal" because at least one source item had "Private" set to "false" and no source items had "Private" set to "true".
         Primary reference "UnityEngine.GameCenterModule, Version=0.0.0.0, Culture=neutral, PublicKeyToken=null".
             Resolved file path is "C:\Program Files\Unity\Hub\Editor\6000.2.0f1\Editor\Data\Managed\UnityEngine\UnityEngine.GameCenterModule.dll".
             Reference found at search path location "{HintPathFromItem}".
             Found related file "C:\Program Files\Unity\Hub\Editor\6000.2.0f1\Editor\Data\Managed\UnityEngine\UnityEngine.GameCenterModule.xml".
             This reference is not "CopyLocal" because at least one source item had "Private" set to "false" and no source items had "Private" set to "true".
         Primary reference "UnityEngine.GraphicsStateCollectionSerializerModule, Version=0.0.0.0, Culture=neutral, PublicKeyToken=null".
             Resolved file path is "C:\Program Files\Unity\Hub\Editor\6000.2.0f1\Editor\Data\Managed\UnityEngine\UnityEngine.GraphicsStateCollectionSerializerModule.dll".
             Reference found at search path location "{HintPathFromItem}".
             Found related file "C:\Program Files\Unity\Hub\Editor\6000.2.0f1\Editor\Data\Managed\UnityEngine\UnityEngine.GraphicsStateCollectionSerializerModule.xml".
             This reference is not "CopyLocal" because at least one source item had "Private" set to "false" and no source items had "Private" set to "true".
         Primary reference "UnityEngine.GridModule, Version=0.0.0.0, Culture=neutral, PublicKeyToken=null".
             Resolved file path is "C:\Program Files\Unity\Hub\Editor\6000.2.0f1\Editor\Data\Managed\UnityEngine\UnityEngine.GridModule.dll".
             Reference found at search path location "{HintPathFromItem}".
             Found related file "C:\Program Files\Unity\Hub\Editor\6000.2.0f1\Editor\Data\Managed\UnityEngine\UnityEngine.GridModule.xml".
             This reference is not "CopyLocal" because at least one source item had "Private" set to "false" and no source items had "Private" set to "true".
         Primary reference "UnityEngine.HierarchyCoreModule, Version=0.0.0.0, Culture=neutral, PublicKeyToken=null".
             Resolved file path is "C:\Program Files\Unity\Hub\Editor\6000.2.0f1\Editor\Data\Managed\UnityEngine\UnityEngine.HierarchyCoreModule.dll".
             Reference found at search path location "{HintPathFromItem}".
             Found related file "C:\Program Files\Unity\Hub\Editor\6000.2.0f1\Editor\Data\Managed\UnityEngine\UnityEngine.HierarchyCoreModule.xml".
             This reference is not "CopyLocal" because at least one source item had "Private" set to "false" and no source items had "Private" set to "true".
         Primary reference "UnityEngine.HotReloadModule, Version=0.0.0.0, Culture=neutral, PublicKeyToken=null".
             Resolved file path is "C:\Program Files\Unity\Hub\Editor\6000.2.0f1\Editor\Data\Managed\UnityEngine\UnityEngine.HotReloadModule.dll".
             Reference found at search path location "{HintPathFromItem}".
             Found related file "C:\Program Files\Unity\Hub\Editor\6000.2.0f1\Editor\Data\Managed\UnityEngine\UnityEngine.HotReloadModule.xml".
             This reference is not "CopyLocal" because at least one source item had "Private" set to "false" and no source items had "Private" set to "true".
         Primary reference "UnityEngine.IMGUIModule, Version=0.0.0.0, Culture=neutral, PublicKeyToken=null".
             Resolved file path is "C:\Program Files\Unity\Hub\Editor\6000.2.0f1\Editor\Data\Managed\UnityEngine\UnityEngine.IMGUIModule.dll".
             Reference found at search path location "{HintPathFromItem}".
             Found related file "C:\Program Files\Unity\Hub\Editor\6000.2.0f1\Editor\Data\Managed\UnityEngine\UnityEngine.IMGUIModule.xml".
             This reference is not "CopyLocal" because at least one source item had "Private" set to "false" and no source items had "Private" set to "true".
         Primary reference "UnityEngine.IdentifiersModule, Version=0.0.0.0, Culture=neutral, PublicKeyToken=null".
             Resolved file path is "C:\Program Files\Unity\Hub\Editor\6000.2.0f1\Editor\Data\Managed\UnityEngine\UnityEngine.IdentifiersModule.dll".
             Reference found at search path location "{HintPathFromItem}".
             Found related file "C:\Program Files\Unity\Hub\Editor\6000.2.0f1\Editor\Data\Managed\UnityEngine\UnityEngine.IdentifiersModule.xml".
             This reference is not "CopyLocal" because at least one source item had "Private" set to "false" and no source items had "Private" set to "true".
         Primary reference "UnityEngine.ImageConversionModule, Version=0.0.0.0, Culture=neutral, PublicKeyToken=null".
             Resolved file path is "C:\Program Files\Unity\Hub\Editor\6000.2.0f1\Editor\Data\Managed\UnityEngine\UnityEngine.ImageConversionModule.dll".
             Reference found at search path location "{HintPathFromItem}".
             Found related file "C:\Program Files\Unity\Hub\Editor\6000.2.0f1\Editor\Data\Managed\UnityEngine\UnityEngine.ImageConversionModule.xml".
             This reference is not "CopyLocal" because at least one source item had "Private" set to "false" and no source items had "Private" set to "true".
         Primary reference "UnityEngine.InputModule, Version=0.0.0.0, Culture=neutral, PublicKeyToken=null".
             Resolved file path is "C:\Program Files\Unity\Hub\Editor\6000.2.0f1\Editor\Data\Managed\UnityEngine\UnityEngine.InputModule.dll".
             Reference found at search path location "{HintPathFromItem}".
             Found related file "C:\Program Files\Unity\Hub\Editor\6000.2.0f1\Editor\Data\Managed\UnityEngine\UnityEngine.InputModule.xml".
             This reference is not "CopyLocal" because at least one source item had "Private" set to "false" and no source items had "Private" set to "true".
         Primary reference "UnityEngine.InputForUIModule, Version=0.0.0.0, Culture=neutral, PublicKeyToken=null".
             Resolved file path is "C:\Program Files\Unity\Hub\Editor\6000.2.0f1\Editor\Data\Managed\UnityEngine\UnityEngine.InputForUIModule.dll".
             Reference found at search path location "{HintPathFromItem}".
             Found related file "C:\Program Files\Unity\Hub\Editor\6000.2.0f1\Editor\Data\Managed\UnityEngine\UnityEngine.InputForUIModule.xml".
             This reference is not "CopyLocal" because at least one source item had "Private" set to "false" and no source items had "Private" set to "true".
         Primary reference "UnityEngine.InputLegacyModule, Version=0.0.0.0, Culture=neutral, PublicKeyToken=null".
             Resolved file path is "C:\Program Files\Unity\Hub\Editor\6000.2.0f1\Editor\Data\Managed\UnityEngine\UnityEngine.InputLegacyModule.dll".
             Reference found at search path location "{HintPathFromItem}".
             Found related file "C:\Program Files\Unity\Hub\Editor\6000.2.0f1\Editor\Data\Managed\UnityEngine\UnityEngine.InputLegacyModule.xml".
             This reference is not "CopyLocal" because at least one source item had "Private" set to "false" and no source items had "Private" set to "true".
         Primary reference "UnityEngine.InsightsModule, Version=0.0.0.0, Culture=neutral, PublicKeyToken=null".
             Resolved file path is "C:\Program Files\Unity\Hub\Editor\6000.2.0f1\Editor\Data\Managed\UnityEngine\UnityEngine.InsightsModule.dll".
             Reference found at search path location "{HintPathFromItem}".
             Found related file "C:\Program Files\Unity\Hub\Editor\6000.2.0f1\Editor\Data\Managed\UnityEngine\UnityEngine.InsightsModule.xml".
             This reference is not "CopyLocal" because at least one source item had "Private" set to "false" and no source items had "Private" set to "true".
         Primary reference "UnityEngine.JSONSerializeModule, Version=0.0.0.0, Culture=neutral, PublicKeyToken=null".
             Resolved file path is "C:\Program Files\Unity\Hub\Editor\6000.2.0f1\Editor\Data\Managed\UnityEngine\UnityEngine.JSONSerializeModule.dll".
             Reference found at search path location "{HintPathFromItem}".
             Found related file "C:\Program Files\Unity\Hub\Editor\6000.2.0f1\Editor\Data\Managed\UnityEngine\UnityEngine.JSONSerializeModule.xml".
             This reference is not "CopyLocal" because at least one source item had "Private" set to "false" and no source items had "Private" set to "true".
         Primary reference "UnityEngine.LocalizationModule, Version=0.0.0.0, Culture=neutral, PublicKeyToken=null".
             Resolved file path is "C:\Program Files\Unity\Hub\Editor\6000.2.0f1\Editor\Data\Managed\UnityEngine\UnityEngine.LocalizationModule.dll".
             Reference found at search path location "{HintPathFromItem}".
             Found related file "C:\Program Files\Unity\Hub\Editor\6000.2.0f1\Editor\Data\Managed\UnityEngine\UnityEngine.LocalizationModule.xml".
             This reference is not "CopyLocal" because at least one source item had "Private" set to "false" and no source items had "Private" set to "true".
         Primary reference "UnityEngine.MarshallingModule, Version=0.0.0.0, Culture=neutral, PublicKeyToken=null".
             Resolved file path is "C:\Program Files\Unity\Hub\Editor\6000.2.0f1\Editor\Data\Managed\UnityEngine\UnityEngine.MarshallingModule.dll".
             Reference found at search path location "{HintPathFromItem}".
             Found related file "C:\Program Files\Unity\Hub\Editor\6000.2.0f1\Editor\Data\Managed\UnityEngine\UnityEngine.MarshallingModule.xml".
             This reference is not "CopyLocal" because at least one source item had "Private" set to "false" and no source items had "Private" set to "true".
         Primary reference "UnityEngine.MultiplayerModule, Version=0.0.0.0, Culture=neutral, PublicKeyToken=null".
             Resolved file path is "C:\Program Files\Unity\Hub\Editor\6000.2.0f1\Editor\Data\Managed\UnityEngine\UnityEngine.MultiplayerModule.dll".
             Reference found at search path location "{HintPathFromItem}".
             Found related file "C:\Program Files\Unity\Hub\Editor\6000.2.0f1\Editor\Data\Managed\UnityEngine\UnityEngine.MultiplayerModule.xml".
             This reference is not "CopyLocal" because at least one source item had "Private" set to "false" and no source items had "Private" set to "true".
         Primary reference "UnityEngine.ParticleSystemModule, Version=0.0.0.0, Culture=neutral, PublicKeyToken=null".
             Resolved file path is "C:\Program Files\Unity\Hub\Editor\6000.2.0f1\Editor\Data\Managed\UnityEngine\UnityEngine.ParticleSystemModule.dll".
             Reference found at search path location "{HintPathFromItem}".
             Found related file "C:\Program Files\Unity\Hub\Editor\6000.2.0f1\Editor\Data\Managed\UnityEngine\UnityEngine.ParticleSystemModule.xml".
             This reference is not "CopyLocal" because at least one source item had "Private" set to "false" and no source items had "Private" set to "true".
         Primary reference "UnityEngine.PerformanceReportingModule, Version=0.0.0.0, Culture=neutral, PublicKeyToken=null".
             Resolved file path is "C:\Program Files\Unity\Hub\Editor\6000.2.0f1\Editor\Data\Managed\UnityEngine\UnityEngine.PerformanceReportingModule.dll".
             Reference found at search path location "{HintPathFromItem}".
             Found related file "C:\Program Files\Unity\Hub\Editor\6000.2.0f1\Editor\Data\Managed\UnityEngine\UnityEngine.PerformanceReportingModule.xml".
             This reference is not "CopyLocal" because at least one source item had "Private" set to "false" and no source items had "Private" set to "true".
         Primary reference "UnityEngine.PhysicsModule, Version=0.0.0.0, Culture=neutral, PublicKeyToken=null".
             Resolved file path is "C:\Program Files\Unity\Hub\Editor\6000.2.0f1\Editor\Data\Managed\UnityEngine\UnityEngine.PhysicsModule.dll".
             Reference found at search path location "{HintPathFromItem}".
             Found related file "C:\Program Files\Unity\Hub\Editor\6000.2.0f1\Editor\Data\Managed\UnityEngine\UnityEngine.PhysicsModule.xml".
             This reference is not "CopyLocal" because at least one source item had "Private" set to "false" and no source items had "Private" set to "true".
         Primary reference "UnityEngine.Physics2DModule, Version=0.0.0.0, Culture=neutral, PublicKeyToken=null".
             Resolved file path is "C:\Program Files\Unity\Hub\Editor\6000.2.0f1\Editor\Data\Managed\UnityEngine\UnityEngine.Physics2DModule.dll".
             Reference found at search path location "{HintPathFromItem}".
             Found related file "C:\Program Files\Unity\Hub\Editor\6000.2.0f1\Editor\Data\Managed\UnityEngine\UnityEngine.Physics2DModule.xml".
             This reference is not "CopyLocal" because at least one source item had "Private" set to "false" and no source items had "Private" set to "true".
         Primary reference "UnityEngine.PropertiesModule, Version=0.0.0.0, Culture=neutral, PublicKeyToken=null".
             Resolved file path is "C:\Program Files\Unity\Hub\Editor\6000.2.0f1\Editor\Data\Managed\UnityEngine\UnityEngine.PropertiesModule.dll".
             Reference found at search path location "{HintPathFromItem}".
             Found related file "C:\Program Files\Unity\Hub\Editor\6000.2.0f1\Editor\Data\Managed\UnityEngine\UnityEngine.PropertiesModule.xml".
             This reference is not "CopyLocal" because at least one source item had "Private" set to "false" and no source items had "Private" set to "true".
         Primary reference "UnityEngine.RuntimeInitializeOnLoadManagerInitializerModule, Version=0.0.0.0, Culture=neutral, PublicKeyToken=null".
             Resolved file path is "C:\Program Files\Unity\Hub\Editor\6000.2.0f1\Editor\Data\Managed\UnityEngine\UnityEngine.RuntimeInitializeOnLoadManagerInitializerModule.dll".
             Reference found at search path location "{HintPathFromItem}".
             Found related file "C:\Program Files\Unity\Hub\Editor\6000.2.0f1\Editor\Data\Managed\UnityEngine\UnityEngine.RuntimeInitializeOnLoadManagerInitializerModule.xml".
             This reference is not "CopyLocal" because at least one source item had "Private" set to "false" and no source items had "Private" set to "true".
         Primary reference "UnityEngine.ScreenCaptureModule, Version=0.0.0.0, Culture=neutral, PublicKeyToken=null".
             Resolved file path is "C:\Program Files\Unity\Hub\Editor\6000.2.0f1\Editor\Data\Managed\UnityEngine\UnityEngine.ScreenCaptureModule.dll".
             Reference found at search path location "{HintPathFromItem}".
             Found related file "C:\Program Files\Unity\Hub\Editor\6000.2.0f1\Editor\Data\Managed\UnityEngine\UnityEngine.ScreenCaptureModule.xml".
             This reference is not "CopyLocal" because at least one source item had "Private" set to "false" and no source items had "Private" set to "true".
         Primary reference "UnityEngine.ShaderVariantAnalyticsModule, Version=0.0.0.0, Culture=neutral, PublicKeyToken=null".
             Resolved file path is "C:\Program Files\Unity\Hub\Editor\6000.2.0f1\Editor\Data\Managed\UnityEngine\UnityEngine.ShaderVariantAnalyticsModule.dll".
             Reference found at search path location "{HintPathFromItem}".
             Found related file "C:\Program Files\Unity\Hub\Editor\6000.2.0f1\Editor\Data\Managed\UnityEngine\UnityEngine.ShaderVariantAnalyticsModule.xml".
             This reference is not "CopyLocal" because at least one source item had "Private" set to "false" and no source items had "Private" set to "true".
         Primary reference "UnityEngine.SharedInternalsModule, Version=0.0.0.0, Culture=neutral, PublicKeyToken=null".
             Resolved file path is "C:\Program Files\Unity\Hub\Editor\6000.2.0f1\Editor\Data\Managed\UnityEngine\UnityEngine.SharedInternalsModule.dll".
             Reference found at search path location "{HintPathFromItem}".
             Found related file "C:\Program Files\Unity\Hub\Editor\6000.2.0f1\Editor\Data\Managed\UnityEngine\UnityEngine.SharedInternalsModule.xml".
             This reference is not "CopyLocal" because at least one source item had "Private" set to "false" and no source items had "Private" set to "true".
         Primary reference "UnityEngine.SpriteMaskModule, Version=0.0.0.0, Culture=neutral, PublicKeyToken=null".
             Resolved file path is "C:\Program Files\Unity\Hub\Editor\6000.2.0f1\Editor\Data\Managed\UnityEngine\UnityEngine.SpriteMaskModule.dll".
             Reference found at search path location "{HintPathFromItem}".
             Found related file "C:\Program Files\Unity\Hub\Editor\6000.2.0f1\Editor\Data\Managed\UnityEngine\UnityEngine.SpriteMaskModule.xml".
             This reference is not "CopyLocal" because at least one source item had "Private" set to "false" and no source items had "Private" set to "true".
         Primary reference "UnityEngine.SpriteShapeModule, Version=0.0.0.0, Culture=neutral, PublicKeyToken=null".
             Resolved file path is "C:\Program Files\Unity\Hub\Editor\6000.2.0f1\Editor\Data\Managed\UnityEngine\UnityEngine.SpriteShapeModule.dll".
             Reference found at search path location "{HintPathFromItem}".
             Found related file "C:\Program Files\Unity\Hub\Editor\6000.2.0f1\Editor\Data\Managed\UnityEngine\UnityEngine.SpriteShapeModule.xml".
             This reference is not "CopyLocal" because at least one source item had "Private" set to "false" and no source items had "Private" set to "true".
         Primary reference "UnityEngine.StreamingModule, Version=0.0.0.0, Culture=neutral, PublicKeyToken=null".
             Resolved file path is "C:\Program Files\Unity\Hub\Editor\6000.2.0f1\Editor\Data\Managed\UnityEngine\UnityEngine.StreamingModule.dll".
             Reference found at search path location "{HintPathFromItem}".
             Found related file "C:\Program Files\Unity\Hub\Editor\6000.2.0f1\Editor\Data\Managed\UnityEngine\UnityEngine.StreamingModule.xml".
             This reference is not "CopyLocal" because at least one source item had "Private" set to "false" and no source items had "Private" set to "true".
         Primary reference "UnityEngine.SubstanceModule, Version=0.0.0.0, Culture=neutral, PublicKeyToken=null".
             Resolved file path is "C:\Program Files\Unity\Hub\Editor\6000.2.0f1\Editor\Data\Managed\UnityEngine\UnityEngine.SubstanceModule.dll".
             Reference found at search path location "{HintPathFromItem}".
             Found related file "C:\Program Files\Unity\Hub\Editor\6000.2.0f1\Editor\Data\Managed\UnityEngine\UnityEngine.SubstanceModule.xml".
             This reference is not "CopyLocal" because at least one source item had "Private" set to "false" and no source items had "Private" set to "true".
         Primary reference "UnityEngine.SubsystemsModule, Version=0.0.0.0, Culture=neutral, PublicKeyToken=null".
             Resolved file path is "C:\Program Files\Unity\Hub\Editor\6000.2.0f1\Editor\Data\Managed\UnityEngine\UnityEngine.SubsystemsModule.dll".
             Reference found at search path location "{HintPathFromItem}".
             Found related file "C:\Program Files\Unity\Hub\Editor\6000.2.0f1\Editor\Data\Managed\UnityEngine\UnityEngine.SubsystemsModule.xml".
             This reference is not "CopyLocal" because at least one source item had "Private" set to "false" and no source items had "Private" set to "true".
         Primary reference "UnityEngine.TLSModule, Version=0.0.0.0, Culture=neutral, PublicKeyToken=null".
             Resolved file path is "C:\Program Files\Unity\Hub\Editor\6000.2.0f1\Editor\Data\Managed\UnityEngine\UnityEngine.TLSModule.dll".
             Reference found at search path location "{HintPathFromItem}".
             Found related file "C:\Program Files\Unity\Hub\Editor\6000.2.0f1\Editor\Data\Managed\UnityEngine\UnityEngine.TLSModule.xml".
             This reference is not "CopyLocal" because at least one source item had "Private" set to "false" and no source items had "Private" set to "true".
         Primary reference "UnityEngine.TerrainModule, Version=0.0.0.0, Culture=neutral, PublicKeyToken=null".
             Resolved file path is "C:\Program Files\Unity\Hub\Editor\6000.2.0f1\Editor\Data\Managed\UnityEngine\UnityEngine.TerrainModule.dll".
             Reference found at search path location "{HintPathFromItem}".
             Found related file "C:\Program Files\Unity\Hub\Editor\6000.2.0f1\Editor\Data\Managed\UnityEngine\UnityEngine.TerrainModule.xml".
             This reference is not "CopyLocal" because at least one source item had "Private" set to "false" and no source items had "Private" set to "true".
         Primary reference "UnityEngine.TerrainPhysicsModule, Version=0.0.0.0, Culture=neutral, PublicKeyToken=null".
             Resolved file path is "C:\Program Files\Unity\Hub\Editor\6000.2.0f1\Editor\Data\Managed\UnityEngine\UnityEngine.TerrainPhysicsModule.dll".
             Reference found at search path location "{HintPathFromItem}".
             Found related file "C:\Program Files\Unity\Hub\Editor\6000.2.0f1\Editor\Data\Managed\UnityEngine\UnityEngine.TerrainPhysicsModule.xml".
             This reference is not "CopyLocal" because at least one source item had "Private" set to "false" and no source items had "Private" set to "true".
         Primary reference "UnityEngine.TextCoreFontEngineModule, Version=0.0.0.0, Culture=neutral, PublicKeyToken=null".
             Resolved file path is "C:\Program Files\Unity\Hub\Editor\6000.2.0f1\Editor\Data\Managed\UnityEngine\UnityEngine.TextCoreFontEngineModule.dll".
             Reference found at search path location "{HintPathFromItem}".
             Found related file "C:\Program Files\Unity\Hub\Editor\6000.2.0f1\Editor\Data\Managed\UnityEngine\UnityEngine.TextCoreFontEngineModule.xml".
             This reference is not "CopyLocal" because at least one source item had "Private" set to "false" and no source items had "Private" set to "true".
         Primary reference "UnityEngine.TextCoreTextEngineModule, Version=0.0.0.0, Culture=neutral, PublicKeyToken=null".
             Resolved file path is "C:\Program Files\Unity\Hub\Editor\6000.2.0f1\Editor\Data\Managed\UnityEngine\UnityEngine.TextCoreTextEngineModule.dll".
             Reference found at search path location "{HintPathFromItem}".
             Found related file "C:\Program Files\Unity\Hub\Editor\6000.2.0f1\Editor\Data\Managed\UnityEngine\UnityEngine.TextCoreTextEngineModule.xml".
             This reference is not "CopyLocal" because at least one source item had "Private" set to "false" and no source items had "Private" set to "true".
         Primary reference "UnityEngine.TextRenderingModule, Version=0.0.0.0, Culture=neutral, PublicKeyToken=null".
             Resolved file path is "C:\Program Files\Unity\Hub\Editor\6000.2.0f1\Editor\Data\Managed\UnityEngine\UnityEngine.TextRenderingModule.dll".
             Reference found at search path location "{HintPathFromItem}".
             Found related file "C:\Program Files\Unity\Hub\Editor\6000.2.0f1\Editor\Data\Managed\UnityEngine\UnityEngine.TextRenderingModule.xml".
             This reference is not "CopyLocal" because at least one source item had "Private" set to "false" and no source items had "Private" set to "true".
         Primary reference "UnityEngine.TilemapModule, Version=0.0.0.0, Culture=neutral, PublicKeyToken=null".
             Resolved file path is "C:\Program Files\Unity\Hub\Editor\6000.2.0f1\Editor\Data\Managed\UnityEngine\UnityEngine.TilemapModule.dll".
             Reference found at search path location "{HintPathFromItem}".
             Found related file "C:\Program Files\Unity\Hub\Editor\6000.2.0f1\Editor\Data\Managed\UnityEngine\UnityEngine.TilemapModule.xml".
             This reference is not "CopyLocal" because at least one source item had "Private" set to "false" and no source items had "Private" set to "true".
         Primary reference "UnityEngine.UIModule, Version=0.0.0.0, Culture=neutral, PublicKeyToken=null".
             Resolved file path is "C:\Program Files\Unity\Hub\Editor\6000.2.0f1\Editor\Data\Managed\UnityEngine\UnityEngine.UIModule.dll".
             Reference found at search path location "{HintPathFromItem}".
             Found related file "C:\Program Files\Unity\Hub\Editor\6000.2.0f1\Editor\Data\Managed\UnityEngine\UnityEngine.UIModule.xml".
             This reference is not "CopyLocal" because at least one source item had "Private" set to "false" and no source items had "Private" set to "true".
         Primary reference "UnityEngine.UIElementsModule, Version=0.0.0.0, Culture=neutral, PublicKeyToken=null".
             Resolved file path is "C:\Program Files\Unity\Hub\Editor\6000.2.0f1\Editor\Data\Managed\UnityEngine\UnityEngine.UIElementsModule.dll".
             Reference found at search path location "{HintPathFromItem}".
             Found related file "C:\Program Files\Unity\Hub\Editor\6000.2.0f1\Editor\Data\Managed\UnityEngine\UnityEngine.UIElementsModule.xml".
             This reference is not "CopyLocal" because at least one source item had "Private" set to "false" and no source items had "Private" set to "true".
         Primary reference "UnityEngine.UmbraModule, Version=0.0.0.0, Culture=neutral, PublicKeyToken=null".
             Resolved file path is "C:\Program Files\Unity\Hub\Editor\6000.2.0f1\Editor\Data\Managed\UnityEngine\UnityEngine.UmbraModule.dll".
             Reference found at search path location "{HintPathFromItem}".
             Found related file "C:\Program Files\Unity\Hub\Editor\6000.2.0f1\Editor\Data\Managed\UnityEngine\UnityEngine.UmbraModule.xml".
             This reference is not "CopyLocal" because at least one source item had "Private" set to "false" and no source items had "Private" set to "true".
         Primary reference "UnityEngine.UnityAnalyticsModule, Version=0.0.0.0, Culture=neutral, PublicKeyToken=null".
             Resolved file path is "C:\Program Files\Unity\Hub\Editor\6000.2.0f1\Editor\Data\Managed\UnityEngine\UnityEngine.UnityAnalyticsModule.dll".
             Reference found at search path location "{HintPathFromItem}".
             Found related file "C:\Program Files\Unity\Hub\Editor\6000.2.0f1\Editor\Data\Managed\UnityEngine\UnityEngine.UnityAnalyticsModule.xml".
             This reference is not "CopyLocal" because at least one source item had "Private" set to "false" and no source items had "Private" set to "true".
         Primary reference "UnityEngine.UnityAnalyticsCommonModule, Version=0.0.0.0, Culture=neutral, PublicKeyToken=null".
             Resolved file path is "C:\Program Files\Unity\Hub\Editor\6000.2.0f1\Editor\Data\Managed\UnityEngine\UnityEngine.UnityAnalyticsCommonModule.dll".
             Reference found at search path location "{HintPathFromItem}".
             Found related file "C:\Program Files\Unity\Hub\Editor\6000.2.0f1\Editor\Data\Managed\UnityEngine\UnityEngine.UnityAnalyticsCommonModule.xml".
             This reference is not "CopyLocal" because at least one source item had "Private" set to "false" and no source items had "Private" set to "true".
         Primary reference "UnityEngine.UnityConnectModule, Version=0.0.0.0, Culture=neutral, PublicKeyToken=null".
             Resolved file path is "C:\Program Files\Unity\Hub\Editor\6000.2.0f1\Editor\Data\Managed\UnityEngine\UnityEngine.UnityConnectModule.dll".
             Reference found at search path location "{HintPathFromItem}".
             Found related file "C:\Program Files\Unity\Hub\Editor\6000.2.0f1\Editor\Data\Managed\UnityEngine\UnityEngine.UnityConnectModule.xml".
             This reference is not "CopyLocal" because at least one source item had "Private" set to "false" and no source items had "Private" set to "true".
         Primary reference "UnityEngine.UnityConsentModule, Version=0.0.0.0, Culture=neutral, PublicKeyToken=null".
             Resolved file path is "C:\Program Files\Unity\Hub\Editor\6000.2.0f1\Editor\Data\Managed\UnityEngine\UnityEngine.UnityConsentModule.dll".
             Reference found at search path location "{HintPathFromItem}".
             Found related file "C:\Program Files\Unity\Hub\Editor\6000.2.0f1\Editor\Data\Managed\UnityEngine\UnityEngine.UnityConsentModule.xml".
             This reference is not "CopyLocal" because at least one source item had "Private" set to "false" and no source items had "Private" set to "true".
         Primary reference "UnityEngine.UnityCurlModule, Version=0.0.0.0, Culture=neutral, PublicKeyToken=null".
             Resolved file path is "C:\Program Files\Unity\Hub\Editor\6000.2.0f1\Editor\Data\Managed\UnityEngine\UnityEngine.UnityCurlModule.dll".
             Reference found at search path location "{HintPathFromItem}".
             Found related file "C:\Program Files\Unity\Hub\Editor\6000.2.0f1\Editor\Data\Managed\UnityEngine\UnityEngine.UnityCurlModule.xml".
             This reference is not "CopyLocal" because at least one source item had "Private" set to "false" and no source items had "Private" set to "true".
         Primary reference "UnityEngine.UnityTestProtocolModule, Version=0.0.0.0, Culture=neutral, PublicKeyToken=null".
             Resolved file path is "C:\Program Files\Unity\Hub\Editor\6000.2.0f1\Editor\Data\Managed\UnityEngine\UnityEngine.UnityTestProtocolModule.dll".
             Reference found at search path location "{HintPathFromItem}".
             Found related file "C:\Program Files\Unity\Hub\Editor\6000.2.0f1\Editor\Data\Managed\UnityEngine\UnityEngine.UnityTestProtocolModule.xml".
             This reference is not "CopyLocal" because at least one source item had "Private" set to "false" and no source items had "Private" set to "true".
         Primary reference "UnityEngine.UnityWebRequestModule, Version=0.0.0.0, Culture=neutral, PublicKeyToken=null".
             Resolved file path is "C:\Program Files\Unity\Hub\Editor\6000.2.0f1\Editor\Data\Managed\UnityEngine\UnityEngine.UnityWebRequestModule.dll".
             Reference found at search path location "{HintPathFromItem}".
             Found related file "C:\Program Files\Unity\Hub\Editor\6000.2.0f1\Editor\Data\Managed\UnityEngine\UnityEngine.UnityWebRequestModule.xml".
             This reference is not "CopyLocal" because at least one source item had "Private" set to "false" and no source items had "Private" set to "true".
         Primary reference "UnityEngine.UnityWebRequestAssetBundleModule, Version=0.0.0.0, Culture=neutral, PublicKeyToken=null".
             Resolved file path is "C:\Program Files\Unity\Hub\Editor\6000.2.0f1\Editor\Data\Managed\UnityEngine\UnityEngine.UnityWebRequestAssetBundleModule.dll".
             Reference found at search path location "{HintPathFromItem}".
             Found related file "C:\Program Files\Unity\Hub\Editor\6000.2.0f1\Editor\Data\Managed\UnityEngine\UnityEngine.UnityWebRequestAssetBundleModule.xml".
             This reference is not "CopyLocal" because at least one source item had "Private" set to "false" and no source items had "Private" set to "true".
         Primary reference "UnityEngine.UnityWebRequestAudioModule, Version=0.0.0.0, Culture=neutral, PublicKeyToken=null".
             Resolved file path is "C:\Program Files\Unity\Hub\Editor\6000.2.0f1\Editor\Data\Managed\UnityEngine\UnityEngine.UnityWebRequestAudioModule.dll".
             Reference found at search path location "{HintPathFromItem}".
             Found related file "C:\Program Files\Unity\Hub\Editor\6000.2.0f1\Editor\Data\Managed\UnityEngine\UnityEngine.UnityWebRequestAudioModule.xml".
             This reference is not "CopyLocal" because at least one source item had "Private" set to "false" and no source items had "Private" set to "true".
         Primary reference "UnityEngine.UnityWebRequestTextureModule, Version=0.0.0.0, Culture=neutral, PublicKeyToken=null".
             Resolved file path is "C:\Program Files\Unity\Hub\Editor\6000.2.0f1\Editor\Data\Managed\UnityEngine\UnityEngine.UnityWebRequestTextureModule.dll".
             Reference found at search path location "{HintPathFromItem}".
             Found related file "C:\Program Files\Unity\Hub\Editor\6000.2.0f1\Editor\Data\Managed\UnityEngine\UnityEngine.UnityWebRequestTextureModule.xml".
             This reference is not "CopyLocal" because at least one source item had "Private" set to "false" and no source items had "Private" set to "true".
         Primary reference "UnityEngine.UnityWebRequestWWWModule, Version=0.0.0.0, Culture=neutral, PublicKeyToken=null".
             Resolved file path is "C:\Program Files\Unity\Hub\Editor\6000.2.0f1\Editor\Data\Managed\UnityEngine\UnityEngine.UnityWebRequestWWWModule.dll".
             Reference found at search path location "{HintPathFromItem}".
             Found related file "C:\Program Files\Unity\Hub\Editor\6000.2.0f1\Editor\Data\Managed\UnityEngine\UnityEngine.UnityWebRequestWWWModule.xml".
             This reference is not "CopyLocal" because at least one source item had "Private" set to "false" and no source items had "Private" set to "true".
         Primary reference "UnityEngine.VFXModule, Version=0.0.0.0, Culture=neutral, PublicKeyToken=null".
             Resolved file path is "C:\Program Files\Unity\Hub\Editor\6000.2.0f1\Editor\Data\Managed\UnityEngine\UnityEngine.VFXModule.dll".
             Reference found at search path location "{HintPathFromItem}".
             Found related file "C:\Program Files\Unity\Hub\Editor\6000.2.0f1\Editor\Data\Managed\UnityEngine\UnityEngine.VFXModule.xml".
             This reference is not "CopyLocal" because at least one source item had "Private" set to "false" and no source items had "Private" set to "true".
         Primary reference "UnityEngine.VRModule, Version=0.0.0.0, Culture=neutral, PublicKeyToken=null".
             Resolved file path is "C:\Program Files\Unity\Hub\Editor\6000.2.0f1\Editor\Data\Managed\UnityEngine\UnityEngine.VRModule.dll".
             Reference found at search path location "{HintPathFromItem}".
             Found related file "C:\Program Files\Unity\Hub\Editor\6000.2.0f1\Editor\Data\Managed\UnityEngine\UnityEngine.VRModule.xml".
             This reference is not "CopyLocal" because at least one source item had "Private" set to "false" and no source items had "Private" set to "true".
         Primary reference "UnityEngine.VehiclesModule, Version=0.0.0.0, Culture=neutral, PublicKeyToken=null".
             Resolved file path is "C:\Program Files\Unity\Hub\Editor\6000.2.0f1\Editor\Data\Managed\UnityEngine\UnityEngine.VehiclesModule.dll".
             Reference found at search path location "{HintPathFromItem}".
             Found related file "C:\Program Files\Unity\Hub\Editor\6000.2.0f1\Editor\Data\Managed\UnityEngine\UnityEngine.VehiclesModule.xml".
             This reference is not "CopyLocal" because at least one source item had "Private" set to "false" and no source items had "Private" set to "true".
         Primary reference "UnityEngine.VideoModule, Version=0.0.0.0, Culture=neutral, PublicKeyToken=null".
             Resolved file path is "C:\Program Files\Unity\Hub\Editor\6000.2.0f1\Editor\Data\Managed\UnityEngine\UnityEngine.VideoModule.dll".
             Reference found at search path location "{HintPathFromItem}".
             Found related file "C:\Program Files\Unity\Hub\Editor\6000.2.0f1\Editor\Data\Managed\UnityEngine\UnityEngine.VideoModule.xml".
             This reference is not "CopyLocal" because at least one source item had "Private" set to "false" and no source items had "Private" set to "true".
         Primary reference "UnityEngine.VirtualTexturingModule, Version=0.0.0.0, Culture=neutral, PublicKeyToken=null".
             Resolved file path is "C:\Program Files\Unity\Hub\Editor\6000.2.0f1\Editor\Data\Managed\UnityEngine\UnityEngine.VirtualTexturingModule.dll".
             Reference found at search path location "{HintPathFromItem}".
             Found related file "C:\Program Files\Unity\Hub\Editor\6000.2.0f1\Editor\Data\Managed\UnityEngine\UnityEngine.VirtualTexturingModule.xml".
             This reference is not "CopyLocal" because at least one source item had "Private" set to "false" and no source items had "Private" set to "true".
         Primary reference "UnityEngine.WindModule, Version=0.0.0.0, Culture=neutral, PublicKeyToken=null".
             Resolved file path is "C:\Program Files\Unity\Hub\Editor\6000.2.0f1\Editor\Data\Managed\UnityEngine\UnityEngine.WindModule.dll".
             Reference found at search path location "{HintPathFromItem}".
             Found related file "C:\Program Files\Unity\Hub\Editor\6000.2.0f1\Editor\Data\Managed\UnityEngine\UnityEngine.WindModule.xml".
             This reference is not "CopyLocal" because at least one source item had "Private" set to "false" and no source items had "Private" set to "true".
         Primary reference "UnityEngine.XRModule, Version=0.0.0.0, Culture=neutral, PublicKeyToken=null".
             Resolved file path is "C:\Program Files\Unity\Hub\Editor\6000.2.0f1\Editor\Data\Managed\UnityEngine\UnityEngine.XRModule.dll".
             Reference found at search path location "{HintPathFromItem}".
             Found related file "C:\Program Files\Unity\Hub\Editor\6000.2.0f1\Editor\Data\Managed\UnityEngine\UnityEngine.XRModule.xml".
             This reference is not "CopyLocal" because at least one source item had "Private" set to "false" and no source items had "Private" set to "true".
         Primary reference "UnityEditor, Version=0.0.0.0, Culture=neutral, PublicKeyToken=null".
             Resolved file path is "C:\Program Files\Unity\Hub\Editor\6000.2.0f1\Editor\Data\Managed\UnityEngine\UnityEditor.dll".
             Reference found at search path location "{HintPathFromItem}".
             Found related file "C:\Program Files\Unity\Hub\Editor\6000.2.0f1\Editor\Data\Managed\UnityEngine\UnityEditor.xml".
             This reference is not "CopyLocal" because at least one source item had "Private" set to "false" and no source items had "Private" set to "true".
         Primary reference "UnityEditor.AccessibilityModule, Version=0.0.0.0, Culture=neutral, PublicKeyToken=null".
             Resolved file path is "C:\Program Files\Unity\Hub\Editor\6000.2.0f1\Editor\Data\Managed\UnityEngine\UnityEditor.AccessibilityModule.dll".
             Reference found at search path location "{HintPathFromItem}".
             Found related file "C:\Program Files\Unity\Hub\Editor\6000.2.0f1\Editor\Data\Managed\UnityEngine\UnityEditor.AccessibilityModule.xml".
             This reference is not "CopyLocal" because at least one source item had "Private" set to "false" and no source items had "Private" set to "true".
         Primary reference "UnityEditor.AdaptivePerformanceModule, Version=0.0.0.0, Culture=neutral, PublicKeyToken=null".
             Resolved file path is "C:\Program Files\Unity\Hub\Editor\6000.2.0f1\Editor\Data\Managed\UnityEngine\UnityEditor.AdaptivePerformanceModule.dll".
             Reference found at search path location "{HintPathFromItem}".
             Found related file "C:\Program Files\Unity\Hub\Editor\6000.2.0f1\Editor\Data\Managed\UnityEngine\UnityEditor.AdaptivePerformanceModule.xml".
             This reference is not "CopyLocal" because at least one source item had "Private" set to "false" and no source items had "Private" set to "true".
         Primary reference "UnityEditor.BuildProfileModule, Version=0.0.0.0, Culture=neutral, PublicKeyToken=null".
             Resolved file path is "C:\Program Files\Unity\Hub\Editor\6000.2.0f1\Editor\Data\Managed\UnityEngine\UnityEditor.BuildProfileModule.dll".
             Reference found at search path location "{HintPathFromItem}".
             Found related file "C:\Program Files\Unity\Hub\Editor\6000.2.0f1\Editor\Data\Managed\UnityEngine\UnityEditor.BuildProfileModule.xml".
             This reference is not "CopyLocal" because at least one source item had "Private" set to "false" and no source items had "Private" set to "true".
         Primary reference "UnityEditor.ClothModule, Version=0.0.0.0, Culture=neutral, PublicKeyToken=null".
             Resolved file path is "C:\Program Files\Unity\Hub\Editor\6000.2.0f1\Editor\Data\Managed\UnityEngine\UnityEditor.ClothModule.dll".
             Reference found at search path location "{HintPathFromItem}".
             Found related file "C:\Program Files\Unity\Hub\Editor\6000.2.0f1\Editor\Data\Managed\UnityEngine\UnityEditor.ClothModule.xml".
             This reference is not "CopyLocal" because at least one source item had "Private" set to "false" and no source items had "Private" set to "true".
         Primary reference "UnityEditor.CoreBusinessMetricsModule, Version=0.0.0.0, Culture=neutral, PublicKeyToken=null".
             Resolved file path is "C:\Program Files\Unity\Hub\Editor\6000.2.0f1\Editor\Data\Managed\UnityEngine\UnityEditor.CoreBusinessMetricsModule.dll".
             Reference found at search path location "{HintPathFromItem}".
             Found related file "C:\Program Files\Unity\Hub\Editor\6000.2.0f1\Editor\Data\Managed\UnityEngine\UnityEditor.CoreBusinessMetricsModule.xml".
             This reference is not "CopyLocal" because at least one source item had "Private" set to "false" and no source items had "Private" set to "true".
         Primary reference "UnityEditor.CoreModule, Version=0.0.0.0, Culture=neutral, PublicKeyToken=null".
             Resolved file path is "C:\Program Files\Unity\Hub\Editor\6000.2.0f1\Editor\Data\Managed\UnityEngine\UnityEditor.CoreModule.dll".
             Reference found at search path location "{HintPathFromItem}".
             Found related file "C:\Program Files\Unity\Hub\Editor\6000.2.0f1\Editor\Data\Managed\UnityEngine\UnityEditor.CoreModule.xml".
             This reference is not "CopyLocal" because at least one source item had "Private" set to "false" and no source items had "Private" set to "true".
         Primary reference "UnityEditor.DeviceSimulatorModule, Version=0.0.0.0, Culture=neutral, PublicKeyToken=null".
             Resolved file path is "C:\Program Files\Unity\Hub\Editor\6000.2.0f1\Editor\Data\Managed\UnityEngine\UnityEditor.DeviceSimulatorModule.dll".
             Reference found at search path location "{HintPathFromItem}".
             Found related file "C:\Program Files\Unity\Hub\Editor\6000.2.0f1\Editor\Data\Managed\UnityEngine\UnityEditor.DeviceSimulatorModule.xml".
             This reference is not "CopyLocal" because at least one source item had "Private" set to "false" and no source items had "Private" set to "true".
         Primary reference "UnityEditor.DiagnosticsModule, Version=0.0.0.0, Culture=neutral, PublicKeyToken=null".
             Resolved file path is "C:\Program Files\Unity\Hub\Editor\6000.2.0f1\Editor\Data\Managed\UnityEngine\UnityEditor.DiagnosticsModule.dll".
             Reference found at search path location "{HintPathFromItem}".
             Found related file "C:\Program Files\Unity\Hub\Editor\6000.2.0f1\Editor\Data\Managed\UnityEngine\UnityEditor.DiagnosticsModule.xml".
             This reference is not "CopyLocal" because at least one source item had "Private" set to "false" and no source items had "Private" set to "true".
         Primary reference "UnityEditor.EditorToolbarModule, Version=0.0.0.0, Culture=neutral, PublicKeyToken=null".
             Resolved file path is "C:\Program Files\Unity\Hub\Editor\6000.2.0f1\Editor\Data\Managed\UnityEngine\UnityEditor.EditorToolbarModule.dll".
             Reference found at search path location "{HintPathFromItem}".
             Found related file "C:\Program Files\Unity\Hub\Editor\6000.2.0f1\Editor\Data\Managed\UnityEngine\UnityEditor.EditorToolbarModule.xml".
             This reference is not "CopyLocal" because at least one source item had "Private" set to "false" and no source items had "Private" set to "true".
         Primary reference "UnityEditor.EmbreeModule, Version=0.0.0.0, Culture=neutral, PublicKeyToken=null".
             Resolved file path is "C:\Program Files\Unity\Hub\Editor\6000.2.0f1\Editor\Data\Managed\UnityEngine\UnityEditor.EmbreeModule.dll".
             Reference found at search path location "{HintPathFromItem}".
             Found related file "C:\Program Files\Unity\Hub\Editor\6000.2.0f1\Editor\Data\Managed\UnityEngine\UnityEditor.EmbreeModule.xml".
             This reference is not "CopyLocal" because at least one source item had "Private" set to "false" and no source items had "Private" set to "true".
         Primary reference "UnityEditor.GIModule, Version=0.0.0.0, Culture=neutral, PublicKeyToken=null".
             Resolved file path is "C:\Program Files\Unity\Hub\Editor\6000.2.0f1\Editor\Data\Managed\UnityEngine\UnityEditor.GIModule.dll".
             Reference found at search path location "{HintPathFromItem}".
             Found related file "C:\Program Files\Unity\Hub\Editor\6000.2.0f1\Editor\Data\Managed\UnityEngine\UnityEditor.GIModule.xml".
             This reference is not "CopyLocal" because at least one source item had "Private" set to "false" and no source items had "Private" set to "true".
         Primary reference "UnityEditor.GraphViewModule, Version=0.0.0.0, Culture=neutral, PublicKeyToken=null".
             Resolved file path is "C:\Program Files\Unity\Hub\Editor\6000.2.0f1\Editor\Data\Managed\UnityEngine\UnityEditor.GraphViewModule.dll".
             Reference found at search path location "{HintPathFromItem}".
             Found related file "C:\Program Files\Unity\Hub\Editor\6000.2.0f1\Editor\Data\Managed\UnityEngine\UnityEditor.GraphViewModule.xml".
             This reference is not "CopyLocal" because at least one source item had "Private" set to "false" and no source items had "Private" set to "true".
         Primary reference "UnityEditor.GraphicsStateCollectionSerializerModule, Version=0.0.0.0, Culture=neutral, PublicKeyToken=null".
             Resolved file path is "C:\Program Files\Unity\Hub\Editor\6000.2.0f1\Editor\Data\Managed\UnityEngine\UnityEditor.GraphicsStateCollectionSerializerModule.dll".
             Reference found at search path location "{HintPathFromItem}".
             Found related file "C:\Program Files\Unity\Hub\Editor\6000.2.0f1\Editor\Data\Managed\UnityEngine\UnityEditor.GraphicsStateCollectionSerializerModule.xml".
             This reference is not "CopyLocal" because at least one source item had "Private" set to "false" and no source items had "Private" set to "true".
         Primary reference "UnityEditor.GridAndSnapModule, Version=0.0.0.0, Culture=neutral, PublicKeyToken=null".
             Resolved file path is "C:\Program Files\Unity\Hub\Editor\6000.2.0f1\Editor\Data\Managed\UnityEngine\UnityEditor.GridAndSnapModule.dll".
             Reference found at search path location "{HintPathFromItem}".
             Found related file "C:\Program Files\Unity\Hub\Editor\6000.2.0f1\Editor\Data\Managed\UnityEngine\UnityEditor.GridAndSnapModule.xml".
             This reference is not "CopyLocal" because at least one source item had "Private" set to "false" and no source items had "Private" set to "true".
         Primary reference "UnityEditor.GridModule, Version=0.0.0.0, Culture=neutral, PublicKeyToken=null".
             Resolved file path is "C:\Program Files\Unity\Hub\Editor\6000.2.0f1\Editor\Data\Managed\UnityEngine\UnityEditor.GridModule.dll".
             Reference found at search path location "{HintPathFromItem}".
             Found related file "C:\Program Files\Unity\Hub\Editor\6000.2.0f1\Editor\Data\Managed\UnityEngine\UnityEditor.GridModule.xml".
             This reference is not "CopyLocal" because at least one source item had "Private" set to "false" and no source items had "Private" set to "true".
         Primary reference "UnityEditor.MultiplayerModule, Version=0.0.0.0, Culture=neutral, PublicKeyToken=null".
             Resolved file path is "C:\Program Files\Unity\Hub\Editor\6000.2.0f1\Editor\Data\Managed\UnityEngine\UnityEditor.MultiplayerModule.dll".
             Reference found at search path location "{HintPathFromItem}".
             Found related file "C:\Program Files\Unity\Hub\Editor\6000.2.0f1\Editor\Data\Managed\UnityEngine\UnityEditor.MultiplayerModule.xml".
             This reference is not "CopyLocal" because at least one source item had "Private" set to "false" and no source items had "Private" set to "true".
         Primary reference "UnityEditor.Physics2DModule, Version=0.0.0.0, Culture=neutral, PublicKeyToken=null".
             Resolved file path is "C:\Program Files\Unity\Hub\Editor\6000.2.0f1\Editor\Data\Managed\UnityEngine\UnityEditor.Physics2DModule.dll".
             Reference found at search path location "{HintPathFromItem}".
             Found related file "C:\Program Files\Unity\Hub\Editor\6000.2.0f1\Editor\Data\Managed\UnityEngine\UnityEditor.Physics2DModule.xml".
             This reference is not "CopyLocal" because at least one source item had "Private" set to "false" and no source items had "Private" set to "true".
         Primary reference "UnityEditor.PhysicsModule, Version=0.0.0.0, Culture=neutral, PublicKeyToken=null".
             Resolved file path is "C:\Program Files\Unity\Hub\Editor\6000.2.0f1\Editor\Data\Managed\UnityEngine\UnityEditor.PhysicsModule.dll".
             Reference found at search path location "{HintPathFromItem}".
             Found related file "C:\Program Files\Unity\Hub\Editor\6000.2.0f1\Editor\Data\Managed\UnityEngine\UnityEditor.PhysicsModule.xml".
             This reference is not "CopyLocal" because at least one source item had "Private" set to "false" and no source items had "Private" set to "true".
         Primary reference "UnityEditor.PresetsUIModule, Version=0.0.0.0, Culture=neutral, PublicKeyToken=null".
             Resolved file path is "C:\Program Files\Unity\Hub\Editor\6000.2.0f1\Editor\Data\Managed\UnityEngine\UnityEditor.PresetsUIModule.dll".
             Reference found at search path location "{HintPathFromItem}".
             Found related file "C:\Program Files\Unity\Hub\Editor\6000.2.0f1\Editor\Data\Managed\UnityEngine\UnityEditor.PresetsUIModule.xml".
             This reference is not "CopyLocal" because at least one source item had "Private" set to "false" and no source items had "Private" set to "true".
         Primary reference "UnityEditor.PropertiesModule, Version=0.0.0.0, Culture=neutral, PublicKeyToken=null".
             Resolved file path is "C:\Program Files\Unity\Hub\Editor\6000.2.0f1\Editor\Data\Managed\UnityEngine\UnityEditor.PropertiesModule.dll".
             Reference found at search path location "{HintPathFromItem}".
             Found related file "C:\Program Files\Unity\Hub\Editor\6000.2.0f1\Editor\Data\Managed\UnityEngine\UnityEditor.PropertiesModule.xml".
             This reference is not "CopyLocal" because at least one source item had "Private" set to "false" and no source items had "Private" set to "true".
         Primary reference "UnityEditor.QuickSearchModule, Version=0.0.0.0, Culture=neutral, PublicKeyToken=null".
             Resolved file path is "C:\Program Files\Unity\Hub\Editor\6000.2.0f1\Editor\Data\Managed\UnityEngine\UnityEditor.QuickSearchModule.dll".
             Reference found at search path location "{HintPathFromItem}".
             Found related file "C:\Program Files\Unity\Hub\Editor\6000.2.0f1\Editor\Data\Managed\UnityEngine\UnityEditor.QuickSearchModule.xml".
             This reference is not "CopyLocal" because at least one source item had "Private" set to "false" and no source items had "Private" set to "true".
         Primary reference "UnityEditor.SafeModeModule, Version=0.0.0.0, Culture=neutral, PublicKeyToken=null".
             Resolved file path is "C:\Program Files\Unity\Hub\Editor\6000.2.0f1\Editor\Data\Managed\UnityEngine\UnityEditor.SafeModeModule.dll".
             Reference found at search path location "{HintPathFromItem}".
             Found related file "C:\Program Files\Unity\Hub\Editor\6000.2.0f1\Editor\Data\Managed\UnityEngine\UnityEditor.SafeModeModule.xml".
             This reference is not "CopyLocal" because at least one source item had "Private" set to "false" and no source items had "Private" set to "true".
         Primary reference "UnityEditor.SceneTemplateModule, Version=0.0.0.0, Culture=neutral, PublicKeyToken=null".
             Resolved file path is "C:\Program Files\Unity\Hub\Editor\6000.2.0f1\Editor\Data\Managed\UnityEngine\UnityEditor.SceneTemplateModule.dll".
             Reference found at search path location "{HintPathFromItem}".
             Found related file "C:\Program Files\Unity\Hub\Editor\6000.2.0f1\Editor\Data\Managed\UnityEngine\UnityEditor.SceneTemplateModule.xml".
             This reference is not "CopyLocal" because at least one source item had "Private" set to "false" and no source items had "Private" set to "true".
         Primary reference "UnityEditor.SceneViewModule, Version=0.0.0.0, Culture=neutral, PublicKeyToken=null".
             Resolved file path is "C:\Program Files\Unity\Hub\Editor\6000.2.0f1\Editor\Data\Managed\UnityEngine\UnityEditor.SceneViewModule.dll".
             Reference found at search path location "{HintPathFromItem}".
             Found related file "C:\Program Files\Unity\Hub\Editor\6000.2.0f1\Editor\Data\Managed\UnityEngine\UnityEditor.SceneViewModule.xml".
             This reference is not "CopyLocal" because at least one source item had "Private" set to "false" and no source items had "Private" set to "true".
         Primary reference "UnityEditor.ShaderFoundryModule, Version=0.0.0.0, Culture=neutral, PublicKeyToken=null".
             Resolved file path is "C:\Program Files\Unity\Hub\Editor\6000.2.0f1\Editor\Data\Managed\UnityEngine\UnityEditor.ShaderFoundryModule.dll".
             Reference found at search path location "{HintPathFromItem}".
             Found related file "C:\Program Files\Unity\Hub\Editor\6000.2.0f1\Editor\Data\Managed\UnityEngine\UnityEditor.ShaderFoundryModule.xml".
             This reference is not "CopyLocal" because at least one source item had "Private" set to "false" and no source items had "Private" set to "true".
         Primary reference "UnityEditor.SketchUpModule, Version=0.0.0.0, Culture=neutral, PublicKeyToken=null".
             Resolved file path is "C:\Program Files\Unity\Hub\Editor\6000.2.0f1\Editor\Data\Managed\UnityEngine\UnityEditor.SketchUpModule.dll".
             Reference found at search path location "{HintPathFromItem}".
             Found related file "C:\Program Files\Unity\Hub\Editor\6000.2.0f1\Editor\Data\Managed\UnityEngine\UnityEditor.SketchUpModule.xml".
             This reference is not "CopyLocal" because at least one source item had "Private" set to "false" and no source items had "Private" set to "true".
         Primary reference "UnityEditor.SpriteMaskModule, Version=0.0.0.0, Culture=neutral, PublicKeyToken=null".
             Resolved file path is "C:\Program Files\Unity\Hub\Editor\6000.2.0f1\Editor\Data\Managed\UnityEngine\UnityEditor.SpriteMaskModule.dll".
             Reference found at search path location "{HintPathFromItem}".
             Found related file "C:\Program Files\Unity\Hub\Editor\6000.2.0f1\Editor\Data\Managed\UnityEngine\UnityEditor.SpriteMaskModule.xml".
             This reference is not "CopyLocal" because at least one source item had "Private" set to "false" and no source items had "Private" set to "true".
         Primary reference "UnityEditor.SpriteShapeModule, Version=0.0.0.0, Culture=neutral, PublicKeyToken=null".
             Resolved file path is "C:\Program Files\Unity\Hub\Editor\6000.2.0f1\Editor\Data\Managed\UnityEngine\UnityEditor.SpriteShapeModule.dll".
             Reference found at search path location "{HintPathFromItem}".
             Found related file "C:\Program Files\Unity\Hub\Editor\6000.2.0f1\Editor\Data\Managed\UnityEngine\UnityEditor.SpriteShapeModule.xml".
             This reference is not "CopyLocal" because at least one source item had "Private" set to "false" and no source items had "Private" set to "true".
         Primary reference "UnityEditor.SubstanceModule, Version=0.0.0.0, Culture=neutral, PublicKeyToken=null".
             Resolved file path is "C:\Program Files\Unity\Hub\Editor\6000.2.0f1\Editor\Data\Managed\UnityEngine\UnityEditor.SubstanceModule.dll".
             Reference found at search path location "{HintPathFromItem}".
             Found related file "C:\Program Files\Unity\Hub\Editor\6000.2.0f1\Editor\Data\Managed\UnityEngine\UnityEditor.SubstanceModule.xml".
             This reference is not "CopyLocal" because at least one source item had "Private" set to "false" and no source items had "Private" set to "true".
         Primary reference "UnityEditor.TerrainModule, Version=0.0.0.0, Culture=neutral, PublicKeyToken=null".
             Resolved file path is "C:\Program Files\Unity\Hub\Editor\6000.2.0f1\Editor\Data\Managed\UnityEngine\UnityEditor.TerrainModule.dll".
             Reference found at search path location "{HintPathFromItem}".
             Found related file "C:\Program Files\Unity\Hub\Editor\6000.2.0f1\Editor\Data\Managed\UnityEngine\UnityEditor.TerrainModule.xml".
             This reference is not "CopyLocal" because at least one source item had "Private" set to "false" and no source items had "Private" set to "true".
         Primary reference "UnityEditor.TextCoreFontEngineModule, Version=0.0.0.0, Culture=neutral, PublicKeyToken=null".
             Resolved file path is "C:\Program Files\Unity\Hub\Editor\6000.2.0f1\Editor\Data\Managed\UnityEngine\UnityEditor.TextCoreFontEngineModule.dll".
             Reference found at search path location "{HintPathFromItem}".
             Found related file "C:\Program Files\Unity\Hub\Editor\6000.2.0f1\Editor\Data\Managed\UnityEngine\UnityEditor.TextCoreFontEngineModule.xml".
             This reference is not "CopyLocal" because at least one source item had "Private" set to "false" and no source items had "Private" set to "true".
         Primary reference "UnityEditor.TextCoreTextEngineModule, Version=0.0.0.0, Culture=neutral, PublicKeyToken=null".
             Resolved file path is "C:\Program Files\Unity\Hub\Editor\6000.2.0f1\Editor\Data\Managed\UnityEngine\UnityEditor.TextCoreTextEngineModule.dll".
             Reference found at search path location "{HintPathFromItem}".
             Found related file "C:\Program Files\Unity\Hub\Editor\6000.2.0f1\Editor\Data\Managed\UnityEngine\UnityEditor.TextCoreTextEngineModule.xml".
             This reference is not "CopyLocal" because at least one source item had "Private" set to "false" and no source items had "Private" set to "true".
         Primary reference "UnityEditor.TextRenderingModule, Version=0.0.0.0, Culture=neutral, PublicKeyToken=null".
             Resolved file path is "C:\Program Files\Unity\Hub\Editor\6000.2.0f1\Editor\Data\Managed\UnityEngine\UnityEditor.TextRenderingModule.dll".
             Reference found at search path location "{HintPathFromItem}".
             Found related file "C:\Program Files\Unity\Hub\Editor\6000.2.0f1\Editor\Data\Managed\UnityEngine\UnityEditor.TextRenderingModule.xml".
             This reference is not "CopyLocal" because at least one source item had "Private" set to "false" and no source items had "Private" set to "true".
         Primary reference "UnityEditor.TilemapModule, Version=0.0.0.0, Culture=neutral, PublicKeyToken=null".
             Resolved file path is "C:\Program Files\Unity\Hub\Editor\6000.2.0f1\Editor\Data\Managed\UnityEngine\UnityEditor.TilemapModule.dll".
             Reference found at search path location "{HintPathFromItem}".
             Found related file "C:\Program Files\Unity\Hub\Editor\6000.2.0f1\Editor\Data\Managed\UnityEngine\UnityEditor.TilemapModule.xml".
             This reference is not "CopyLocal" because at least one source item had "Private" set to "false" and no source items had "Private" set to "true".
         Primary reference "UnityEditor.TreeModule, Version=0.0.0.0, Culture=neutral, PublicKeyToken=null".
             Resolved file path is "C:\Program Files\Unity\Hub\Editor\6000.2.0f1\Editor\Data\Managed\UnityEngine\UnityEditor.TreeModule.dll".
             Reference found at search path location "{HintPathFromItem}".
             Found related file "C:\Program Files\Unity\Hub\Editor\6000.2.0f1\Editor\Data\Managed\UnityEngine\UnityEditor.TreeModule.xml".
             This reference is not "CopyLocal" because at least one source item had "Private" set to "false" and no source items had "Private" set to "true".
         Primary reference "UnityEditor.UIAutomationModule, Version=0.0.0.0, Culture=neutral, PublicKeyToken=null".
             Resolved file path is "C:\Program Files\Unity\Hub\Editor\6000.2.0f1\Editor\Data\Managed\UnityEngine\UnityEditor.UIAutomationModule.dll".
             Reference found at search path location "{HintPathFromItem}".
             Found related file "C:\Program Files\Unity\Hub\Editor\6000.2.0f1\Editor\Data\Managed\UnityEngine\UnityEditor.UIAutomationModule.xml".
             This reference is not "CopyLocal" because at least one source item had "Private" set to "false" and no source items had "Private" set to "true".
         Primary reference "UnityEditor.UIBuilderModule, Version=0.0.0.0, Culture=neutral, PublicKeyToken=null".
             Resolved file path is "C:\Program Files\Unity\Hub\Editor\6000.2.0f1\Editor\Data\Managed\UnityEngine\UnityEditor.UIBuilderModule.dll".
             Reference found at search path location "{HintPathFromItem}".
             Found related file "C:\Program Files\Unity\Hub\Editor\6000.2.0f1\Editor\Data\Managed\UnityEngine\UnityEditor.UIBuilderModule.xml".
             This reference is not "CopyLocal" because at least one source item had "Private" set to "false" and no source items had "Private" set to "true".
         Primary reference "UnityEditor.UIElementsModule, Version=0.0.0.0, Culture=neutral, PublicKeyToken=null".
             Resolved file path is "C:\Program Files\Unity\Hub\Editor\6000.2.0f1\Editor\Data\Managed\UnityEngine\UnityEditor.UIElementsModule.dll".
             Reference found at search path location "{HintPathFromItem}".
             Found related file "C:\Program Files\Unity\Hub\Editor\6000.2.0f1\Editor\Data\Managed\UnityEngine\UnityEditor.UIElementsModule.xml".
             This reference is not "CopyLocal" because at least one source item had "Private" set to "false" and no source items had "Private" set to "true".
         Primary reference "UnityEditor.UIElementsSamplesModule, Version=0.0.0.0, Culture=neutral, PublicKeyToken=null".
             Resolved file path is "C:\Program Files\Unity\Hub\Editor\6000.2.0f1\Editor\Data\Managed\UnityEngine\UnityEditor.UIElementsSamplesModule.dll".
             Reference found at search path location "{HintPathFromItem}".
             Found related file "C:\Program Files\Unity\Hub\Editor\6000.2.0f1\Editor\Data\Managed\UnityEngine\UnityEditor.UIElementsSamplesModule.xml".
             This reference is not "CopyLocal" because at least one source item had "Private" set to "false" and no source items had "Private" set to "true".
         Primary reference "UnityEditor.UmbraModule, Version=0.0.0.0, Culture=neutral, PublicKeyToken=null".
             Resolved file path is "C:\Program Files\Unity\Hub\Editor\6000.2.0f1\Editor\Data\Managed\UnityEngine\UnityEditor.UmbraModule.dll".
             Reference found at search path location "{HintPathFromItem}".
             Found related file "C:\Program Files\Unity\Hub\Editor\6000.2.0f1\Editor\Data\Managed\UnityEngine\UnityEditor.UmbraModule.xml".
             This reference is not "CopyLocal" because at least one source item had "Private" set to "false" and no source items had "Private" set to "true".
         Primary reference "UnityEditor.UnityConnectModule, Version=0.0.0.0, Culture=neutral, PublicKeyToken=null".
             Resolved file path is "C:\Program Files\Unity\Hub\Editor\6000.2.0f1\Editor\Data\Managed\UnityEngine\UnityEditor.UnityConnectModule.dll".
             Reference found at search path location "{HintPathFromItem}".
             Found related file "C:\Program Files\Unity\Hub\Editor\6000.2.0f1\Editor\Data\Managed\UnityEngine\UnityEditor.UnityConnectModule.xml".
             This reference is not "CopyLocal" because at least one source item had "Private" set to "false" and no source items had "Private" set to "true".
         Primary reference "UnityEditor.VFXModule, Version=0.0.0.0, Culture=neutral, PublicKeyToken=null".
             Resolved file path is "C:\Program Files\Unity\Hub\Editor\6000.2.0f1\Editor\Data\Managed\UnityEngine\UnityEditor.VFXModule.dll".
             Reference found at search path location "{HintPathFromItem}".
             Found related file "C:\Program Files\Unity\Hub\Editor\6000.2.0f1\Editor\Data\Managed\UnityEngine\UnityEditor.VFXModule.xml".
             This reference is not "CopyLocal" because at least one source item had "Private" set to "false" and no source items had "Private" set to "true".
         Primary reference "UnityEditor.VideoModule, Version=0.0.0.0, Culture=neutral, PublicKeyToken=null".
             Resolved file path is "C:\Program Files\Unity\Hub\Editor\6000.2.0f1\Editor\Data\Managed\UnityEngine\UnityEditor.VideoModule.dll".
             Reference found at search path location "{HintPathFromItem}".
             Found related file "C:\Program Files\Unity\Hub\Editor\6000.2.0f1\Editor\Data\Managed\UnityEngine\UnityEditor.VideoModule.xml".
             This reference is not "CopyLocal" because at least one source item had "Private" set to "false" and no source items had "Private" set to "true".
         Primary reference "UnityEditor.XRModule, Version=0.0.0.0, Culture=neutral, PublicKeyToken=null".
             Resolved file path is "C:\Program Files\Unity\Hub\Editor\6000.2.0f1\Editor\Data\Managed\UnityEngine\UnityEditor.XRModule.dll".
             Reference found at search path location "{HintPathFromItem}".
             Found related file "C:\Program Files\Unity\Hub\Editor\6000.2.0f1\Editor\Data\Managed\UnityEngine\UnityEditor.XRModule.xml".
             This reference is not "CopyLocal" because at least one source item had "Private" set to "false" and no source items had "Private" set to "true".
         Primary reference "websocket-sharp, Version=1.0.2.18559, Culture=neutral, PublicKeyToken=5660b08a1845a91e".
             Resolved file path is "C:\Users\germa\Desktop\Kavkazim\kavkazim\Library\PackageCache\com.unity.services.wire@cc07372d5f37\Plugins\websocket-sharp.dll".
             Reference found at search path location "{HintPathFromItem}".
             This reference is not "CopyLocal" because at least one source item had "Private" set to "false" and no source items had "Private" set to "true".
         Primary reference "Unity.Collections.LowLevel.ILSupport, Version=0.0.0.0, Culture=neutral, PublicKeyToken=null".
             Resolved file path is "C:\Users\germa\Desktop\Kavkazim\kavkazim\Library\PackageCache\com.unity.collections@d49facba0036\Unity.Collections.LowLevel.ILSupport\Unity.Collections.LowLevel.ILSupport.dll".
             Reference found at search path location "{HintPathFromItem}".
             This reference is not "CopyLocal" because at least one source item had "Private" set to "false" and no source items had "Private" set to "true".
         Primary reference "nunit.framework, Version=3.5.0.0, Culture=neutral, PublicKeyToken=2638cd05610744eb".
             Resolved file path is "C:\Users\germa\Desktop\Kavkazim\kavkazim\Library\PackageCache\com.unity.ext.nunit@031a54704bff\net40\unity-custom\nunit.framework.dll".
             Reference found at search path location "{HintPathFromItem}".
             This reference is not "CopyLocal" because at least one source item had "Private" set to "false" and no source items had "Private" set to "true".
         Primary reference "System.IO.Hashing, Version=9.0.0.0, Culture=neutral, PublicKeyToken=cc7b13ffcd2ddd51".
             Resolved file path is "C:\Users\germa\Desktop\Kavkazim\kavkazim\Library\PackageCache\com.unity.collections@d49facba0036\Unity.Collections.Tests\System.IO.Hashing\System.IO.Hashing.dll".
             Reference found at search path location "{HintPathFromItem}".
             Found related file "C:\Users\germa\Desktop\Kavkazim\kavkazim\Library\PackageCache\com.unity.collections@d49facba0036\Unity.Collections.Tests\System.IO.Hashing\System.IO.Hashing.xml".
             This reference is not "CopyLocal" because at least one source item had "Private" set to "false" and no source items had "Private" set to "true".
         Primary reference "Unity.VisualScripting.Antlr3.Runtime, Version=3.1.3.22795, Culture=neutral, PublicKeyToken=null".
             Resolved file path is "C:\Users\germa\Desktop\Kavkazim\kavkazim\Library\PackageCache\com.unity.visualscripting@6279e2b7c485\Runtime\VisualScripting.Flow\Dependencies\NCalc\Unity.VisualScripting.Antlr3.Runtime.dll".
             Reference found at search path location "{HintPathFromItem}".
             This reference is not "CopyLocal" because at least one source item had "Private" set to "false" and no source items had "Private" set to "true".
         Unified primary reference "System.Runtime.CompilerServices.Unsafe, Version=6.0.0.0, Culture=neutral, PublicKeyToken=b03f5f7f11d50a3a".
             Using this version instead of original version "4.0.4.1" in "C:\Users\germa\Desktop\Kavkazim\kavkazim\Library\PackageCache\com.unity.collections@d49facba0036\Unity.Collections.Tests\System.IO.Hashing\System.IO.Hashing.dll" because AutoUnify is 'true'.
             Resolved file path is "C:\Users\germa\Desktop\Kavkazim\kavkazim\Library\PackageCache\com.unity.collections@d49facba0036\Unity.Collections.Tests\System.Runtime.CompilerServices.Unsafe\System.Runtime.CompilerServices.Unsafe.dll".
             Reference found at search path location "{HintPathFromItem}".
             Found related file "C:\Users\germa\Desktop\Kavkazim\kavkazim\Library\PackageCache\com.unity.collections@d49facba0036\Unity.Collections.Tests\System.Runtime.CompilerServices.Unsafe\System.Runtime.CompilerServices.Unsafe.xml".
             This reference is not "CopyLocal" because at least one source item had "Private" set to "false" and no source items had "Private" set to "true".
         Primary reference "Newtonsoft.Json, Version=13.0.0.0, Culture=neutral, PublicKeyToken=30ad4fe6b2a6aeed".
             Resolved file path is "C:\Users\germa\Desktop\Kavkazim\kavkazim\Library\PackageCache\com.unity.nuget.newtonsoft-json@74deb55db2a0\Runtime\Newtonsoft.Json.dll".
             Reference found at search path location "{HintPathFromItem}".
             Found related file "C:\Users\germa\Desktop\Kavkazim\kavkazim\Library\PackageCache\com.unity.nuget.newtonsoft-json@74deb55db2a0\Runtime\Newtonsoft.Json.pdb".
             Found related file "C:\Users\germa\Desktop\Kavkazim\kavkazim\Library\PackageCache\com.unity.nuget.newtonsoft-json@74deb55db2a0\Runtime\Newtonsoft.Json.xml".
             This reference is not "CopyLocal" because at least one source item had "Private" set to "false" and no source items had "Private" set to "true".
         Primary reference "Mono.Cecil, Version=0.11.5.0, Culture=neutral, PublicKeyToken=50cebf1cceb9d05e".
             Resolved file path is "C:\Users\germa\Desktop\Kavkazim\kavkazim\Library\PackageCache\com.unity.nuget.mono-cecil@d78732e851eb\Mono.Cecil.dll".
             Reference found at search path location "{HintPathFromItem}".
             This reference is not "CopyLocal" because at least one source item had "Private" set to "false" and no source items had "Private" set to "true".
         Primary reference "UnityEditor.iOS.Extensions.Xcode, Version=1.0.0.0, Culture=neutral, PublicKeyToken=null".
             Resolved file path is "C:\Program Files\Unity\Hub\Editor\6000.2.0f1\Editor\Data\PlaybackEngines\MacStandaloneSupport\UnityEditor.iOS.Extensions.Xcode.dll".
             Reference found at search path location "{HintPathFromItem}".
             Found related file "C:\Program Files\Unity\Hub\Editor\6000.2.0f1\Editor\Data\PlaybackEngines\MacStandaloneSupport\UnityEditor.iOS.Extensions.Xcode.pdb".
             This reference is not "CopyLocal" because at least one source item had "Private" set to "false" and no source items had "Private" set to "true".
         Unified primary reference "netstandard, Version=2.1.0.0, Culture=neutral, PublicKeyToken=cc7b13ffcd2ddd51".
             Using this version instead of original version "2.0.0.0" in "C:\Users\germa\Desktop\Kavkazim\kavkazim\Library\PackageCache\com.unity.collections@d49facba0036\Unity.Collections.Tests\System.IO.Hashing\System.IO.Hashing.dll" because AutoUnify is 'true'.
             Using this version instead of original version "2.0.0.0" in "C:\Users\germa\Desktop\Kavkazim\kavkazim\Library\PackageCache\com.unity.collections@d49facba0036\Unity.Collections.Tests\System.Runtime.CompilerServices.Unsafe\System.Runtime.CompilerServices.Unsafe.dll" because AutoUnify is 'true'.
             Using this version instead of original version "2.0.0.0" in "C:\Users\germa\Desktop\Kavkazim\kavkazim\Library\PackageCache\com.unity.nuget.newtonsoft-json@74deb55db2a0\Runtime\Newtonsoft.Json.dll" because AutoUnify is 'true'.
             Using this version instead of original version "2.0.0.0" in "C:\Users\germa\Desktop\Kavkazim\kavkazim\Library\PackageCache\com.unity.nuget.mono-cecil@d78732e851eb\Mono.Cecil.dll" because AutoUnify is 'true'.
             Resolved file path is "C:\Program Files\Unity\Hub\Editor\6000.2.0f1\Editor\Data\NetStandard\ref\2.1.0\netstandard.dll".
             Reference found at search path location "{HintPathFromItem}".
             This reference is not "CopyLocal" because at least one source item had "Private" set to "false" and no source items had "Private" set to "true".
         Primary reference "Microsoft.Win32.Primitives, Version=4.0.3.0, Culture=neutral, PublicKeyToken=b03f5f7f11d50a3a".
             Resolved file path is "C:\Program Files\Unity\Hub\Editor\6000.2.0f1\Editor\Data\NetStandard\compat\2.1.0\shims\netstandard\Microsoft.Win32.Primitives.dll".
             Reference found at search path location "{HintPathFromItem}".
             This reference is not "CopyLocal" because at least one source item had "Private" set to "false" and no source items had "Private" set to "true".
         Primary reference "System.AppContext, Version=4.1.2.0, Culture=neutral, PublicKeyToken=b03f5f7f11d50a3a".
             Resolved file path is "C:\Program Files\Unity\Hub\Editor\6000.2.0f1\Editor\Data\NetStandard\compat\2.1.0\shims\netstandard\System.AppContext.dll".
             Reference found at search path location "{HintPathFromItem}".
             This reference is not "CopyLocal" because at least one source item had "Private" set to "false" and no source items had "Private" set to "true".
         Primary reference "System.Buffers, Version=4.0.3.0, Culture=neutral, PublicKeyToken=cc7b13ffcd2ddd51".
             Resolved file path is "C:\Program Files\Unity\Hub\Editor\6000.2.0f1\Editor\Data\NetStandard\compat\2.1.0\shims\netstandard\System.Buffers.dll".
             Reference found at search path location "{HintPathFromItem}".
             This reference is not "CopyLocal" because at least one source item had "Private" set to "false" and no source items had "Private" set to "true".
         Primary reference "System.Collections.Concurrent, Version=4.0.11.0, Culture=neutral, PublicKeyToken=b03f5f7f11d50a3a".
             Resolved file path is "C:\Program Files\Unity\Hub\Editor\6000.2.0f1\Editor\Data\NetStandard\compat\2.1.0\shims\netstandard\System.Collections.Concurrent.dll".
             Reference found at search path location "{HintPathFromItem}".
             This reference is not "CopyLocal" because at least one source item had "Private" set to "false" and no source items had "Private" set to "true".
         Primary reference "System.Collections, Version=4.0.11.0, Culture=neutral, PublicKeyToken=b03f5f7f11d50a3a".
             Resolved file path is "C:\Program Files\Unity\Hub\Editor\6000.2.0f1\Editor\Data\NetStandard\compat\2.1.0\shims\netstandard\System.Collections.dll".
             Reference found at search path location "{HintPathFromItem}".
             This reference is not "CopyLocal" because at least one source item had "Private" set to "false" and no source items had "Private" set to "true".
         Primary reference "System.Collections.NonGeneric, Version=4.0.3.0, Culture=neutral, PublicKeyToken=b03f5f7f11d50a3a".
             Resolved file path is "C:\Program Files\Unity\Hub\Editor\6000.2.0f1\Editor\Data\NetStandard\compat\2.1.0\shims\netstandard\System.Collections.NonGeneric.dll".
             Reference found at search path location "{HintPathFromItem}".
             This reference is not "CopyLocal" because at least one source item had "Private" set to "false" and no source items had "Private" set to "true".
         Primary reference "System.Collections.Specialized, Version=4.0.3.0, Culture=neutral, PublicKeyToken=b03f5f7f11d50a3a".
             Resolved file path is "C:\Program Files\Unity\Hub\Editor\6000.2.0f1\Editor\Data\NetStandard\compat\2.1.0\shims\netstandard\System.Collections.Specialized.dll".
             Reference found at search path location "{HintPathFromItem}".
             This reference is not "CopyLocal" because at least one source item had "Private" set to "false" and no source items had "Private" set to "true".
         Primary reference "System.ComponentModel, Version=4.0.1.0, Culture=neutral, PublicKeyToken=b03f5f7f11d50a3a".
             Resolved file path is "C:\Program Files\Unity\Hub\Editor\6000.2.0f1\Editor\Data\NetStandard\compat\2.1.0\shims\netstandard\System.ComponentModel.dll".
             Reference found at search path location "{HintPathFromItem}".
             This reference is not "CopyLocal" because at least one source item had "Private" set to "false" and no source items had "Private" set to "true".
         Primary reference "System.ComponentModel.EventBasedAsync, Version=4.0.11.0, Culture=neutral, PublicKeyToken=b03f5f7f11d50a3a".
             Resolved file path is "C:\Program Files\Unity\Hub\Editor\6000.2.0f1\Editor\Data\NetStandard\compat\2.1.0\shims\netstandard\System.ComponentModel.EventBasedAsync.dll".
             Reference found at search path location "{HintPathFromItem}".
             This reference is not "CopyLocal" because at least one source item had "Private" set to "false" and no source items had "Private" set to "true".
         Primary reference "System.ComponentModel.Primitives, Version=4.1.2.0, Culture=neutral, PublicKeyToken=b03f5f7f11d50a3a".
             Resolved file path is "C:\Program Files\Unity\Hub\Editor\6000.2.0f1\Editor\Data\NetStandard\compat\2.1.0\shims\netstandard\System.ComponentModel.Primitives.dll".
             Reference found at search path location "{HintPathFromItem}".
             This reference is not "CopyLocal" because at least one source item had "Private" set to "false" and no source items had "Private" set to "true".
         Primary reference "System.ComponentModel.TypeConverter, Version=4.1.2.0, Culture=neutral, PublicKeyToken=b03f5f7f11d50a3a".
             Resolved file path is "C:\Program Files\Unity\Hub\Editor\6000.2.0f1\Editor\Data\NetStandard\compat\2.1.0\shims\netstandard\System.ComponentModel.TypeConverter.dll".
             Reference found at search path location "{HintPathFromItem}".
             This reference is not "CopyLocal" because at least one source item had "Private" set to "false" and no source items had "Private" set to "true".
         Primary reference "System.Console, Version=4.0.2.0, Culture=neutral, PublicKeyToken=b03f5f7f11d50a3a".
             Resolved file path is "C:\Program Files\Unity\Hub\Editor\6000.2.0f1\Editor\Data\NetStandard\compat\2.1.0\shims\netstandard\System.Console.dll".
             Reference found at search path location "{HintPathFromItem}".
             This reference is not "CopyLocal" because at least one source item had "Private" set to "false" and no source items had "Private" set to "true".
         Primary reference "System.Data.Common, Version=4.1.2.0, Culture=neutral, PublicKeyToken=b03f5f7f11d50a3a".
             Resolved file path is "C:\Program Files\Unity\Hub\Editor\6000.2.0f1\Editor\Data\NetStandard\compat\2.1.0\shims\netstandard\System.Data.Common.dll".
             Reference found at search path location "{HintPathFromItem}".
             This reference is not "CopyLocal" because at least one source item had "Private" set to "false" and no source items had "Private" set to "true".
         Primary reference "System.Diagnostics.Contracts, Version=4.0.1.0, Culture=neutral, PublicKeyToken=b03f5f7f11d50a3a".
             Resolved file path is "C:\Program Files\Unity\Hub\Editor\6000.2.0f1\Editor\Data\NetStandard\compat\2.1.0\shims\netstandard\System.Diagnostics.Contracts.dll".
             Reference found at search path location "{HintPathFromItem}".
             This reference is not "CopyLocal" because at least one source item had "Private" set to "false" and no source items had "Private" set to "true".
         Primary reference "System.Diagnostics.Debug, Version=4.0.11.0, Culture=neutral, PublicKeyToken=b03f5f7f11d50a3a".
             Resolved file path is "C:\Program Files\Unity\Hub\Editor\6000.2.0f1\Editor\Data\NetStandard\compat\2.1.0\shims\netstandard\System.Diagnostics.Debug.dll".
             Reference found at search path location "{HintPathFromItem}".
             This reference is not "CopyLocal" because at least one source item had "Private" set to "false" and no source items had "Private" set to "true".
         Primary reference "System.Diagnostics.FileVersionInfo, Version=4.0.2.0, Culture=neutral, PublicKeyToken=b03f5f7f11d50a3a".
             Resolved file path is "C:\Program Files\Unity\Hub\Editor\6000.2.0f1\Editor\Data\NetStandard\compat\2.1.0\shims\netstandard\System.Diagnostics.FileVersionInfo.dll".
             Reference found at search path location "{HintPathFromItem}".
             This reference is not "CopyLocal" because at least one source item had "Private" set to "false" and no source items had "Private" set to "true".
         Primary reference "System.Diagnostics.Process, Version=4.1.2.0, Culture=neutral, PublicKeyToken=b03f5f7f11d50a3a".
             Resolved file path is "C:\Program Files\Unity\Hub\Editor\6000.2.0f1\Editor\Data\NetStandard\compat\2.1.0\shims\netstandard\System.Diagnostics.Process.dll".
             Reference found at search path location "{HintPathFromItem}".
             This reference is not "CopyLocal" because at least one source item had "Private" set to "false" and no source items had "Private" set to "true".
         Primary reference "System.Diagnostics.StackTrace, Version=4.0.4.0, Culture=neutral, PublicKeyToken=b03f5f7f11d50a3a".
             Resolved file path is "C:\Program Files\Unity\Hub\Editor\6000.2.0f1\Editor\Data\NetStandard\compat\2.1.0\shims\netstandard\System.Diagnostics.StackTrace.dll".
             Reference found at search path location "{HintPathFromItem}".
             This reference is not "CopyLocal" because at least one source item had "Private" set to "false" and no source items had "Private" set to "true".
         Primary reference "System.Diagnostics.TextWriterTraceListener, Version=4.0.2.0, Culture=neutral, PublicKeyToken=b03f5f7f11d50a3a".
             Resolved file path is "C:\Program Files\Unity\Hub\Editor\6000.2.0f1\Editor\Data\NetStandard\compat\2.1.0\shims\netstandard\System.Diagnostics.TextWriterTraceListener.dll".
             Reference found at search path location "{HintPathFromItem}".
             This reference is not "CopyLocal" because at least one source item had "Private" set to "false" and no source items had "Private" set to "true".
         Primary reference "System.Diagnostics.Tools, Version=4.0.1.0, Culture=neutral, PublicKeyToken=b03f5f7f11d50a3a".
             Resolved file path is "C:\Program Files\Unity\Hub\Editor\6000.2.0f1\Editor\Data\NetStandard\compat\2.1.0\shims\netstandard\System.Diagnostics.Tools.dll".
             Reference found at search path location "{HintPathFromItem}".
             This reference is not "CopyLocal" because at least one source item had "Private" set to "false" and no source items had "Private" set to "true".
         Primary reference "System.Diagnostics.TraceSource, Version=4.0.2.0, Culture=neutral, PublicKeyToken=b03f5f7f11d50a3a".
             Resolved file path is "C:\Program Files\Unity\Hub\Editor\6000.2.0f1\Editor\Data\NetStandard\compat\2.1.0\shims\netstandard\System.Diagnostics.TraceSource.dll".
             Reference found at search path location "{HintPathFromItem}".
             This reference is not "CopyLocal" because at least one source item had "Private" set to "false" and no source items had "Private" set to "true".
         Primary reference "System.Diagnostics.Tracing, Version=4.1.2.0, Culture=neutral, PublicKeyToken=b03f5f7f11d50a3a".
             Resolved file path is "C:\Program Files\Unity\Hub\Editor\6000.2.0f1\Editor\Data\NetStandard\compat\2.1.0\shims\netstandard\System.Diagnostics.Tracing.dll".
             Reference found at search path location "{HintPathFromItem}".
             This reference is not "CopyLocal" because at least one source item had "Private" set to "false" and no source items had "Private" set to "true".
         Primary reference "System.Drawing.Primitives, Version=4.0.2.0, Culture=neutral, PublicKeyToken=b03f5f7f11d50a3a".
             Resolved file path is "C:\Program Files\Unity\Hub\Editor\6000.2.0f1\Editor\Data\NetStandard\compat\2.1.0\shims\netstandard\System.Drawing.Primitives.dll".
             Reference found at search path location "{HintPathFromItem}".
             This reference is not "CopyLocal" because at least one source item had "Private" set to "false" and no source items had "Private" set to "true".
         Primary reference "System.Dynamic.Runtime, Version=4.0.11.0, Culture=neutral, PublicKeyToken=b03f5f7f11d50a3a".
             Resolved file path is "C:\Program Files\Unity\Hub\Editor\6000.2.0f1\Editor\Data\NetStandard\compat\2.1.0\shims\netstandard\System.Dynamic.Runtime.dll".
             Reference found at search path location "{HintPathFromItem}".
             This reference is not "CopyLocal" because at least one source item had "Private" set to "false" and no source items had "Private" set to "true".
         Primary reference "System.Globalization.Calendars, Version=4.0.3.0, Culture=neutral, PublicKeyToken=b03f5f7f11d50a3a".
             Resolved file path is "C:\Program Files\Unity\Hub\Editor\6000.2.0f1\Editor\Data\NetStandard\compat\2.1.0\shims\netstandard\System.Globalization.Calendars.dll".
             Reference found at search path location "{HintPathFromItem}".
             This reference is not "CopyLocal" because at least one source item had "Private" set to "false" and no source items had "Private" set to "true".
         Primary reference "System.Globalization, Version=4.0.11.0, Culture=neutral, PublicKeyToken=b03f5f7f11d50a3a".
             Resolved file path is "C:\Program Files\Unity\Hub\Editor\6000.2.0f1\Editor\Data\NetStandard\compat\2.1.0\shims\netstandard\System.Globalization.dll".
             Reference found at search path location "{HintPathFromItem}".
             This reference is not "CopyLocal" because at least one source item had "Private" set to "false" and no source items had "Private" set to "true".
         Primary reference "System.Globalization.Extensions, Version=4.0.3.0, Culture=neutral, PublicKeyToken=b03f5f7f11d50a3a".
             Resolved file path is "C:\Program Files\Unity\Hub\Editor\6000.2.0f1\Editor\Data\NetStandard\compat\2.1.0\shims\netstandard\System.Globalization.Extensions.dll".
             Reference found at search path location "{HintPathFromItem}".
             This reference is not "CopyLocal" because at least one source item had "Private" set to "false" and no source items had "Private" set to "true".
         Primary reference "System.IO.Compression, Version=4.1.3.0, Culture=neutral, PublicKeyToken=b77a5c561934e089".
             Resolved file path is "C:\Program Files\Unity\Hub\Editor\6000.2.0f1\Editor\Data\NetStandard\compat\2.1.0\shims\netstandard\System.IO.Compression.dll".
             Reference found at search path location "{HintPathFromItem}".
             This reference is not "CopyLocal" because at least one source item had "Private" set to "false" and no source items had "Private" set to "true".
         Primary reference "System.IO.Compression.ZipFile, Version=4.0.3.0, Culture=neutral, PublicKeyToken=b77a5c561934e089".
             Resolved file path is "C:\Program Files\Unity\Hub\Editor\6000.2.0f1\Editor\Data\NetStandard\compat\2.1.0\shims\netstandard\System.IO.Compression.ZipFile.dll".
             Reference found at search path location "{HintPathFromItem}".
             This reference is not "CopyLocal" because at least one source item had "Private" set to "false" and no source items had "Private" set to "true".
         Primary reference "System.IO, Version=4.1.2.0, Culture=neutral, PublicKeyToken=b03f5f7f11d50a3a".
             Resolved file path is "C:\Program Files\Unity\Hub\Editor\6000.2.0f1\Editor\Data\NetStandard\compat\2.1.0\shims\netstandard\System.IO.dll".
             Reference found at search path location "{HintPathFromItem}".
             This reference is not "CopyLocal" because at least one source item had "Private" set to "false" and no source items had "Private" set to "true".
         Primary reference "System.IO.FileSystem, Version=4.0.3.0, Culture=neutral, PublicKeyToken=b03f5f7f11d50a3a".
             Resolved file path is "C:\Program Files\Unity\Hub\Editor\6000.2.0f1\Editor\Data\NetStandard\compat\2.1.0\shims\netstandard\System.IO.FileSystem.dll".
             Reference found at search path location "{HintPathFromItem}".
             This reference is not "CopyLocal" because at least one source item had "Private" set to "false" and no source items had "Private" set to "true".
         Primary reference "System.IO.FileSystem.DriveInfo, Version=4.0.2.0, Culture=neutral, PublicKeyToken=b03f5f7f11d50a3a".
             Resolved file path is "C:\Program Files\Unity\Hub\Editor\6000.2.0f1\Editor\Data\NetStandard\compat\2.1.0\shims\netstandard\System.IO.FileSystem.DriveInfo.dll".
             Reference found at search path location "{HintPathFromItem}".
             This reference is not "CopyLocal" because at least one source item had "Private" set to "false" and no source items had "Private" set to "true".
         Primary reference "System.IO.FileSystem.Primitives, Version=4.0.3.0, Culture=neutral, PublicKeyToken=b03f5f7f11d50a3a".
             Resolved file path is "C:\Program Files\Unity\Hub\Editor\6000.2.0f1\Editor\Data\NetStandard\compat\2.1.0\shims\netstandard\System.IO.FileSystem.Primitives.dll".
             Reference found at search path location "{HintPathFromItem}".
             This reference is not "CopyLocal" because at least one source item had "Private" set to "false" and no source items had "Private" set to "true".
         Primary reference "System.IO.FileSystem.Watcher, Version=4.0.2.0, Culture=neutral, PublicKeyToken=b03f5f7f11d50a3a".
             Resolved file path is "C:\Program Files\Unity\Hub\Editor\6000.2.0f1\Editor\Data\NetStandard\compat\2.1.0\shims\netstandard\System.IO.FileSystem.Watcher.dll".
             Reference found at search path location "{HintPathFromItem}".
             This reference is not "CopyLocal" because at least one source item had "Private" set to "false" and no source items had "Private" set to "true".
         Primary reference "System.IO.IsolatedStorage, Version=4.0.2.0, Culture=neutral, PublicKeyToken=b03f5f7f11d50a3a".
             Resolved file path is "C:\Program Files\Unity\Hub\Editor\6000.2.0f1\Editor\Data\NetStandard\compat\2.1.0\shims\netstandard\System.IO.IsolatedStorage.dll".
             Reference found at search path location "{HintPathFromItem}".
             This reference is not "CopyLocal" because at least one source item had "Private" set to "false" and no source items had "Private" set to "true".
         Primary reference "System.IO.MemoryMappedFiles, Version=4.0.2.0, Culture=neutral, PublicKeyToken=b03f5f7f11d50a3a".
             Resolved file path is "C:\Program Files\Unity\Hub\Editor\6000.2.0f1\Editor\Data\NetStandard\compat\2.1.0\shims\netstandard\System.IO.MemoryMappedFiles.dll".
             Reference found at search path location "{HintPathFromItem}".
             This reference is not "CopyLocal" because at least one source item had "Private" set to "false" and no source items had "Private" set to "true".
         Primary reference "System.IO.Pipes, Version=4.0.2.0, Culture=neutral, PublicKeyToken=b03f5f7f11d50a3a".
             Resolved file path is "C:\Program Files\Unity\Hub\Editor\6000.2.0f1\Editor\Data\NetStandard\compat\2.1.0\shims\netstandard\System.IO.Pipes.dll".
             Reference found at search path location "{HintPathFromItem}".
             This reference is not "CopyLocal" because at least one source item had "Private" set to "false" and no source items had "Private" set to "true".
         Primary reference "System.IO.UnmanagedMemoryStream, Version=4.0.3.0, Culture=neutral, PublicKeyToken=b03f5f7f11d50a3a".
             Resolved file path is "C:\Program Files\Unity\Hub\Editor\6000.2.0f1\Editor\Data\NetStandard\compat\2.1.0\shims\netstandard\System.IO.UnmanagedMemoryStream.dll".
             Reference found at search path location "{HintPathFromItem}".
             This reference is not "CopyLocal" because at least one source item had "Private" set to "false" and no source items had "Private" set to "true".
         Primary reference "System.Linq, Version=4.1.2.0, Culture=neutral, PublicKeyToken=b03f5f7f11d50a3a".
             Resolved file path is "C:\Program Files\Unity\Hub\Editor\6000.2.0f1\Editor\Data\NetStandard\compat\2.1.0\shims\netstandard\System.Linq.dll".
             Reference found at search path location "{HintPathFromItem}".
             This reference is not "CopyLocal" because at least one source item had "Private" set to "false" and no source items had "Private" set to "true".
         Primary reference "System.Linq.Expressions, Version=4.1.2.0, Culture=neutral, PublicKeyToken=b03f5f7f11d50a3a".
             Resolved file path is "C:\Program Files\Unity\Hub\Editor\6000.2.0f1\Editor\Data\NetStandard\compat\2.1.0\shims\netstandard\System.Linq.Expressions.dll".
             Reference found at search path location "{HintPathFromItem}".
             This reference is not "CopyLocal" because at least one source item had "Private" set to "false" and no source items had "Private" set to "true".
         Primary reference "System.Linq.Parallel, Version=4.0.1.0, Culture=neutral, PublicKeyToken=b03f5f7f11d50a3a".
             Resolved file path is "C:\Program Files\Unity\Hub\Editor\6000.2.0f1\Editor\Data\NetStandard\compat\2.1.0\shims\netstandard\System.Linq.Parallel.dll".
             Reference found at search path location "{HintPathFromItem}".
             This reference is not "CopyLocal" because at least one source item had "Private" set to "false" and no source items had "Private" set to "true".
         Primary reference "System.Linq.Queryable, Version=4.0.1.0, Culture=neutral, PublicKeyToken=b03f5f7f11d50a3a".
             Resolved file path is "C:\Program Files\Unity\Hub\Editor\6000.2.0f1\Editor\Data\NetStandard\compat\2.1.0\shims\netstandard\System.Linq.Queryable.dll".
             Reference found at search path location "{HintPathFromItem}".
             This reference is not "CopyLocal" because at least one source item had "Private" set to "false" and no source items had "Private" set to "true".
         Unified primary reference "System.Memory, Version=4.0.2.0, Culture=neutral, PublicKeyToken=cc7b13ffcd2ddd51".
             Using this version instead of original version "4.0.1.2" in "C:\Users\germa\Desktop\Kavkazim\kavkazim\Library\PackageCache\com.unity.collections@d49facba0036\Unity.Collections.Tests\System.IO.Hashing\System.IO.Hashing.dll" because AutoUnify is 'true'.
             Resolved file path is "C:\Program Files\Unity\Hub\Editor\6000.2.0f1\Editor\Data\NetStandard\compat\2.1.0\shims\netstandard\System.Memory.dll".
             Reference found at search path location "{HintPathFromItem}".
             This reference is not "CopyLocal" because at least one source item had "Private" set to "false" and no source items had "Private" set to "true".
         Primary reference "System.Net.Http, Version=4.1.2.0, Culture=neutral, PublicKeyToken=b03f5f7f11d50a3a".
             Resolved file path is "C:\Program Files\Unity\Hub\Editor\6000.2.0f1\Editor\Data\NetStandard\compat\2.1.0\shims\netstandard\System.Net.Http.dll".
             Reference found at search path location "{HintPathFromItem}".
             This reference is not "CopyLocal" because at least one source item had "Private" set to "false" and no source items had "Private" set to "true".
         Primary reference "System.Net.NameResolution, Version=4.0.2.0, Culture=neutral, PublicKeyToken=b03f5f7f11d50a3a".
             Resolved file path is "C:\Program Files\Unity\Hub\Editor\6000.2.0f1\Editor\Data\NetStandard\compat\2.1.0\shims\netstandard\System.Net.NameResolution.dll".
             Reference found at search path location "{HintPathFromItem}".
             This reference is not "CopyLocal" because at least one source item had "Private" set to "false" and no source items had "Private" set to "true".
         Primary reference "System.Net.NetworkInformation, Version=4.1.2.0, Culture=neutral, PublicKeyToken=b03f5f7f11d50a3a".
             Resolved file path is "C:\Program Files\Unity\Hub\Editor\6000.2.0f1\Editor\Data\NetStandard\compat\2.1.0\shims\netstandard\System.Net.NetworkInformation.dll".
             Reference found at search path location "{HintPathFromItem}".
             This reference is not "CopyLocal" because at least one source item had "Private" set to "false" and no source items had "Private" set to "true".
         Primary reference "System.Net.Ping, Version=4.0.2.0, Culture=neutral, PublicKeyToken=b03f5f7f11d50a3a".
             Resolved file path is "C:\Program Files\Unity\Hub\Editor\6000.2.0f1\Editor\Data\NetStandard\compat\2.1.0\shims\netstandard\System.Net.Ping.dll".
             Reference found at search path location "{HintPathFromItem}".
             This reference is not "CopyLocal" because at least one source item had "Private" set to "false" and no source items had "Private" set to "true".
         Primary reference "System.Net.Primitives, Version=4.0.11.0, Culture=neutral, PublicKeyToken=b03f5f7f11d50a3a".
             Resolved file path is "C:\Program Files\Unity\Hub\Editor\6000.2.0f1\Editor\Data\NetStandard\compat\2.1.0\shims\netstandard\System.Net.Primitives.dll".
             Reference found at search path location "{HintPathFromItem}".
             This reference is not "CopyLocal" because at least one source item had "Private" set to "false" and no source items had "Private" set to "true".
         Primary reference "System.Net.Requests, Version=4.0.11.0, Culture=neutral, PublicKeyToken=b03f5f7f11d50a3a".
             Resolved file path is "C:\Program Files\Unity\Hub\Editor\6000.2.0f1\Editor\Data\NetStandard\compat\2.1.0\shims\netstandard\System.Net.Requests.dll".
             Reference found at search path location "{HintPathFromItem}".
             This reference is not "CopyLocal" because at least one source item had "Private" set to "false" and no source items had "Private" set to "true".
         Primary reference "System.Net.Security, Version=4.0.2.0, Culture=neutral, PublicKeyToken=b03f5f7f11d50a3a".
             Resolved file path is "C:\Program Files\Unity\Hub\Editor\6000.2.0f1\Editor\Data\NetStandard\compat\2.1.0\shims\netstandard\System.Net.Security.dll".
             Reference found at search path location "{HintPathFromItem}".
             This reference is not "CopyLocal" because at least one source item had "Private" set to "false" and no source items had "Private" set to "true".
         Primary reference "System.Net.Sockets, Version=4.1.2.0, Culture=neutral, PublicKeyToken=b03f5f7f11d50a3a".
             Resolved file path is "C:\Program Files\Unity\Hub\Editor\6000.2.0f1\Editor\Data\NetStandard\compat\2.1.0\shims\netstandard\System.Net.Sockets.dll".
             Reference found at search path location "{HintPathFromItem}".
             This reference is not "CopyLocal" because at least one source item had "Private" set to "false" and no source items had "Private" set to "true".
         Primary reference "System.Net.WebHeaderCollection, Version=4.0.1.0, Culture=neutral, PublicKeyToken=b03f5f7f11d50a3a".
             Resolved file path is "C:\Program Files\Unity\Hub\Editor\6000.2.0f1\Editor\Data\NetStandard\compat\2.1.0\shims\netstandard\System.Net.WebHeaderCollection.dll".
             Reference found at search path location "{HintPathFromItem}".
             This reference is not "CopyLocal" because at least one source item had "Private" set to "false" and no source items had "Private" set to "true".
         Primary reference "System.Net.WebSockets.Client, Version=4.0.2.0, Culture=neutral, PublicKeyToken=b03f5f7f11d50a3a".
             Resolved file path is "C:\Program Files\Unity\Hub\Editor\6000.2.0f1\Editor\Data\NetStandard\compat\2.1.0\shims\netstandard\System.Net.WebSockets.Client.dll".
             Reference found at search path location "{HintPathFromItem}".
             This reference is not "CopyLocal" because at least one source item had "Private" set to "false" and no source items had "Private" set to "true".
         Primary reference "System.Net.WebSockets, Version=4.0.2.0, Culture=neutral, PublicKeyToken=b03f5f7f11d50a3a".
             Resolved file path is "C:\Program Files\Unity\Hub\Editor\6000.2.0f1\Editor\Data\NetStandard\compat\2.1.0\shims\netstandard\System.Net.WebSockets.dll".
             Reference found at search path location "{HintPathFromItem}".
             This reference is not "CopyLocal" because at least one source item had "Private" set to "false" and no source items had "Private" set to "true".
         Primary reference "System.Numerics.Vectors, Version=4.1.5.0, Culture=neutral, PublicKeyToken=b03f5f7f11d50a3a".
             Resolved file path is "C:\Program Files\Unity\Hub\Editor\6000.2.0f1\Editor\Data\NetStandard\compat\2.1.0\shims\netstandard\System.Numerics.Vectors.dll".
             Reference found at search path location "{HintPathFromItem}".
             This reference is not "CopyLocal" because at least one source item had "Private" set to "false" and no source items had "Private" set to "true".
         Primary reference "System.ObjectModel, Version=4.0.11.0, Culture=neutral, PublicKeyToken=b03f5f7f11d50a3a".
             Resolved file path is "C:\Program Files\Unity\Hub\Editor\6000.2.0f1\Editor\Data\NetStandard\compat\2.1.0\shims\netstandard\System.ObjectModel.dll".
             Reference found at search path location "{HintPathFromItem}".
             This reference is not "CopyLocal" because at least one source item had "Private" set to "false" and no source items had "Private" set to "true".
         Primary reference "System.Reflection.DispatchProxy, Version=4.0.5.0, Culture=neutral, PublicKeyToken=b03f5f7f11d50a3a".
             Resolved file path is "C:\Program Files\Unity\Hub\Editor\6000.2.0f1\Editor\Data\NetStandard\compat\2.1.0\shims\netstandard\System.Reflection.DispatchProxy.dll".
             Reference found at search path location "{HintPathFromItem}".
             This reference is not "CopyLocal" because at least one source item had "Private" set to "false" and no source items had "Private" set to "true".
         Primary reference "System.Reflection, Version=4.1.2.0, Culture=neutral, PublicKeyToken=b03f5f7f11d50a3a".
             Resolved file path is "C:\Program Files\Unity\Hub\Editor\6000.2.0f1\Editor\Data\NetStandard\compat\2.1.0\shims\netstandard\System.Reflection.dll".
             Reference found at search path location "{HintPathFromItem}".
             This reference is not "CopyLocal" because at least one source item had "Private" set to "false" and no source items had "Private" set to "true".
         Primary reference "System.Reflection.Emit, Version=4.0.1.0, Culture=neutral, PublicKeyToken=b03f5f7f11d50a3a".
             Resolved file path is "C:\Program Files\Unity\Hub\Editor\6000.2.0f1\Editor\Data\NetStandard\compat\2.1.0\shims\netstandard\System.Reflection.Emit.dll".
             Reference found at search path location "{HintPathFromItem}".
             This reference is not "CopyLocal" because at least one source item had "Private" set to "false" and no source items had "Private" set to "true".
         Primary reference "System.Reflection.Emit.ILGeneration, Version=4.0.1.0, Culture=neutral, PublicKeyToken=b03f5f7f11d50a3a".
             Resolved file path is "C:\Program Files\Unity\Hub\Editor\6000.2.0f1\Editor\Data\NetStandard\compat\2.1.0\shims\netstandard\System.Reflection.Emit.ILGeneration.dll".
             Reference found at search path location "{HintPathFromItem}".
             This reference is not "CopyLocal" because at least one source item had "Private" set to "false" and no source items had "Private" set to "true".
         Primary reference "System.Reflection.Emit.Lightweight, Version=4.0.1.0, Culture=neutral, PublicKeyToken=b03f5f7f11d50a3a".
             Resolved file path is "C:\Program Files\Unity\Hub\Editor\6000.2.0f1\Editor\Data\NetStandard\compat\2.1.0\shims\netstandard\System.Reflection.Emit.Lightweight.dll".
             Reference found at search path location "{HintPathFromItem}".
             This reference is not "CopyLocal" because at least one source item had "Private" set to "false" and no source items had "Private" set to "true".
         Primary reference "System.Reflection.Extensions, Version=4.0.1.0, Culture=neutral, PublicKeyToken=b03f5f7f11d50a3a".
             Resolved file path is "C:\Program Files\Unity\Hub\Editor\6000.2.0f1\Editor\Data\NetStandard\compat\2.1.0\shims\netstandard\System.Reflection.Extensions.dll".
             Reference found at search path location "{HintPathFromItem}".
             This reference is not "CopyLocal" because at least one source item had "Private" set to "false" and no source items had "Private" set to "true".
         Primary reference "System.Reflection.Primitives, Version=4.0.1.0, Culture=neutral, PublicKeyToken=b03f5f7f11d50a3a".
             Resolved file path is "C:\Program Files\Unity\Hub\Editor\6000.2.0f1\Editor\Data\NetStandard\compat\2.1.0\shims\netstandard\System.Reflection.Primitives.dll".
             Reference found at search path location "{HintPathFromItem}".
             This reference is not "CopyLocal" because at least one source item had "Private" set to "false" and no source items had "Private" set to "true".
         Primary reference "System.Resources.Reader, Version=4.0.2.0, Culture=neutral, PublicKeyToken=b03f5f7f11d50a3a".
             Resolved file path is "C:\Program Files\Unity\Hub\Editor\6000.2.0f1\Editor\Data\NetStandard\compat\2.1.0\shims\netstandard\System.Resources.Reader.dll".
             Reference found at search path location "{HintPathFromItem}".
             This reference is not "CopyLocal" because at least one source item had "Private" set to "false" and no source items had "Private" set to "true".
         Primary reference "System.Resources.ResourceManager, Version=4.0.1.0, Culture=neutral, PublicKeyToken=b03f5f7f11d50a3a".
             Resolved file path is "C:\Program Files\Unity\Hub\Editor\6000.2.0f1\Editor\Data\NetStandard\compat\2.1.0\shims\netstandard\System.Resources.ResourceManager.dll".
             Reference found at search path location "{HintPathFromItem}".
             This reference is not "CopyLocal" because at least one source item had "Private" set to "false" and no source items had "Private" set to "true".
         Primary reference "System.Resources.Writer, Version=4.0.2.0, Culture=neutral, PublicKeyToken=b03f5f7f11d50a3a".
             Resolved file path is "C:\Program Files\Unity\Hub\Editor\6000.2.0f1\Editor\Data\NetStandard\compat\2.1.0\shims\netstandard\System.Resources.Writer.dll".
             Reference found at search path location "{HintPathFromItem}".
             This reference is not "CopyLocal" because at least one source item had "Private" set to "false" and no source items had "Private" set to "true".
         Primary reference "System.Runtime.CompilerServices.VisualC, Version=4.0.2.0, Culture=neutral, PublicKeyToken=b03f5f7f11d50a3a".
             Resolved file path is "C:\Program Files\Unity\Hub\Editor\6000.2.0f1\Editor\Data\NetStandard\compat\2.1.0\shims\netstandard\System.Runtime.CompilerServices.VisualC.dll".
             Reference found at search path location "{HintPathFromItem}".
             This reference is not "CopyLocal" because at least one source item had "Private" set to "false" and no source items had "Private" set to "true".
         Primary reference "System.Runtime, Version=4.1.2.0, Culture=neutral, PublicKeyToken=b03f5f7f11d50a3a".
             Resolved file path is "C:\Program Files\Unity\Hub\Editor\6000.2.0f1\Editor\Data\NetStandard\compat\2.1.0\shims\netstandard\System.Runtime.dll".
             Reference found at search path location "{HintPathFromItem}".
             This reference is not "CopyLocal" because at least one source item had "Private" set to "false" and no source items had "Private" set to "true".
         Primary reference "System.Runtime.Extensions, Version=4.1.2.0, Culture=neutral, PublicKeyToken=b03f5f7f11d50a3a".
             Resolved file path is "C:\Program Files\Unity\Hub\Editor\6000.2.0f1\Editor\Data\NetStandard\compat\2.1.0\shims\netstandard\System.Runtime.Extensions.dll".
             Reference found at search path location "{HintPathFromItem}".
             This reference is not "CopyLocal" because at least one source item had "Private" set to "false" and no source items had "Private" set to "true".
         Primary reference "System.Runtime.Handles, Version=4.0.1.0, Culture=neutral, PublicKeyToken=b03f5f7f11d50a3a".
             Resolved file path is "C:\Program Files\Unity\Hub\Editor\6000.2.0f1\Editor\Data\NetStandard\compat\2.1.0\shims\netstandard\System.Runtime.Handles.dll".
             Reference found at search path location "{HintPathFromItem}".
             This reference is not "CopyLocal" because at least one source item had "Private" set to "false" and no source items had "Private" set to "true".
         Primary reference "System.Runtime.InteropServices, Version=4.1.2.0, Culture=neutral, PublicKeyToken=b03f5f7f11d50a3a".
             Resolved file path is "C:\Program Files\Unity\Hub\Editor\6000.2.0f1\Editor\Data\NetStandard\compat\2.1.0\shims\netstandard\System.Runtime.InteropServices.dll".
             Reference found at search path location "{HintPathFromItem}".
             This reference is not "CopyLocal" because at least one source item had "Private" set to "false" and no source items had "Private" set to "true".
         Primary reference "System.Runtime.InteropServices.RuntimeInformation, Version=4.0.2.0, Culture=neutral, PublicKeyToken=b03f5f7f11d50a3a".
             Resolved file path is "C:\Program Files\Unity\Hub\Editor\6000.2.0f1\Editor\Data\NetStandard\compat\2.1.0\shims\netstandard\System.Runtime.InteropServices.RuntimeInformation.dll".
             Reference found at search path location "{HintPathFromItem}".
             This reference is not "CopyLocal" because at least one source item had "Private" set to "false" and no source items had "Private" set to "true".
         Primary reference "System.Runtime.Numerics, Version=4.0.1.0, Culture=neutral, PublicKeyToken=b03f5f7f11d50a3a".
             Resolved file path is "C:\Program Files\Unity\Hub\Editor\6000.2.0f1\Editor\Data\NetStandard\compat\2.1.0\shims\netstandard\System.Runtime.Numerics.dll".
             Reference found at search path location "{HintPathFromItem}".
             This reference is not "CopyLocal" because at least one source item had "Private" set to "false" and no source items had "Private" set to "true".
         Primary reference "System.Runtime.Serialization.Formatters, Version=4.0.2.0, Culture=neutral, PublicKeyToken=b03f5f7f11d50a3a".
             Resolved file path is "C:\Program Files\Unity\Hub\Editor\6000.2.0f1\Editor\Data\NetStandard\compat\2.1.0\shims\netstandard\System.Runtime.Serialization.Formatters.dll".
             Reference found at search path location "{HintPathFromItem}".
             This reference is not "CopyLocal" because at least one source item had "Private" set to "false" and no source items had "Private" set to "true".
         Primary reference "System.Runtime.Serialization.Json, Version=4.0.1.0, Culture=neutral, PublicKeyToken=b03f5f7f11d50a3a".
             Resolved file path is "C:\Program Files\Unity\Hub\Editor\6000.2.0f1\Editor\Data\NetStandard\compat\2.1.0\shims\netstandard\System.Runtime.Serialization.Json.dll".
             Reference found at search path location "{HintPathFromItem}".
             This reference is not "CopyLocal" because at least one source item had "Private" set to "false" and no source items had "Private" set to "true".
         Primary reference "System.Runtime.Serialization.Primitives, Version=4.1.3.0, Culture=neutral, PublicKeyToken=b03f5f7f11d50a3a".
             Resolved file path is "C:\Program Files\Unity\Hub\Editor\6000.2.0f1\Editor\Data\NetStandard\compat\2.1.0\shims\netstandard\System.Runtime.Serialization.Primitives.dll".
             Reference found at search path location "{HintPathFromItem}".
             This reference is not "CopyLocal" because at least one source item had "Private" set to "false" and no source items had "Private" set to "true".
         Primary reference "System.Runtime.Serialization.Xml, Version=4.1.3.0, Culture=neutral, PublicKeyToken=b03f5f7f11d50a3a".
             Resolved file path is "C:\Program Files\Unity\Hub\Editor\6000.2.0f1\Editor\Data\NetStandard\compat\2.1.0\shims\netstandard\System.Runtime.Serialization.Xml.dll".
             Reference found at search path location "{HintPathFromItem}".
             This reference is not "CopyLocal" because at least one source item had "Private" set to "false" and no source items had "Private" set to "true".
         Primary reference "System.Security.Claims, Version=4.0.3.0, Culture=neutral, PublicKeyToken=b03f5f7f11d50a3a".
             Resolved file path is "C:\Program Files\Unity\Hub\Editor\6000.2.0f1\Editor\Data\NetStandard\compat\2.1.0\shims\netstandard\System.Security.Claims.dll".
             Reference found at search path location "{HintPathFromItem}".
             This reference is not "CopyLocal" because at least one source item had "Private" set to "false" and no source items had "Private" set to "true".
         Primary reference "System.Security.Cryptography.Algorithms, Version=4.2.2.0, Culture=neutral, PublicKeyToken=b03f5f7f11d50a3a".
             Resolved file path is "C:\Program Files\Unity\Hub\Editor\6000.2.0f1\Editor\Data\NetStandard\compat\2.1.0\shims\netstandard\System.Security.Cryptography.Algorithms.dll".
             Reference found at search path location "{HintPathFromItem}".
             This reference is not "CopyLocal" because at least one source item had "Private" set to "false" and no source items had "Private" set to "true".
         Primary reference "System.Security.Cryptography.Csp, Version=4.0.2.0, Culture=neutral, PublicKeyToken=b03f5f7f11d50a3a".
             Resolved file path is "C:\Program Files\Unity\Hub\Editor\6000.2.0f1\Editor\Data\NetStandard\compat\2.1.0\shims\netstandard\System.Security.Cryptography.Csp.dll".
             Reference found at search path location "{HintPathFromItem}".
             This reference is not "CopyLocal" because at least one source item had "Private" set to "false" and no source items had "Private" set to "true".
         Primary reference "System.Security.Cryptography.Encoding, Version=4.0.2.0, Culture=neutral, PublicKeyToken=b03f5f7f11d50a3a".
             Resolved file path is "C:\Program Files\Unity\Hub\Editor\6000.2.0f1\Editor\Data\NetStandard\compat\2.1.0\shims\netstandard\System.Security.Cryptography.Encoding.dll".
             Reference found at search path location "{HintPathFromItem}".
             This reference is not "CopyLocal" because at least one source item had "Private" set to "false" and no source items had "Private" set to "true".
         Primary reference "System.Security.Cryptography.Primitives, Version=4.0.2.0, Culture=neutral, PublicKeyToken=b03f5f7f11d50a3a".
             Resolved file path is "C:\Program Files\Unity\Hub\Editor\6000.2.0f1\Editor\Data\NetStandard\compat\2.1.0\shims\netstandard\System.Security.Cryptography.Primitives.dll".
             Reference found at search path location "{HintPathFromItem}".
             This reference is not "CopyLocal" because at least one source item had "Private" set to "false" and no source items had "Private" set to "true".
         Primary reference "System.Security.Cryptography.X509Certificates, Version=4.1.2.0, Culture=neutral, PublicKeyToken=b03f5f7f11d50a3a".
             Resolved file path is "C:\Program Files\Unity\Hub\Editor\6000.2.0f1\Editor\Data\NetStandard\compat\2.1.0\shims\netstandard\System.Security.Cryptography.X509Certificates.dll".
             Reference found at search path location "{HintPathFromItem}".
             This reference is not "CopyLocal" because at least one source item had "Private" set to "false" and no source items had "Private" set to "true".
         Primary reference "System.Security.Principal, Version=4.0.1.0, Culture=neutral, PublicKeyToken=b03f5f7f11d50a3a".
             Resolved file path is "C:\Program Files\Unity\Hub\Editor\6000.2.0f1\Editor\Data\NetStandard\compat\2.1.0\shims\netstandard\System.Security.Principal.dll".
             Reference found at search path location "{HintPathFromItem}".
             This reference is not "CopyLocal" because at least one source item had "Private" set to "false" and no source items had "Private" set to "true".
         Primary reference "System.Security.SecureString, Version=4.0.2.0, Culture=neutral, PublicKeyToken=b03f5f7f11d50a3a".
             Resolved file path is "C:\Program Files\Unity\Hub\Editor\6000.2.0f1\Editor\Data\NetStandard\compat\2.1.0\shims\netstandard\System.Security.SecureString.dll".
             Reference found at search path location "{HintPathFromItem}".
             This reference is not "CopyLocal" because at least one source item had "Private" set to "false" and no source items had "Private" set to "true".
         Primary reference "System.Text.Encoding, Version=4.0.11.0, Culture=neutral, PublicKeyToken=b03f5f7f11d50a3a".
             Resolved file path is "C:\Program Files\Unity\Hub\Editor\6000.2.0f1\Editor\Data\NetStandard\compat\2.1.0\shims\netstandard\System.Text.Encoding.dll".
             Reference found at search path location "{HintPathFromItem}".
             This reference is not "CopyLocal" because at least one source item had "Private" set to "false" and no source items had "Private" set to "true".
         Primary reference "System.Text.Encoding.Extensions, Version=4.0.11.0, Culture=neutral, PublicKeyToken=b03f5f7f11d50a3a".
             Resolved file path is "C:\Program Files\Unity\Hub\Editor\6000.2.0f1\Editor\Data\NetStandard\compat\2.1.0\shims\netstandard\System.Text.Encoding.Extensions.dll".
             Reference found at search path location "{HintPathFromItem}".
             This reference is not "CopyLocal" because at least one source item had "Private" set to "false" and no source items had "Private" set to "true".
         Primary reference "System.Text.RegularExpressions, Version=4.1.1.0, Culture=neutral, PublicKeyToken=b03f5f7f11d50a3a".
             Resolved file path is "C:\Program Files\Unity\Hub\Editor\6000.2.0f1\Editor\Data\NetStandard\compat\2.1.0\shims\netstandard\System.Text.RegularExpressions.dll".
             Reference found at search path location "{HintPathFromItem}".
             This reference is not "CopyLocal" because at least one source item had "Private" set to "false" and no source items had "Private" set to "true".
         Primary reference "System.Threading, Version=4.0.11.0, Culture=neutral, PublicKeyToken=b03f5f7f11d50a3a".
             Resolved file path is "C:\Program Files\Unity\Hub\Editor\6000.2.0f1\Editor\Data\NetStandard\compat\2.1.0\shims\netstandard\System.Threading.dll".
             Reference found at search path location "{HintPathFromItem}".
             This reference is not "CopyLocal" because at least one source item had "Private" set to "false" and no source items had "Private" set to "true".
         Primary reference "System.Threading.Overlapped, Version=4.0.3.0, Culture=neutral, PublicKeyToken=b03f5f7f11d50a3a".
             Resolved file path is "C:\Program Files\Unity\Hub\Editor\6000.2.0f1\Editor\Data\NetStandard\compat\2.1.0\shims\netstandard\System.Threading.Overlapped.dll".
             Reference found at search path location "{HintPathFromItem}".
             This reference is not "CopyLocal" because at least one source item had "Private" set to "false" and no source items had "Private" set to "true".
         Primary reference "System.Threading.Tasks, Version=4.0.11.0, Culture=neutral, PublicKeyToken=b03f5f7f11d50a3a".
             Resolved file path is "C:\Program Files\Unity\Hub\Editor\6000.2.0f1\Editor\Data\NetStandard\compat\2.1.0\shims\netstandard\System.Threading.Tasks.dll".
             Reference found at search path location "{HintPathFromItem}".
             This reference is not "CopyLocal" because at least one source item had "Private" set to "false" and no source items had "Private" set to "true".
         Primary reference "System.Threading.Tasks.Extensions, Version=4.2.1.0, Culture=neutral, PublicKeyToken=cc7b13ffcd2ddd51".
             Resolved file path is "C:\Program Files\Unity\Hub\Editor\6000.2.0f1\Editor\Data\NetStandard\compat\2.1.0\shims\netstandard\System.Threading.Tasks.Extensions.dll".
             Reference found at search path location "{HintPathFromItem}".
             This reference is not "CopyLocal" because at least one source item had "Private" set to "false" and no source items had "Private" set to "true".
         Primary reference "System.Threading.Tasks.Parallel, Version=4.0.1.0, Culture=neutral, PublicKeyToken=b03f5f7f11d50a3a".
             Resolved file path is "C:\Program Files\Unity\Hub\Editor\6000.2.0f1\Editor\Data\NetStandard\compat\2.1.0\shims\netstandard\System.Threading.Tasks.Parallel.dll".
             Reference found at search path location "{HintPathFromItem}".
             This reference is not "CopyLocal" because at least one source item had "Private" set to "false" and no source items had "Private" set to "true".
         Primary reference "System.Threading.Thread, Version=4.0.2.0, Culture=neutral, PublicKeyToken=b03f5f7f11d50a3a".
             Resolved file path is "C:\Program Files\Unity\Hub\Editor\6000.2.0f1\Editor\Data\NetStandard\compat\2.1.0\shims\netstandard\System.Threading.Thread.dll".
             Reference found at search path location "{HintPathFromItem}".
             This reference is not "CopyLocal" because at least one source item had "Private" set to "false" and no source items had "Private" set to "true".
         Primary reference "System.Threading.ThreadPool, Version=4.0.12.0, Culture=neutral, PublicKeyToken=b03f5f7f11d50a3a".
             Resolved file path is "C:\Program Files\Unity\Hub\Editor\6000.2.0f1\Editor\Data\NetStandard\compat\2.1.0\shims\netstandard\System.Threading.ThreadPool.dll".
             Reference found at search path location "{HintPathFromItem}".
             This reference is not "CopyLocal" because at least one source item had "Private" set to "false" and no source items had "Private" set to "true".
         Primary reference "System.Threading.Timer, Version=4.0.1.0, Culture=neutral, PublicKeyToken=b03f5f7f11d50a3a".
             Resolved file path is "C:\Program Files\Unity\Hub\Editor\6000.2.0f1\Editor\Data\NetStandard\compat\2.1.0\shims\netstandard\System.Threading.Timer.dll".
             Reference found at search path location "{HintPathFromItem}".
             This reference is not "CopyLocal" because at least one source item had "Private" set to "false" and no source items had "Private" set to "true".
         Primary reference "System.ValueTuple, Version=4.0.2.0, Culture=neutral, PublicKeyToken=cc7b13ffcd2ddd51".
             Resolved file path is "C:\Program Files\Unity\Hub\Editor\6000.2.0f1\Editor\Data\NetStandard\compat\2.1.0\shims\netstandard\System.ValueTuple.dll".
             Reference found at search path location "{HintPathFromItem}".
             This reference is not "CopyLocal" because at least one source item had "Private" set to "false" and no source items had "Private" set to "true".
         Primary reference "System.Xml.ReaderWriter, Version=4.1.1.0, Culture=neutral, PublicKeyToken=b03f5f7f11d50a3a".
             Resolved file path is "C:\Program Files\Unity\Hub\Editor\6000.2.0f1\Editor\Data\NetStandard\compat\2.1.0\shims\netstandard\System.Xml.ReaderWriter.dll".
             Reference found at search path location "{HintPathFromItem}".
             This reference is not "CopyLocal" because at least one source item had "Private" set to "false" and no source items had "Private" set to "true".
         Primary reference "System.Xml.XDocument, Version=4.0.11.0, Culture=neutral, PublicKeyToken=b03f5f7f11d50a3a".
             Resolved file path is "C:\Program Files\Unity\Hub\Editor\6000.2.0f1\Editor\Data\NetStandard\compat\2.1.0\shims\netstandard\System.Xml.XDocument.dll".
             Reference found at search path location "{HintPathFromItem}".
             This reference is not "CopyLocal" because at least one source item had "Private" set to "false" and no source items had "Private" set to "true".
         Primary reference "System.Xml.XmlDocument, Version=4.0.3.0, Culture=neutral, PublicKeyToken=b03f5f7f11d50a3a".
             Resolved file path is "C:\Program Files\Unity\Hub\Editor\6000.2.0f1\Editor\Data\NetStandard\compat\2.1.0\shims\netstandard\System.Xml.XmlDocument.dll".
             Reference found at search path location "{HintPathFromItem}".
             This reference is not "CopyLocal" because at least one source item had "Private" set to "false" and no source items had "Private" set to "true".
         Primary reference "System.Xml.XmlSerializer, Version=4.0.11.0, Culture=neutral, PublicKeyToken=b03f5f7f11d50a3a".
             Resolved file path is "C:\Program Files\Unity\Hub\Editor\6000.2.0f1\Editor\Data\NetStandard\compat\2.1.0\shims\netstandard\System.Xml.XmlSerializer.dll".
             Reference found at search path location "{HintPathFromItem}".
             This reference is not "CopyLocal" because at least one source item had "Private" set to "false" and no source items had "Private" set to "true".
         Primary reference "System.Xml.XPath, Version=4.0.3.0, Culture=neutral, PublicKeyToken=b03f5f7f11d50a3a".
             Resolved file path is "C:\Program Files\Unity\Hub\Editor\6000.2.0f1\Editor\Data\NetStandard\compat\2.1.0\shims\netstandard\System.Xml.XPath.dll".
             Reference found at search path location "{HintPathFromItem}".
             This reference is not "CopyLocal" because at least one source item had "Private" set to "false" and no source items had "Private" set to "true".
         Primary reference "System.Xml.XPath.XDocument, Version=4.0.3.0, Culture=neutral, PublicKeyToken=b03f5f7f11d50a3a".
             Resolved file path is "C:\Program Files\Unity\Hub\Editor\6000.2.0f1\Editor\Data\NetStandard\compat\2.1.0\shims\netstandard\System.Xml.XPath.XDocument.dll".
             Reference found at search path location "{HintPathFromItem}".
             This reference is not "CopyLocal" because at least one source item had "Private" set to "false" and no source items had "Private" set to "true".
         Primary reference "System.Runtime.InteropServices.WindowsRuntime, Version=4.0.0.0, Culture=neutral, PublicKeyToken=b03f5f7f11d50a3a".
             Resolved file path is "C:\Program Files\Unity\Hub\Editor\6000.2.0f1\Editor\Data\NetStandard\Extensions\2.0.0\System.Runtime.InteropServices.WindowsRuntime.dll".
             Reference found at search path location "{HintPathFromItem}".
             This reference is not "CopyLocal" because at least one source item had "Private" set to "false" and no source items had "Private" set to "true".
         Unified primary reference "mscorlib, Version=4.0.0.0, Culture=neutral, PublicKeyToken=b77a5c561934e089".
             Using this version instead of original version "2.0.0.0" in "C:\Users\germa\Desktop\Kavkazim\kavkazim\Library\PackageCache\com.unity.visualscripting@6279e2b7c485\Runtime\VisualScripting.Flow\Dependencies\NCalc\Unity.VisualScripting.Antlr3.Runtime.dll" because there is a more recent version of this framework file.
             Resolved file path is "C:\Program Files\Unity\Hub\Editor\6000.2.0f1\Editor\Data\NetStandard\compat\2.1.0\shims\netfx\mscorlib.dll".
             Reference found at search path location "{HintPathFromItem}".
             This reference is not "CopyLocal" because at least one source item had "Private" set to "false" and no source items had "Private" set to "true".
         Primary reference "System.ComponentModel.Composition, Version=4.0.0.0, Culture=neutral, PublicKeyToken=b77a5c561934e089".
             Resolved file path is "C:\Program Files\Unity\Hub\Editor\6000.2.0f1\Editor\Data\NetStandard\compat\2.1.0\shims\netfx\System.ComponentModel.Composition.dll".
             Reference found at search path location "{HintPathFromItem}".
             This reference is not "CopyLocal" because at least one source item had "Private" set to "false" and no source items had "Private" set to "true".
         Primary reference "System.Core, Version=4.0.0.0, Culture=neutral, PublicKeyToken=b77a5c561934e089".
             Resolved file path is "C:\Program Files\Unity\Hub\Editor\6000.2.0f1\Editor\Data\NetStandard\compat\2.1.0\shims\netfx\System.Core.dll".
             Reference found at search path location "{HintPathFromItem}".
             This reference is not "CopyLocal" because at least one source item had "Private" set to "false" and no source items had "Private" set to "true".
         Primary reference "System.Data, Version=4.0.0.0, Culture=neutral, PublicKeyToken=b77a5c561934e089".
             Resolved file path is "C:\Program Files\Unity\Hub\Editor\6000.2.0f1\Editor\Data\NetStandard\compat\2.1.0\shims\netfx\System.Data.dll".
             Reference found at search path location "{HintPathFromItem}".
             This reference is not "CopyLocal" because at least one source item had "Private" set to "false" and no source items had "Private" set to "true".
         Unified primary reference "System, Version=4.0.0.0, Culture=neutral, PublicKeyToken=b77a5c561934e089".
             Using this version instead of original version "2.0.0.0" in "C:\Users\germa\Desktop\Kavkazim\kavkazim\Library\PackageCache\com.unity.visualscripting@6279e2b7c485\Runtime\VisualScripting.Flow\Dependencies\NCalc\Unity.VisualScripting.Antlr3.Runtime.dll" because there is a more recent version of this framework file.
             Resolved file path is "C:\Program Files\Unity\Hub\Editor\6000.2.0f1\Editor\Data\NetStandard\compat\2.1.0\shims\netfx\System.dll".
             Reference found at search path location "{HintPathFromItem}".
             This reference is not "CopyLocal" because at least one source item had "Private" set to "false" and no source items had "Private" set to "true".
         Primary reference "System.Drawing, Version=4.0.0.0, Culture=neutral, PublicKeyToken=b03f5f7f11d50a3a".
             Resolved file path is "C:\Program Files\Unity\Hub\Editor\6000.2.0f1\Editor\Data\NetStandard\compat\2.1.0\shims\netfx\System.Drawing.dll".
             Reference found at search path location "{HintPathFromItem}".
             This reference is not "CopyLocal" because at least one source item had "Private" set to "false" and no source items had "Private" set to "true".
         Primary reference "System.IO.Compression.FileSystem, Version=4.0.0.0, Culture=neutral, PublicKeyToken=b77a5c561934e089".
             Resolved file path is "C:\Program Files\Unity\Hub\Editor\6000.2.0f1\Editor\Data\NetStandard\compat\2.1.0\shims\netfx\System.IO.Compression.FileSystem.dll".
             Reference found at search path location "{HintPathFromItem}".
             This reference is not "CopyLocal" because at least one source item had "Private" set to "false" and no source items had "Private" set to "true".
         Primary reference "System.Net, Version=4.0.0.0, Culture=neutral, PublicKeyToken=b03f5f7f11d50a3a".
             Resolved file path is "C:\Program Files\Unity\Hub\Editor\6000.2.0f1\Editor\Data\NetStandard\compat\2.1.0\shims\netfx\System.Net.dll".
             Reference found at search path location "{HintPathFromItem}".
             This reference is not "CopyLocal" because at least one source item had "Private" set to "false" and no source items had "Private" set to "true".
         Primary reference "System.Numerics, Version=4.0.0.0, Culture=neutral, PublicKeyToken=b77a5c561934e089".
             Resolved file path is "C:\Program Files\Unity\Hub\Editor\6000.2.0f1\Editor\Data\NetStandard\compat\2.1.0\shims\netfx\System.Numerics.dll".
             Reference found at search path location "{HintPathFromItem}".
             This reference is not "CopyLocal" because at least one source item had "Private" set to "false" and no source items had "Private" set to "true".
         Primary reference "System.Runtime.Serialization, Version=4.0.0.0, Culture=neutral, PublicKeyToken=b77a5c561934e089".
             Resolved file path is "C:\Program Files\Unity\Hub\Editor\6000.2.0f1\Editor\Data\NetStandard\compat\2.1.0\shims\netfx\System.Runtime.Serialization.dll".
             Reference found at search path location "{HintPathFromItem}".
             This reference is not "CopyLocal" because at least one source item had "Private" set to "false" and no source items had "Private" set to "true".
         Primary reference "System.ServiceModel.Web, Version=4.0.0.0, Culture=neutral, PublicKeyToken=31bf3856ad364e35".
             Resolved file path is "C:\Program Files\Unity\Hub\Editor\6000.2.0f1\Editor\Data\NetStandard\compat\2.1.0\shims\netfx\System.ServiceModel.Web.dll".
             Reference found at search path location "{HintPathFromItem}".
             This reference is not "CopyLocal" because at least one source item had "Private" set to "false" and no source items had "Private" set to "true".
         Primary reference "System.Transactions, Version=4.0.0.0, Culture=neutral, PublicKeyToken=b77a5c561934e089".
             Resolved file path is "C:\Program Files\Unity\Hub\Editor\6000.2.0f1\Editor\Data\NetStandard\compat\2.1.0\shims\netfx\System.Transactions.dll".
             Reference found at search path location "{HintPathFromItem}".
             This reference is not "CopyLocal" because at least one source item had "Private" set to "false" and no source items had "Private" set to "true".
         Primary reference "System.Web, Version=4.0.0.0, Culture=neutral, PublicKeyToken=b03f5f7f11d50a3a".
             Resolved file path is "C:\Program Files\Unity\Hub\Editor\6000.2.0f1\Editor\Data\NetStandard\compat\2.1.0\shims\netfx\System.Web.dll".
             Reference found at search path location "{HintPathFromItem}".
             This reference is not "CopyLocal" because at least one source item had "Private" set to "false" and no source items had "Private" set to "true".
         Primary reference "System.Windows, Version=4.0.0.0, Culture=neutral, PublicKeyToken=b03f5f7f11d50a3a".
             Resolved file path is "C:\Program Files\Unity\Hub\Editor\6000.2.0f1\Editor\Data\NetStandard\compat\2.1.0\shims\netfx\System.Windows.dll".
             Reference found at search path location "{HintPathFromItem}".
             This reference is not "CopyLocal" because at least one source item had "Private" set to "false" and no source items had "Private" set to "true".
         Primary reference "System.Xml, Version=4.0.0.0, Culture=neutral, PublicKeyToken=b77a5c561934e089".
             Resolved file path is "C:\Program Files\Unity\Hub\Editor\6000.2.0f1\Editor\Data\NetStandard\compat\2.1.0\shims\netfx\System.Xml.dll".
             Reference found at search path location "{HintPathFromItem}".
             This reference is not "CopyLocal" because at least one source item had "Private" set to "false" and no source items had "Private" set to "true".
         Primary reference "System.Xml.Linq, Version=4.0.0.0, Culture=neutral, PublicKeyToken=b77a5c561934e089".
             Resolved file path is "C:\Program Files\Unity\Hub\Editor\6000.2.0f1\Editor\Data\NetStandard\compat\2.1.0\shims\netfx\System.Xml.Linq.dll".
             Reference found at search path location "{HintPathFromItem}".
             This reference is not "CopyLocal" because at least one source item had "Private" set to "false" and no source items had "Private" set to "true".
         Primary reference "System.Xml.Serialization, Version=4.0.0.0, Culture=neutral, PublicKeyToken=b77a5c561934e089".
             Resolved file path is "C:\Program Files\Unity\Hub\Editor\6000.2.0f1\Editor\Data\NetStandard\compat\2.1.0\shims\netfx\System.Xml.Serialization.dll".
             Reference found at search path location "{HintPathFromItem}".
             This reference is not "CopyLocal" because at least one source item had "Private" set to "false" and no source items had "Private" set to "true".
         Primary reference "Unity.2D.Common.Path.Editor, Version=0.0.0.0, Culture=neutral, PublicKeyToken=null".
             Resolved file path is "C:\Users\germa\Desktop\Kavkazim\kavkazim\Library\ScriptAssemblies\Unity.2D.Common.Path.Editor.dll".
             Reference found at search path location "{HintPathFromItem}".
             Found related file "C:\Users\germa\Desktop\Kavkazim\kavkazim\Library\ScriptAssemblies\Unity.2D.Common.Path.Editor.pdb".
             This reference is not "CopyLocal" because at least one source item had "Private" set to "false" and no source items had "Private" set to "true".
         Primary reference "Unity.2D.Sprite.Editor, Version=0.0.0.0, Culture=neutral, PublicKeyToken=null".
             Resolved file path is "C:\Users\germa\Desktop\Kavkazim\kavkazim\Library\ScriptAssemblies\Unity.2D.Sprite.Editor.dll".
             Reference found at search path location "{HintPathFromItem}".
             Found related file "C:\Users\germa\Desktop\Kavkazim\kavkazim\Library\ScriptAssemblies\Unity.2D.Sprite.Editor.pdb".
             This reference is not "CopyLocal" because at least one source item had "Private" set to "false" and no source items had "Private" set to "true".
         Primary reference "Unity.InternalAPIEngineBridge.001, Version=0.0.0.0, Culture=neutral, PublicKeyToken=null".
             Resolved file path is "C:\Users\germa\Desktop\Kavkazim\kavkazim\Library\ScriptAssemblies\Unity.InternalAPIEngineBridge.001.dll".
             Reference found at search path location "{HintPathFromItem}".
             Found related file "C:\Users\germa\Desktop\Kavkazim\kavkazim\Library\ScriptAssemblies\Unity.InternalAPIEngineBridge.001.pdb".
             This reference is not "CopyLocal" because at least one source item had "Private" set to "false" and no source items had "Private" set to "true".
         Primary reference "Unity.TextMeshPro, Version=0.0.0.0, Culture=neutral, PublicKeyToken=null".
             Resolved file path is "C:\Users\germa\Desktop\Kavkazim\kavkazim\Library\ScriptAssemblies\Unity.TextMeshPro.dll".
             Reference found at search path location "{HintPathFromItem}".
             Found related file "C:\Users\germa\Desktop\Kavkazim\kavkazim\Library\ScriptAssemblies\Unity.TextMeshPro.pdb".
             This reference is not "CopyLocal" because at least one source item had "Private" set to "false" and no source items had "Private" set to "true".
         Primary reference "PsdPlugin, Version=0.0.0.0, Culture=neutral, PublicKeyToken=null".
             Resolved file path is "C:\Users\germa\Desktop\Kavkazim\kavkazim\Library\ScriptAssemblies\PsdPlugin.dll".
             Reference found at search path location "{HintPathFromItem}".
             Found related file "C:\Users\germa\Desktop\Kavkazim\kavkazim\Library\ScriptAssemblies\PsdPlugin.pdb".
             This reference is not "CopyLocal" because at least one source item had "Private" set to "false" and no source items had "Private" set to "true".
         Primary reference "Unity.Services.QoS, Version=0.0.0.0, Culture=neutral, PublicKeyToken=null".
             Resolved file path is "C:\Users\germa\Desktop\Kavkazim\kavkazim\Library\ScriptAssemblies\Unity.Services.QoS.dll".
             Reference found at search path location "{HintPathFromItem}".
             Found related file "C:\Users\germa\Desktop\Kavkazim\kavkazim\Library\ScriptAssemblies\Unity.Services.QoS.pdb".
             This reference is not "CopyLocal" because at least one source item had "Private" set to "false" and no source items had "Private" set to "true".
         Primary reference "Unity.Services.Core, Version=0.0.0.0, Culture=neutral, PublicKeyToken=null".
             Resolved file path is "C:\Users\germa\Desktop\Kavkazim\kavkazim\Library\ScriptAssemblies\Unity.Services.Core.dll".
             Reference found at search path location "{HintPathFromItem}".
             Found related file "C:\Users\germa\Desktop\Kavkazim\kavkazim\Library\ScriptAssemblies\Unity.Services.Core.pdb".
             This reference is not "CopyLocal" because at least one source item had "Private" set to "false" and no source items had "Private" set to "true".
         Primary reference "Unity.Netcode.Runtime, Version=0.0.0.0, Culture=neutral, PublicKeyToken=null".
             Resolved file path is "C:\Users\germa\Desktop\Kavkazim\kavkazim\Library\ScriptAssemblies\Unity.Netcode.Runtime.dll".
             Reference found at search path location "{HintPathFromItem}".
             Found related file "C:\Users\germa\Desktop\Kavkazim\kavkazim\Library\ScriptAssemblies\Unity.Netcode.Runtime.pdb".
             This reference is not "CopyLocal" because at least one source item had "Private" set to "false" and no source items had "Private" set to "true".
         Primary reference "Unity.RenderPipelines.Core.ShaderLibrary, Version=0.0.0.0, Culture=neutral, PublicKeyToken=null".
             Resolved file path is "C:\Users\germa\Desktop\Kavkazim\kavkazim\Library\ScriptAssemblies\Unity.RenderPipelines.Core.ShaderLibrary.dll".
             Reference found at search path location "{HintPathFromItem}".
             Found related file "C:\Users\germa\Desktop\Kavkazim\kavkazim\Library\ScriptAssemblies\Unity.RenderPipelines.Core.ShaderLibrary.pdb".
             This reference is not "CopyLocal" because at least one source item had "Private" set to "false" and no source items had "Private" set to "true".
         Primary reference "Unity.Multiplayer.PlayMode.Analytics.Editor, Version=0.0.0.0, Culture=neutral, PublicKeyToken=null".
             Resolved file path is "C:\Users\germa\Desktop\Kavkazim\kavkazim\Library\ScriptAssemblies\Unity.Multiplayer.PlayMode.Analytics.Editor.dll".
             Reference found at search path location "{HintPathFromItem}".
             Found related file "C:\Users\germa\Desktop\Kavkazim\kavkazim\Library\ScriptAssemblies\Unity.Multiplayer.PlayMode.Analytics.Editor.pdb".
             This reference is not "CopyLocal" because at least one source item had "Private" set to "false" and no source items had "Private" set to "true".
         Primary reference "Unity.VisualScripting.SettingsProvider.Editor, Version=0.0.0.0, Culture=neutral, PublicKeyToken=null".
             Resolved file path is "C:\Users\germa\Desktop\Kavkazim\kavkazim\Library\ScriptAssemblies\Unity.VisualScripting.SettingsProvider.Editor.dll".
             Reference found at search path location "{HintPathFromItem}".
             Found related file "C:\Users\germa\Desktop\Kavkazim\kavkazim\Library\ScriptAssemblies\Unity.VisualScripting.SettingsProvider.Editor.pdb".
             This reference is not "CopyLocal" because at least one source item had "Private" set to "false" and no source items had "Private" set to "true".
         Primary reference "Unity.Networking.Editor, Version=0.0.0.0, Culture=neutral, PublicKeyToken=null".
             Resolved file path is "C:\Users\germa\Desktop\Kavkazim\kavkazim\Library\ScriptAssemblies\Unity.Networking.Editor.dll".
             Reference found at search path location "{HintPathFromItem}".
             Found related file "C:\Users\germa\Desktop\Kavkazim\kavkazim\Library\ScriptAssemblies\Unity.Networking.Editor.pdb".
             This reference is not "CopyLocal" because at least one source item had "Private" set to "false" and no source items had "Private" set to "true".
         Primary reference "Unity.2D.Enhancers.Editor.AIBridge, Version=0.0.0.0, Culture=neutral, PublicKeyToken=null".
             Resolved file path is "C:\Users\germa\Desktop\Kavkazim\kavkazim\Library\ScriptAssemblies\Unity.2D.Enhancers.Editor.AIBridge.dll".
             Reference found at search path location "{HintPathFromItem}".
             Found related file "C:\Users\germa\Desktop\Kavkazim\kavkazim\Library\ScriptAssemblies\Unity.2D.Enhancers.Editor.AIBridge.pdb".
             This reference is not "CopyLocal" because at least one source item had "Private" set to "false" and no source items had "Private" set to "true".
         Primary reference "Unity.Splines.Editor, Version=0.0.0.0, Culture=neutral, PublicKeyToken=null".
             Resolved file path is "C:\Users\germa\Desktop\Kavkazim\kavkazim\Library\ScriptAssemblies\Unity.Splines.Editor.dll".
             Reference found at search path location "{HintPathFromItem}".
             Found related file "C:\Users\germa\Desktop\Kavkazim\kavkazim\Library\ScriptAssemblies\Unity.Splines.Editor.pdb".
             This reference is not "CopyLocal" because at least one source item had "Private" set to "false" and no source items had "Private" set to "true".
         Primary reference "PPv2URPConverters, Version=0.0.0.0, Culture=neutral, PublicKeyToken=null".
             Resolved file path is "C:\Users\germa\Desktop\Kavkazim\kavkazim\Library\ScriptAssemblies\PPv2URPConverters.dll".
             Reference found at search path location "{HintPathFromItem}".
             Found related file "C:\Users\germa\Desktop\Kavkazim\kavkazim\Library\ScriptAssemblies\PPv2URPConverters.pdb".
             This reference is not "CopyLocal" because at least one source item had "Private" set to "false" and no source items had "Private" set to "true".
         Primary reference "Unity.2D.Common.Editor, Version=0.0.0.0, Culture=neutral, PublicKeyToken=null".
             Resolved file path is "C:\Users\germa\Desktop\Kavkazim\kavkazim\Library\ScriptAssemblies\Unity.2D.Common.Editor.dll".
             Reference found at search path location "{HintPathFromItem}".
             Found related file "C:\Users\germa\Desktop\Kavkazim\kavkazim\Library\ScriptAssemblies\Unity.2D.Common.Editor.pdb".
             This reference is not "CopyLocal" because at least one source item had "Private" set to "false" and no source items had "Private" set to "true".
         Primary reference "Unity.Addressables, Version=0.0.0.0, Culture=neutral, PublicKeyToken=null".
             Resolved file path is "C:\Users\germa\Desktop\Kavkazim\kavkazim\Library\ScriptAssemblies\Unity.Addressables.dll".
             Reference found at search path location "{HintPathFromItem}".
             Found related file "C:\Users\germa\Desktop\Kavkazim\kavkazim\Library\ScriptAssemblies\Unity.Addressables.pdb".
             This reference is not "CopyLocal" because at least one source item had "Private" set to "false" and no source items had "Private" set to "true".
         Primary reference "Unity.InternalAPIEditorBridge.001, Version=0.0.0.0, Culture=neutral, PublicKeyToken=null".
             Resolved file path is "C:\Users\germa\Desktop\Kavkazim\kavkazim\Library\ScriptAssemblies\Unity.InternalAPIEditorBridge.001.dll".
             Reference found at search path location "{HintPathFromItem}".
             Found related file "C:\Users\germa\Desktop\Kavkazim\kavkazim\Library\ScriptAssemblies\Unity.InternalAPIEditorBridge.001.pdb".
             This reference is not "CopyLocal" because at least one source item had "Private" set to "false" and no source items had "Private" set to "true".
         Primary reference "Unity.2D.Animation.Runtime, Version=0.0.0.0, Culture=neutral, PublicKeyToken=null".
             Resolved file path is "C:\Users\germa\Desktop\Kavkazim\kavkazim\Library\ScriptAssemblies\Unity.2D.Animation.Runtime.dll".
             Reference found at search path location "{HintPathFromItem}".
             Found related file "C:\Users\germa\Desktop\Kavkazim\kavkazim\Library\ScriptAssemblies\Unity.2D.Animation.Runtime.pdb".
             This reference is not "CopyLocal" because at least one source item had "Private" set to "false" and no source items had "Private" set to "true".
         Primary reference "Unity.RenderPipelines.Core.Runtime.Shared, Version=0.0.0.0, Culture=neutral, PublicKeyToken=null".
             Resolved file path is "C:\Users\germa\Desktop\Kavkazim\kavkazim\Library\ScriptAssemblies\Unity.RenderPipelines.Core.Runtime.Shared.dll".
             Reference found at search path location "{HintPathFromItem}".
             Found related file "C:\Users\germa\Desktop\Kavkazim\kavkazim\Library\ScriptAssemblies\Unity.RenderPipelines.Core.Runtime.Shared.pdb".
             This reference is not "CopyLocal" because at least one source item had "Private" set to "false" and no source items had "Private" set to "true".
         Primary reference "Unity.RenderPipelines.Universal.2D.Runtime, Version=0.0.0.0, Culture=neutral, PublicKeyToken=null".
             Resolved file path is "C:\Users\germa\Desktop\Kavkazim\kavkazim\Library\ScriptAssemblies\Unity.RenderPipelines.Universal.2D.Runtime.dll".
             Reference found at search path location "{HintPathFromItem}".
             Found related file "C:\Users\germa\Desktop\Kavkazim\kavkazim\Library\ScriptAssemblies\Unity.RenderPipelines.Universal.2D.Runtime.pdb".
             This reference is not "CopyLocal" because at least one source item had "Private" set to "false" and no source items had "Private" set to "true".
         Primary reference "Unity.Services.Core.Components, Version=0.0.0.0, Culture=neutral, PublicKeyToken=null".
             Resolved file path is "C:\Users\germa\Desktop\Kavkazim\kavkazim\Library\ScriptAssemblies\Unity.Services.Core.Components.dll".
             Reference found at search path location "{HintPathFromItem}".
             Found related file "C:\Users\germa\Desktop\Kavkazim\kavkazim\Library\ScriptAssemblies\Unity.Services.Core.Components.pdb".
             This reference is not "CopyLocal" because at least one source item had "Private" set to "false" and no source items had "Private" set to "true".
         Primary reference "Unity.2D.Aseprite.Common, Version=0.0.0.0, Culture=neutral, PublicKeyToken=null".
             Resolved file path is "C:\Users\germa\Desktop\Kavkazim\kavkazim\Library\ScriptAssemblies\Unity.2D.Aseprite.Common.dll".
             Reference found at search path location "{HintPathFromItem}".
             Found related file "C:\Users\germa\Desktop\Kavkazim\kavkazim\Library\ScriptAssemblies\Unity.2D.Aseprite.Common.pdb".
             This reference is not "CopyLocal" because at least one source item had "Private" set to "false" and no source items had "Private" set to "true".
         Primary reference "Unity.Rendering.LightTransport.Editor, Version=0.0.0.0, Culture=neutral, PublicKeyToken=null".
             Resolved file path is "C:\Users\germa\Desktop\Kavkazim\kavkazim\Library\ScriptAssemblies\Unity.Rendering.LightTransport.Editor.dll".
             Reference found at search path location "{HintPathFromItem}".
             Found related file "C:\Users\germa\Desktop\Kavkazim\kavkazim\Library\ScriptAssemblies\Unity.Rendering.LightTransport.Editor.pdb".
             This reference is not "CopyLocal" because at least one source item had "Private" set to "false" and no source items had "Private" set to "true".
         Primary reference "Unity.InferenceEngine.MacBLAS, Version=0.0.0.0, Culture=neutral, PublicKeyToken=null".
             Resolved file path is "C:\Users\germa\Desktop\Kavkazim\kavkazim\Library\ScriptAssemblies\Unity.InferenceEngine.MacBLAS.dll".
             Reference found at search path location "{HintPathFromItem}".
             Found related file "C:\Users\germa\Desktop\Kavkazim\kavkazim\Library\ScriptAssemblies\Unity.InferenceEngine.MacBLAS.pdb".
             This reference is not "CopyLocal" because at least one source item had "Private" set to "false" and no source items had "Private" set to "true".
         Primary reference "Unity.Services.Authentication, Version=0.0.0.0, Culture=neutral, PublicKeyToken=null".
             Resolved file path is "C:\Users\germa\Desktop\Kavkazim\kavkazim\Library\ScriptAssemblies\Unity.Services.Authentication.dll".
             Reference found at search path location "{HintPathFromItem}".
             Found related file "C:\Users\germa\Desktop\Kavkazim\kavkazim\Library\ScriptAssemblies\Unity.Services.Authentication.pdb".
             This reference is not "CopyLocal" because at least one source item had "Private" set to "false" and no source items had "Private" set to "true".
         Primary reference "Unity.Rider.Editor, Version=3.0.7.0, Culture=neutral, PublicKeyToken=null".
             Resolved file path is "C:\Users\germa\Desktop\Kavkazim\kavkazim\Library\ScriptAssemblies\Unity.Rider.Editor.dll".
             Reference found at search path location "{HintPathFromItem}".
             Found related file "C:\Users\germa\Desktop\Kavkazim\kavkazim\Library\ScriptAssemblies\Unity.Rider.Editor.pdb".
             This reference is not "CopyLocal" because at least one source item had "Private" set to "false" and no source items had "Private" set to "true".
         Primary reference "Unity.2D.Aseprite.Editor, Version=0.0.0.0, Culture=neutral, PublicKeyToken=null".
             Resolved file path is "C:\Users\germa\Desktop\Kavkazim\kavkazim\Library\ScriptAssemblies\Unity.2D.Aseprite.Editor.dll".
             Reference found at search path location "{HintPathFromItem}".
             Found related file "C:\Users\germa\Desktop\Kavkazim\kavkazim\Library\ScriptAssemblies\Unity.2D.Aseprite.Editor.pdb".
             This reference is not "CopyLocal" because at least one source item had "Private" set to "false" and no source items had "Private" set to "true".
         Primary reference "Unity.AI.Assistant.Bridge.Editor, Version=0.0.0.0, Culture=neutral, PublicKeyToken=null".
             Resolved file path is "C:\Users\germa\Desktop\Kavkazim\kavkazim\Library\ScriptAssemblies\Unity.AI.Assistant.Bridge.Editor.dll".
             Reference found at search path location "{HintPathFromItem}".
             Found related file "C:\Users\germa\Desktop\Kavkazim\kavkazim\Library\ScriptAssemblies\Unity.AI.Assistant.Bridge.Editor.pdb".
             This reference is not "CopyLocal" because at least one source item had "Private" set to "false" and no source items had "Private" set to "true".
         Primary reference "Unity.Services.Lobbies, Version=0.0.0.0, Culture=neutral, PublicKeyToken=null".
             Resolved file path is "C:\Users\germa\Desktop\Kavkazim\kavkazim\Library\ScriptAssemblies\Unity.Services.Lobbies.dll".
             Reference found at search path location "{HintPathFromItem}".
             Found related file "C:\Users\germa\Desktop\Kavkazim\kavkazim\Library\ScriptAssemblies\Unity.Services.Lobbies.pdb".
             This reference is not "CopyLocal" because at least one source item had "Private" set to "false" and no source items had "Private" set to "true".
         Primary reference "Unity.InferenceEngine.Editor, Version=0.0.0.0, Culture=neutral, PublicKeyToken=null".
             Resolved file path is "C:\Users\germa\Desktop\Kavkazim\kavkazim\Library\ScriptAssemblies\Unity.InferenceEngine.Editor.dll".
             Reference found at search path location "{HintPathFromItem}".
             Found related file "C:\Users\germa\Desktop\Kavkazim\kavkazim\Library\ScriptAssemblies\Unity.InferenceEngine.Editor.pdb".
             This reference is not "CopyLocal" because at least one source item had "Private" set to "false" and no source items had "Private" set to "true".
         Primary reference "Unity.Services.Authentication.Editor.Shared, Version=0.0.0.0, Culture=neutral, PublicKeyToken=null".
             Resolved file path is "C:\Users\germa\Desktop\Kavkazim\kavkazim\Library\ScriptAssemblies\Unity.Services.Authentication.Editor.Shared.dll".
             Reference found at search path location "{HintPathFromItem}".
             Found related file "C:\Users\germa\Desktop\Kavkazim\kavkazim\Library\ScriptAssemblies\Unity.Services.Authentication.Editor.Shared.pdb".
             This reference is not "CopyLocal" because at least one source item had "Private" set to "false" and no source items had "Private" set to "true".
         Primary reference "Unity.RenderPipelines.ShaderGraph.ShaderGraphLibrary, Version=0.0.0.0, Culture=neutral, PublicKeyToken=null".
             Resolved file path is "C:\Users\germa\Desktop\Kavkazim\kavkazim\Library\ScriptAssemblies\Unity.RenderPipelines.ShaderGraph.ShaderGraphLibrary.dll".
             Reference found at search path location "{HintPathFromItem}".
             Found related file "C:\Users\germa\Desktop\Kavkazim\kavkazim\Library\ScriptAssemblies\Unity.RenderPipelines.ShaderGraph.ShaderGraphLibrary.pdb".
             This reference is not "CopyLocal" because at least one source item had "Private" set to "false" and no source items had "Private" set to "true".
         Primary reference "Unity.VisualScripting.Flow, Version=0.0.0.0, Culture=neutral, PublicKeyToken=null".
             Resolved file path is "C:\Users\germa\Desktop\Kavkazim\kavkazim\Library\ScriptAssemblies\Unity.VisualScripting.Flow.dll".
             Reference found at search path location "{HintPathFromItem}".
             Found related file "C:\Users\germa\Desktop\Kavkazim\kavkazim\Library\ScriptAssemblies\Unity.VisualScripting.Flow.pdb".
             This reference is not "CopyLocal" because at least one source item had "Private" set to "false" and no source items had "Private" set to "true".
         Primary reference "Unity.TextMeshPro.Editor, Version=0.0.0.0, Culture=neutral, PublicKeyToken=null".
             Resolved file path is "C:\Users\germa\Desktop\Kavkazim\kavkazim\Library\ScriptAssemblies\Unity.TextMeshPro.Editor.dll".
             Reference found at search path location "{HintPathFromItem}".
             Found related file "C:\Users\germa\Desktop\Kavkazim\kavkazim\Library\ScriptAssemblies\Unity.TextMeshPro.Editor.pdb".
             This reference is not "CopyLocal" because at least one source item had "Private" set to "false" and no source items had "Private" set to "true".
         Primary reference "Unity.2D.Tilemap.Extras.Editor, Version=0.0.0.0, Culture=neutral, PublicKeyToken=null".
             Resolved file path is "C:\Users\germa\Desktop\Kavkazim\kavkazim\Library\ScriptAssemblies\Unity.2D.Tilemap.Extras.Editor.dll".
             Reference found at search path location "{HintPathFromItem}".
             Found related file "C:\Users\germa\Desktop\Kavkazim\kavkazim\Library\ScriptAssemblies\Unity.2D.Tilemap.Extras.Editor.pdb".
             This reference is not "CopyLocal" because at least one source item had "Private" set to "false" and no source items had "Private" set to "true".
         Primary reference "Unity.Services.Authentication.PlayerAccounts, Version=0.0.0.0, Culture=neutral, PublicKeyToken=null".
             Resolved file path is "C:\Users\germa\Desktop\Kavkazim\kavkazim\Library\ScriptAssemblies\Unity.Services.Authentication.PlayerAccounts.dll".
             Reference found at search path location "{HintPathFromItem}".
             Found related file "C:\Users\germa\Desktop\Kavkazim\kavkazim\Library\ScriptAssemblies\Unity.Services.Authentication.PlayerAccounts.pdb".
             This reference is not "CopyLocal" because at least one source item had "Private" set to "false" and no source items had "Private" set to "true".
         Primary reference "Unity.VisualStudio.Editor, Version=0.0.0.0, Culture=neutral, PublicKeyToken=null".
             Resolved file path is "C:\Users\germa\Desktop\Kavkazim\kavkazim\Library\ScriptAssemblies\Unity.VisualStudio.Editor.dll".
             Reference found at search path location "{HintPathFromItem}".
             Found related file "C:\Users\germa\Desktop\Kavkazim\kavkazim\Library\ScriptAssemblies\Unity.VisualStudio.Editor.pdb".
             This reference is not "CopyLocal" because at least one source item had "Private" set to "false" and no source items had "Private" set to "true".
         Primary reference "Unity.2D.Tilemap.Editor, Version=0.0.0.0, Culture=neutral, PublicKeyToken=null".
             Resolved file path is "C:\Users\germa\Desktop\Kavkazim\kavkazim\Library\ScriptAssemblies\Unity.2D.Tilemap.Editor.dll".
             Reference found at search path location "{HintPathFromItem}".
             Found related file "C:\Users\germa\Desktop\Kavkazim\kavkazim\Library\ScriptAssemblies\Unity.2D.Tilemap.Editor.pdb".
             This reference is not "CopyLocal" because at least one source item had "Private" set to "false" and no source items had "Private" set to "true".
         Primary reference "Unity.InputSystem.ForUI, Version=0.0.0.0, Culture=neutral, PublicKeyToken=null".
             Resolved file path is "C:\Users\germa\Desktop\Kavkazim\kavkazim\Library\ScriptAssemblies\Unity.InputSystem.ForUI.dll".
             Reference found at search path location "{HintPathFromItem}".
             Found related file "C:\Users\germa\Desktop\Kavkazim\kavkazim\Library\ScriptAssemblies\Unity.InputSystem.ForUI.pdb".
             This reference is not "CopyLocal" because at least one source item had "Private" set to "false" and no source items had "Private" set to "true".
         Primary reference "Unity.Profiling.Core, Version=0.0.0.0, Culture=neutral, PublicKeyToken=null".
             Resolved file path is "C:\Users\germa\Desktop\Kavkazim\kavkazim\Library\ScriptAssemblies\Unity.Profiling.Core.dll".
             Reference found at search path location "{HintPathFromItem}".
             Found related file "C:\Users\germa\Desktop\Kavkazim\kavkazim\Library\ScriptAssemblies\Unity.Profiling.Core.pdb".
             This reference is not "CopyLocal" because at least one source item had "Private" set to "false" and no source items had "Private" set to "true".
         Primary reference "Unity.RenderPipelines.GPUDriven.Runtime, Version=0.0.0.0, Culture=neutral, PublicKeyToken=null".
             Resolved file path is "C:\Users\germa\Desktop\Kavkazim\kavkazim\Library\ScriptAssemblies\Unity.RenderPipelines.GPUDriven.Runtime.dll".
             Reference found at search path location "{HintPathFromItem}".
             Found related file "C:\Users\germa\Desktop\Kavkazim\kavkazim\Library\ScriptAssemblies\Unity.RenderPipelines.GPUDriven.Runtime.pdb".
             This reference is not "CopyLocal" because at least one source item had "Private" set to "false" and no source items had "Private" set to "true".
         Primary reference "Unity.VisualScripting.State.Editor, Version=0.0.0.0, Culture=neutral, PublicKeyToken=null".
             Resolved file path is "C:\Users\germa\Desktop\Kavkazim\kavkazim\Library\ScriptAssemblies\Unity.VisualScripting.State.Editor.dll".
             Reference found at search path location "{HintPathFromItem}".
             Found related file "C:\Users\germa\Desktop\Kavkazim\kavkazim\Library\ScriptAssemblies\Unity.VisualScripting.State.Editor.pdb".
             This reference is not "CopyLocal" because at least one source item had "Private" set to "false" and no source items had "Private" set to "true".
         Primary reference "Unity.RenderPipelines.Universal.Shaders, Version=0.0.0.0, Culture=neutral, PublicKeyToken=null".
             Resolved file path is "C:\Users\germa\Desktop\Kavkazim\kavkazim\Library\ScriptAssemblies\Unity.RenderPipelines.Universal.Shaders.dll".
             Reference found at search path location "{HintPathFromItem}".
             Found related file "C:\Users\germa\Desktop\Kavkazim\kavkazim\Library\ScriptAssemblies\Unity.RenderPipelines.Universal.Shaders.pdb".
             This reference is not "CopyLocal" because at least one source item had "Private" set to "false" and no source items had "Private" set to "true".
         Primary reference "UnityEngine.UI, Version=1.0.0.0, Culture=neutral, PublicKeyToken=null".
             Resolved file path is "C:\Users\germa\Desktop\Kavkazim\kavkazim\Library\ScriptAssemblies\UnityEngine.UI.dll".
             Reference found at search path location "{HintPathFromItem}".
             Found related file "C:\Users\germa\Desktop\Kavkazim\kavkazim\Library\ScriptAssemblies\UnityEngine.UI.pdb".
             This reference is not "CopyLocal" because at least one source item had "Private" set to "false" and no source items had "Private" set to "true".
         Primary reference "Unity.Services.Core.Environments, Version=0.0.0.0, Culture=neutral, PublicKeyToken=null".
             Resolved file path is "C:\Users\germa\Desktop\Kavkazim\kavkazim\Library\ScriptAssemblies\Unity.Services.Core.Environments.dll".
             Reference found at search path location "{HintPathFromItem}".
             Found related file "C:\Users\germa\Desktop\Kavkazim\kavkazim\Library\ScriptAssemblies\Unity.Services.Core.Environments.pdb".
             This reference is not "CopyLocal" because at least one source item had "Private" set to "false" and no source items had "Private" set to "true".
         Primary reference "Unity.RenderPipelines.Universal.Runtime, Version=0.0.0.0, Culture=neutral, PublicKeyToken=null".
             Resolved file path is "C:\Users\germa\Desktop\Kavkazim\kavkazim\Library\ScriptAssemblies\Unity.RenderPipelines.Universal.Runtime.dll".
             Reference found at search path location "{HintPathFromItem}".
             Found related file "C:\Users\germa\Desktop\Kavkazim\kavkazim\Library\ScriptAssemblies\Unity.RenderPipelines.Universal.Runtime.pdb".
             This reference is not "CopyLocal" because at least one source item had "Private" set to "false" and no source items had "Private" set to "true".
         Primary reference "Unity.AI.Assistant.AvatarHelper.Editor, Version=0.0.0.0, Culture=neutral, PublicKeyToken=null".
             Resolved file path is "C:\Users\germa\Desktop\Kavkazim\kavkazim\Library\ScriptAssemblies\Unity.AI.Assistant.AvatarHelper.Editor.dll".
             Reference found at search path location "{HintPathFromItem}".
             Found related file "C:\Users\germa\Desktop\Kavkazim\kavkazim\Library\ScriptAssemblies\Unity.AI.Assistant.AvatarHelper.Editor.pdb".
             This reference is not "CopyLocal" because at least one source item had "Private" set to "false" and no source items had "Private" set to "true".
         Primary reference "Unity.RenderPipelines.Universal.Config.Runtime, Version=0.0.0.0, Culture=neutral, PublicKeyToken=null".
             Resolved file path is "C:\Users\germa\Desktop\Kavkazim\kavkazim\Library\ScriptAssemblies\Unity.RenderPipelines.Universal.Config.Runtime.dll".
             Reference found at search path location "{HintPathFromItem}".
             Found related file "C:\Users\germa\Desktop\Kavkazim\kavkazim\Library\ScriptAssemblies\Unity.RenderPipelines.Universal.Config.Runtime.pdb".
             This reference is not "CopyLocal" because at least one source item had "Private" set to "false" and no source items had "Private" set to "true".
         Primary reference "Unity.AppUI, Version=0.0.0.0, Culture=neutral, PublicKeyToken=null".
             Resolved file path is "C:\Users\germa\Desktop\Kavkazim\kavkazim\Library\ScriptAssemblies\Unity.AppUI.dll".
             Reference found at search path location "{HintPathFromItem}".
             Found related file "C:\Users\germa\Desktop\Kavkazim\kavkazim\Library\ScriptAssemblies\Unity.AppUI.pdb".
             This reference is not "CopyLocal" because at least one source item had "Private" set to "false" and no source items had "Private" set to "true".
         Primary reference "Unity.2D.Sprite.AIIntegration.Editor, Version=0.0.0.0, Culture=neutral, PublicKeyToken=null".
             Resolved file path is "C:\Users\germa\Desktop\Kavkazim\kavkazim\Library\ScriptAssemblies\Unity.2D.Sprite.AIIntegration.Editor.dll".
             Reference found at search path location "{HintPathFromItem}".
             Found related file "C:\Users\germa\Desktop\Kavkazim\kavkazim\Library\ScriptAssemblies\Unity.2D.Sprite.AIIntegration.Editor.pdb".
             This reference is not "CopyLocal" because at least one source item had "Private" set to "false" and no source items had "Private" set to "true".
         Primary reference "Unity.RenderPipelines.Core.Editor.Shared, Version=0.0.0.0, Culture=neutral, PublicKeyToken=null".
             Resolved file path is "C:\Users\germa\Desktop\Kavkazim\kavkazim\Library\ScriptAssemblies\Unity.RenderPipelines.Core.Editor.Shared.dll".
             Reference found at search path location "{HintPathFromItem}".
             Found related file "C:\Users\germa\Desktop\Kavkazim\kavkazim\Library\ScriptAssemblies\Unity.RenderPipelines.Core.Editor.Shared.pdb".
             This reference is not "CopyLocal" because at least one source item had "Private" set to "false" and no source items had "Private" set to "true".
         Primary reference "Unity.2D.Enhancers.Editor, Version=0.0.0.0, Culture=neutral, PublicKeyToken=null".
             Resolved file path is "C:\Users\germa\Desktop\Kavkazim\kavkazim\Library\ScriptAssemblies\Unity.2D.Enhancers.Editor.dll".
             Reference found at search path location "{HintPathFromItem}".
             Found related file "C:\Users\germa\Desktop\Kavkazim\kavkazim\Library\ScriptAssemblies\Unity.2D.Enhancers.Editor.pdb".
             This reference is not "CopyLocal" because at least one source item had "Private" set to "false" and no source items had "Private" set to "true".
         Primary reference "Unity.InputSystem, Version=1.14.2.0, Culture=neutral, PublicKeyToken=null".
             Resolved file path is "C:\Users\germa\Desktop\Kavkazim\kavkazim\Library\ScriptAssemblies\Unity.InputSystem.dll".
             Reference found at search path location "{HintPathFromItem}".
             Found related file "C:\Users\germa\Desktop\Kavkazim\kavkazim\Library\ScriptAssemblies\Unity.InputSystem.pdb".
             This reference is not "CopyLocal" because at least one source item had "Private" set to "false" and no source items had "Private" set to "true".
         Primary reference "Unity.2D.SpriteShape.Editor, Version=0.0.0.0, Culture=neutral, PublicKeyToken=null".
             Resolved file path is "C:\Users\germa\Desktop\Kavkazim\kavkazim\Library\ScriptAssemblies\Unity.2D.SpriteShape.Editor.dll".
             Reference found at search path location "{HintPathFromItem}".
             Found related file "C:\Users\germa\Desktop\Kavkazim\kavkazim\Library\ScriptAssemblies\Unity.2D.SpriteShape.Editor.pdb".
             This reference is not "CopyLocal" because at least one source item had "Private" set to "false" and no source items had "Private" set to "true".
         Primary reference "Unity.Splines, Version=0.0.0.0, Culture=neutral, PublicKeyToken=null".
             Resolved file path is "C:\Users\germa\Desktop\Kavkazim\kavkazim\Library\ScriptAssemblies\Unity.Splines.dll".
             Reference found at search path location "{HintPathFromItem}".
             Found related file "C:\Users\germa\Desktop\Kavkazim\kavkazim\Library\ScriptAssemblies\Unity.Splines.pdb".
             This reference is not "CopyLocal" because at least one source item had "Private" set to "false" and no source items had "Private" set to "true".
         Primary reference "Unity.Addressables.Editor, Version=0.0.0.0, Culture=neutral, PublicKeyToken=null".
             Resolved file path is "C:\Users\germa\Desktop\Kavkazim\kavkazim\Library\ScriptAssemblies\Unity.Addressables.Editor.dll".
             Reference found at search path location "{HintPathFromItem}".
             Found related file "C:\Users\germa\Desktop\Kavkazim\kavkazim\Library\ScriptAssemblies\Unity.Addressables.Editor.pdb".
             This reference is not "CopyLocal" because at least one source item had "Private" set to "false" and no source items had "Private" set to "true".
         Primary reference "Unity.AppUI.Redux, Version=0.0.0.0, Culture=neutral, PublicKeyToken=null".
             Resolved file path is "C:\Users\germa\Desktop\Kavkazim\kavkazim\Library\ScriptAssemblies\Unity.AppUI.Redux.dll".
             Reference found at search path location "{HintPathFromItem}".
             Found related file "C:\Users\germa\Desktop\Kavkazim\kavkazim\Library\ScriptAssemblies\Unity.AppUI.Redux.pdb".
             This reference is not "CopyLocal" because at least one source item had "Private" set to "false" and no source items had "Private" set to "true".
         Primary reference "Unity.InferenceEngine.ONNX.Editor, Version=0.0.0.0, Culture=neutral, PublicKeyToken=null".
             Resolved file path is "C:\Users\germa\Desktop\Kavkazim\kavkazim\Library\ScriptAssemblies\Unity.InferenceEngine.ONNX.Editor.dll".
             Reference found at search path location "{HintPathFromItem}".
             Found related file "C:\Users\germa\Desktop\Kavkazim\kavkazim\Library\ScriptAssemblies\Unity.InferenceEngine.ONNX.Editor.pdb".
             This reference is not "CopyLocal" because at least one source item had "Private" set to "false" and no source items had "Private" set to "true".
         Primary reference "Unity.Netcode.Editor, Version=0.0.0.0, Culture=neutral, PublicKeyToken=null".
             Resolved file path is "C:\Users\germa\Desktop\Kavkazim\kavkazim\Library\ScriptAssemblies\Unity.Netcode.Editor.dll".
             Reference found at search path location "{HintPathFromItem}".
             Found related file "C:\Users\germa\Desktop\Kavkazim\kavkazim\Library\ScriptAssemblies\Unity.Netcode.Editor.pdb".
             This reference is not "CopyLocal" because at least one source item had "Private" set to "false" and no source items had "Private" set to "true".
         Primary reference "Unity.RenderPipelines.Core.Editor, Version=0.0.0.0, Culture=neutral, PublicKeyToken=null".
             Resolved file path is "C:\Users\germa\Desktop\Kavkazim\kavkazim\Library\ScriptAssemblies\Unity.RenderPipelines.Core.Editor.dll".
             Reference found at search path location "{HintPathFromItem}".
             Found related file "C:\Users\germa\Desktop\Kavkazim\kavkazim\Library\ScriptAssemblies\Unity.RenderPipelines.Core.Editor.pdb".
             This reference is not "CopyLocal" because at least one source item had "Private" set to "false" and no source items had "Private" set to "true".
         Primary reference "Unity.2D.IK.Runtime, Version=0.0.0.0, Culture=neutral, PublicKeyToken=null".
             Resolved file path is "C:\Users\germa\Desktop\Kavkazim\kavkazim\Library\ScriptAssemblies\Unity.2D.IK.Runtime.dll".
             Reference found at search path location "{HintPathFromItem}".
             Found related file "C:\Users\germa\Desktop\Kavkazim\kavkazim\Library\ScriptAssemblies\Unity.2D.IK.Runtime.pdb".
             This reference is not "CopyLocal" because at least one source item had "Private" set to "false" and no source items had "Private" set to "true".
         Primary reference "Unity.ScriptableBuildPipeline, Version=0.0.0.0, Culture=neutral, PublicKeyToken=null".
             Resolved file path is "C:\Users\germa\Desktop\Kavkazim\kavkazim\Library\ScriptAssemblies\Unity.ScriptableBuildPipeline.dll".
             Reference found at search path location "{HintPathFromItem}".
             Found related file "C:\Users\germa\Desktop\Kavkazim\kavkazim\Library\ScriptAssemblies\Unity.ScriptableBuildPipeline.pdb".
             This reference is not "CopyLocal" because at least one source item had "Private" set to "false" and no source items had "Private" set to "true".
         Primary reference "Unity.2D.Animation.Editor, Version=0.0.0.0, Culture=neutral, PublicKeyToken=null".
             Resolved file path is "C:\Users\germa\Desktop\Kavkazim\kavkazim\Library\ScriptAssemblies\Unity.2D.Animation.Editor.dll".
             Reference found at search path location "{HintPathFromItem}".
             Found related file "C:\Users\germa\Desktop\Kavkazim\kavkazim\Library\ScriptAssemblies\Unity.2D.Animation.Editor.pdb".
             This reference is not "CopyLocal" because at least one source item had "Private" set to "false" and no source items had "Private" set to "true".
         Primary reference "Unity.RenderPipelines.Universal.Editor, Version=0.0.0.0, Culture=neutral, PublicKeyToken=null".
             Resolved file path is "C:\Users\germa\Desktop\Kavkazim\kavkazim\Library\ScriptAssemblies\Unity.RenderPipelines.Universal.Editor.dll".
             Reference found at search path location "{HintPathFromItem}".
             Found related file "C:\Users\germa\Desktop\Kavkazim\kavkazim\Library\ScriptAssemblies\Unity.RenderPipelines.Universal.Editor.pdb".
             This reference is not "CopyLocal" because at least one source item had "Private" set to "false" and no source items had "Private" set to "true".
         Primary reference "Unity.Multiplayer.PlayMode.Scenarios.Editor, Version=0.0.0.0, Culture=neutral, PublicKeyToken=null".
             Resolved file path is "C:\Users\germa\Desktop\Kavkazim\kavkazim\Library\ScriptAssemblies\Unity.Multiplayer.PlayMode.Scenarios.Editor.dll".
             Reference found at search path location "{HintPathFromItem}".
             Found related file "C:\Users\germa\Desktop\Kavkazim\kavkazim\Library\ScriptAssemblies\Unity.Multiplayer.PlayMode.Scenarios.Editor.pdb".
             This reference is not "CopyLocal" because at least one source item had "Private" set to "false" and no source items had "Private" set to "true".
         Primary reference "Unity.Timeline, Version=1.0.0.0, Culture=neutral, PublicKeyToken=null".
             Resolved file path is "C:\Users\germa\Desktop\Kavkazim\kavkazim\Library\ScriptAssemblies\Unity.Timeline.dll".
             Reference found at search path location "{HintPathFromItem}".
             Found related file "C:\Users\germa\Desktop\Kavkazim\kavkazim\Library\ScriptAssemblies\Unity.Timeline.pdb".
             This reference is not "CopyLocal" because at least one source item had "Private" set to "false" and no source items had "Private" set to "true".
         Primary reference "Unity.Multiplayer.PlayMode.Editor.Bridge, Version=0.0.0.0, Culture=neutral, PublicKeyToken=null".
             Resolved file path is "C:\Users\germa\Desktop\Kavkazim\kavkazim\Library\ScriptAssemblies\Unity.Multiplayer.PlayMode.Editor.Bridge.dll".
             Reference found at search path location "{HintPathFromItem}".
             Found related file "C:\Users\germa\Desktop\Kavkazim\kavkazim\Library\ScriptAssemblies\Unity.Multiplayer.PlayMode.Editor.Bridge.pdb".
             This reference is not "CopyLocal" because at least one source item had "Private" set to "false" and no source items had "Private" set to "true".
         Primary reference "Unity.VisualScripting.Shared.Editor, Version=0.0.0.0, Culture=neutral, PublicKeyToken=null".
             Resolved file path is "C:\Users\germa\Desktop\Kavkazim\kavkazim\Library\ScriptAssemblies\Unity.VisualScripting.Shared.Editor.dll".
             Reference found at search path location "{HintPathFromItem}".
             Found related file "C:\Users\germa\Desktop\Kavkazim\kavkazim\Library\ScriptAssemblies\Unity.VisualScripting.Shared.Editor.pdb".
             This reference is not "CopyLocal" because at least one source item had "Private" set to "false" and no source items had "Private" set to "true".
         Primary reference "Unity.ScriptableBuildPipeline.Editor, Version=0.0.0.0, Culture=neutral, PublicKeyToken=null".
             Resolved file path is "C:\Users\germa\Desktop\Kavkazim\kavkazim\Library\ScriptAssemblies\Unity.ScriptableBuildPipeline.Editor.dll".
             Reference found at search path location "{HintPathFromItem}".
             Found related file "C:\Users\germa\Desktop\Kavkazim\kavkazim\Library\ScriptAssemblies\Unity.ScriptableBuildPipeline.Editor.pdb".
             This reference is not "CopyLocal" because at least one source item had "Private" set to "false" and no source items had "Private" set to "true".
         Primary reference "Unity.Searcher.Editor, Version=0.0.0.0, Culture=neutral, PublicKeyToken=null".
             Resolved file path is "C:\Users\germa\Desktop\Kavkazim\kavkazim\Library\ScriptAssemblies\Unity.Searcher.Editor.dll".
             Reference found at search path location "{HintPathFromItem}".
             Found related file "C:\Users\germa\Desktop\Kavkazim\kavkazim\Library\ScriptAssemblies\Unity.Searcher.Editor.pdb".
             This reference is not "CopyLocal" because at least one source item had "Private" set to "false" and no source items had "Private" set to "true".
         Primary reference "Unity.PlasticSCM.Editor, Version=0.0.0.0, Culture=neutral, PublicKeyToken=null".
             Resolved file path is "C:\Users\germa\Desktop\Kavkazim\kavkazim\Library\ScriptAssemblies\Unity.PlasticSCM.Editor.dll".
             Reference found at search path location "{HintPathFromItem}".
             Found related file "C:\Users\germa\Desktop\Kavkazim\kavkazim\Library\ScriptAssemblies\Unity.PlasticSCM.Editor.pdb".
             This reference is not "CopyLocal" because at least one source item had "Private" set to "false" and no source items had "Private" set to "true".
         Primary reference "Unity.Burst.Editor, Version=0.0.0.0, Culture=neutral, PublicKeyToken=null".
             Resolved file path is "C:\Users\germa\Desktop\Kavkazim\kavkazim\Library\ScriptAssemblies\Unity.Burst.Editor.dll".
             Reference found at search path location "{HintPathFromItem}".
             Found related file "C:\Users\germa\Desktop\Kavkazim\kavkazim\Library\ScriptAssemblies\Unity.Burst.Editor.pdb".
             This reference is not "CopyLocal" because at least one source item had "Private" set to "false" and no source items had "Private" set to "true".
         Primary reference "Unity.VisualScripting.Core, Version=0.0.0.0, Culture=neutral, PublicKeyToken=null".
             Resolved file path is "C:\Users\germa\Desktop\Kavkazim\kavkazim\Library\ScriptAssemblies\Unity.VisualScripting.Core.dll".
             Reference found at search path location "{HintPathFromItem}".
             Found related file "C:\Users\germa\Desktop\Kavkazim\kavkazim\Library\ScriptAssemblies\Unity.VisualScripting.Core.pdb".
             This reference is not "CopyLocal" because at least one source item had "Private" set to "false" and no source items had "Private" set to "true".
         Primary reference "Unity.Mathematics.Editor, Version=0.0.0.0, Culture=neutral, PublicKeyToken=null".
             Resolved file path is "C:\Users\germa\Desktop\Kavkazim\kavkazim\Library\ScriptAssemblies\Unity.Mathematics.Editor.dll".
             Reference found at search path location "{HintPathFromItem}".
             Found related file "C:\Users\germa\Desktop\Kavkazim\kavkazim\Library\ScriptAssemblies\Unity.Mathematics.Editor.pdb".
             This reference is not "CopyLocal" because at least one source item had "Private" set to "false" and no source items had "Private" set to "true".
         Primary reference "Unity.Cinemachine.Editor, Version=0.0.0.0, Culture=neutral, PublicKeyToken=null".
             Resolved file path is "C:\Users\germa\Desktop\Kavkazim\kavkazim\Library\ScriptAssemblies\Unity.Cinemachine.Editor.dll".
             Reference found at search path location "{HintPathFromItem}".
             Found related file "C:\Users\germa\Desktop\Kavkazim\kavkazim\Library\ScriptAssemblies\Unity.Cinemachine.Editor.pdb".
             This reference is not "CopyLocal" because at least one source item had "Private" set to "false" and no source items had "Private" set to "true".
         Primary reference "Unity.Cinemachine, Version=0.0.0.0, Culture=neutral, PublicKeyToken=null".
             Resolved file path is "C:\Users\germa\Desktop\Kavkazim\kavkazim\Library\ScriptAssemblies\Unity.Cinemachine.dll".
             Reference found at search path location "{HintPathFromItem}".
             Found related file "C:\Users\germa\Desktop\Kavkazim\kavkazim\Library\ScriptAssemblies\Unity.Cinemachine.pdb".
             This reference is not "CopyLocal" because at least one source item had "Private" set to "false" and no source items had "Private" set to "true".
         Primary reference "Unity.Services.Core.Analytics, Version=0.0.0.0, Culture=neutral, PublicKeyToken=null".
             Resolved file path is "C:\Users\germa\Desktop\Kavkazim\kavkazim\Library\ScriptAssemblies\Unity.Services.Core.Analytics.dll".
             Reference found at search path location "{HintPathFromItem}".
             Found related file "C:\Users\germa\Desktop\Kavkazim\kavkazim\Library\ScriptAssemblies\Unity.Services.Core.Analytics.pdb".
             This reference is not "CopyLocal" because at least one source item had "Private" set to "false" and no source items had "Private" set to "true".
         Primary reference "Unity.Multiplayer.Center.NetcodeForGameObjectsExample, Version=0.0.0.0, Culture=neutral, PublicKeyToken=null".
             Resolved file path is "C:\Users\germa\Desktop\Kavkazim\kavkazim\Library\ScriptAssemblies\Unity.Multiplayer.Center.NetcodeForGameObjectsExample.dll".
             Reference found at search path location "{HintPathFromItem}".
             Found related file "C:\Users\germa\Desktop\Kavkazim\kavkazim\Library\ScriptAssemblies\Unity.Multiplayer.Center.NetcodeForGameObjectsExample.pdb".
             This reference is not "CopyLocal" because at least one source item had "Private" set to "false" and no source items had "Private" set to "true".
         Primary reference "Unity.2D.Psdimporter.Editor, Version=0.0.0.0, Culture=neutral, PublicKeyToken=null".
             Resolved file path is "C:\Users\germa\Desktop\Kavkazim\kavkazim\Library\ScriptAssemblies\Unity.2D.Psdimporter.Editor.dll".
             Reference found at search path location "{HintPathFromItem}".
             Found related file "C:\Users\germa\Desktop\Kavkazim\kavkazim\Library\ScriptAssemblies\Unity.2D.Psdimporter.Editor.pdb".
             This reference is not "CopyLocal" because at least one source item had "Private" set to "false" and no source items had "Private" set to "true".
         Primary reference "Unity.RenderPipelines.Core.Runtime, Version=0.0.0.0, Culture=neutral, PublicKeyToken=null".
             Resolved file path is "C:\Users\germa\Desktop\Kavkazim\kavkazim\Library\ScriptAssemblies\Unity.RenderPipelines.Core.Runtime.dll".
             Reference found at search path location "{HintPathFromItem}".
             Found related file "C:\Users\germa\Desktop\Kavkazim\kavkazim\Library\ScriptAssemblies\Unity.RenderPipelines.Core.Runtime.pdb".
             This reference is not "CopyLocal" because at least one source item had "Private" set to "false" and no source items had "Private" set to "true".
         Primary reference "Unity.Services.Relay, Version=0.0.0.0, Culture=neutral, PublicKeyToken=null".
             Resolved file path is "C:\Users\germa\Desktop\Kavkazim\kavkazim\Library\ScriptAssemblies\Unity.Services.Relay.dll".
             Reference found at search path location "{HintPathFromItem}".
             Found related file "C:\Users\germa\Desktop\Kavkazim\kavkazim\Library\ScriptAssemblies\Unity.Services.Relay.pdb".
             This reference is not "CopyLocal" because at least one source item had "Private" set to "false" and no source items had "Private" set to "true".
         Primary reference "Unity.2D.Tilemap.Extras, Version=0.0.0.0, Culture=neutral, PublicKeyToken=null".
             Resolved file path is "C:\Users\germa\Desktop\Kavkazim\kavkazim\Library\ScriptAssemblies\Unity.2D.Tilemap.Extras.dll".
             Reference found at search path location "{HintPathFromItem}".
             Found related file "C:\Users\germa\Desktop\Kavkazim\kavkazim\Library\ScriptAssemblies\Unity.2D.Tilemap.Extras.pdb".
             This reference is not "CopyLocal" because at least one source item had "Private" set to "false" and no source items had "Private" set to "true".
         Primary reference "Unity.VisualScripting.Flow.Editor, Version=1.0.0.0, Culture=neutral, PublicKeyToken=null".
             Resolved file path is "C:\Users\germa\Desktop\Kavkazim\kavkazim\Library\ScriptAssemblies\Unity.VisualScripting.Flow.Editor.dll".
             Reference found at search path location "{HintPathFromItem}".
             Found related file "C:\Users\germa\Desktop\Kavkazim\kavkazim\Library\ScriptAssemblies\Unity.VisualScripting.Flow.Editor.pdb".
             This reference is not "CopyLocal" because at least one source item had "Private" set to "false" and no source items had "Private" set to "true".
         Primary reference "Unity.2D.IK.Editor, Version=0.0.0.0, Culture=neutral, PublicKeyToken=null".
             Resolved file path is "C:\Users\germa\Desktop\Kavkazim\kavkazim\Library\ScriptAssemblies\Unity.2D.IK.Editor.dll".
             Reference found at search path location "{HintPathFromItem}".
             Found related file "C:\Users\germa\Desktop\Kavkazim\kavkazim\Library\ScriptAssemblies\Unity.2D.IK.Editor.pdb".
             This reference is not "CopyLocal" because at least one source item had "Private" set to "false" and no source items had "Private" set to "true".
         Primary reference "Unity.2D.SpriteShape.Runtime, Version=0.0.0.0, Culture=neutral, PublicKeyToken=null".
             Resolved file path is "C:\Users\germa\Desktop\Kavkazim\kavkazim\Library\ScriptAssemblies\Unity.2D.SpriteShape.Runtime.dll".
             Reference found at search path location "{HintPathFromItem}".
             Found related file "C:\Users\germa\Desktop\Kavkazim\kavkazim\Library\ScriptAssemblies\Unity.2D.SpriteShape.Runtime.pdb".
             This reference is not "CopyLocal" because at least one source item had "Private" set to "false" and no source items had "Private" set to "true".
         Primary reference "Unity.ResourceManager, Version=0.0.0.0, Culture=neutral, PublicKeyToken=null".
             Resolved file path is "C:\Users\germa\Desktop\Kavkazim\kavkazim\Library\ScriptAssemblies\Unity.ResourceManager.dll".
             Reference found at search path location "{HintPathFromItem}".
             Found related file "C:\Users\germa\Desktop\Kavkazim\kavkazim\Library\ScriptAssemblies\Unity.ResourceManager.pdb".
             This reference is not "CopyLocal" because at least one source item had "Private" set to "false" and no source items had "Private" set to "true".
         Primary reference "Unity.Netcode.PackageChecker.Editor, Version=0.0.0.0, Culture=neutral, PublicKeyToken=null".
             Resolved file path is "C:\Users\germa\Desktop\Kavkazim\kavkazim\Library\ScriptAssemblies\Unity.Netcode.PackageChecker.Editor.dll".
             Reference found at search path location "{HintPathFromItem}".
             Found related file "C:\Users\germa\Desktop\Kavkazim\kavkazim\Library\ScriptAssemblies\Unity.Netcode.PackageChecker.Editor.pdb".
             This reference is not "CopyLocal" because at least one source item had "Private" set to "false" and no source items had "Private" set to "true".
         Primary reference "Unity.2D.Common.Runtime, Version=0.0.0.0, Culture=neutral, PublicKeyToken=null".
             Resolved file path is "C:\Users\germa\Desktop\Kavkazim\kavkazim\Library\ScriptAssemblies\Unity.2D.Common.Runtime.dll".
             Reference found at search path location "{HintPathFromItem}".
             Found related file "C:\Users\germa\Desktop\Kavkazim\kavkazim\Library\ScriptAssemblies\Unity.2D.Common.Runtime.pdb".
             This reference is not "CopyLocal" because at least one source item had "Private" set to "false" and no source items had "Private" set to "true".
         Primary reference "Unity.Collections, Version=0.0.0.0, Culture=neutral, PublicKeyToken=null".
             Resolved file path is "C:\Users\germa\Desktop\Kavkazim\kavkazim\Library\ScriptAssemblies\Unity.Collections.dll".
             Reference found at search path location "{HintPathFromItem}".
             Found related file "C:\Users\germa\Desktop\Kavkazim\kavkazim\Library\ScriptAssemblies\Unity.Collections.pdb".
             This reference is not "CopyLocal" because at least one source item had "Private" set to "false" and no source items had "Private" set to "true".
         Primary reference "Unity.Networking.Transport, Version=0.0.0.0, Culture=neutral, PublicKeyToken=null".
             Resolved file path is "C:\Users\germa\Desktop\Kavkazim\kavkazim\Library\ScriptAssemblies\Unity.Networking.Transport.dll".
             Reference found at search path location "{HintPathFromItem}".
             Found related file "C:\Users\germa\Desktop\Kavkazim\kavkazim\Library\ScriptAssemblies\Unity.Networking.Transport.pdb".
             This reference is not "CopyLocal" because at least one source item had "Private" set to "false" and no source items had "Private" set to "true".
         Primary reference "Unity.AI.Assistant.Agent.Dynamic.Extension.Editor, Version=0.0.0.0, Culture=neutral, PublicKeyToken=null".
             Resolved file path is "C:\Users\germa\Desktop\Kavkazim\kavkazim\Library\ScriptAssemblies\Unity.AI.Assistant.Agent.Dynamic.Extension.Editor.dll".
             Reference found at search path location "{HintPathFromItem}".
             Found related file "C:\Users\germa\Desktop\Kavkazim\kavkazim\Library\ScriptAssemblies\Unity.AI.Assistant.Agent.Dynamic.Extension.Editor.pdb".
             This reference is not "CopyLocal" because at least one source item had "Private" set to "false" and no source items had "Private" set to "true".
         Primary reference "Unity.Timeline.Editor, Version=1.0.0.0, Culture=neutral, PublicKeyToken=null".
             Resolved file path is "C:\Users\germa\Desktop\Kavkazim\kavkazim\Library\ScriptAssemblies\Unity.Timeline.Editor.dll".
             Reference found at search path location "{HintPathFromItem}".
             Found related file "C:\Users\germa\Desktop\Kavkazim\kavkazim\Library\ScriptAssemblies\Unity.Timeline.Editor.pdb".
             This reference is not "CopyLocal" because at least one source item had "Private" set to "false" and no source items had "Private" set to "true".
         Primary reference "Unity.AppUI.Editor, Version=0.0.0.0, Culture=neutral, PublicKeyToken=null".
             Resolved file path is "C:\Users\germa\Desktop\Kavkazim\kavkazim\Library\ScriptAssemblies\Unity.AppUI.Editor.dll".
             Reference found at search path location "{HintPathFromItem}".
             Found related file "C:\Users\germa\Desktop\Kavkazim\kavkazim\Library\ScriptAssemblies\Unity.AppUI.Editor.pdb".
             This reference is not "CopyLocal" because at least one source item had "Private" set to "false" and no source items had "Private" set to "true".
         Primary reference "Unity.Mathematics, Version=0.0.0.0, Culture=neutral, PublicKeyToken=null".
             Resolved file path is "C:\Users\germa\Desktop\Kavkazim\kavkazim\Library\ScriptAssemblies\Unity.Mathematics.dll".
             Reference found at search path location "{HintPathFromItem}".
             Found related file "C:\Users\germa\Desktop\Kavkazim\kavkazim\Library\ScriptAssemblies\Unity.Mathematics.pdb".
             This reference is not "CopyLocal" because at least one source item had "Private" set to "false" and no source items had "Private" set to "true".
         Primary reference "Unity.Serialization, Version=0.0.0.0, Culture=neutral, PublicKeyToken=null".
             Resolved file path is "C:\Users\germa\Desktop\Kavkazim\kavkazim\Library\ScriptAssemblies\Unity.Serialization.dll".
             Reference found at search path location "{HintPathFromItem}".
             Found related file "C:\Users\germa\Desktop\Kavkazim\kavkazim\Library\ScriptAssemblies\Unity.Serialization.pdb".
             This reference is not "CopyLocal" because at least one source item had "Private" set to "false" and no source items had "Private" set to "true".
         Primary reference "Unity.Multiplayer.PlayMode.Configurations.Editor, Version=0.0.0.0, Culture=neutral, PublicKeyToken=null".
             Resolved file path is "C:\Users\germa\Desktop\Kavkazim\kavkazim\Library\ScriptAssemblies\Unity.Multiplayer.PlayMode.Configurations.Editor.dll".
             Reference found at search path location "{HintPathFromItem}".
             Found related file "C:\Users\germa\Desktop\Kavkazim\kavkazim\Library\ScriptAssemblies\Unity.Multiplayer.PlayMode.Configurations.Editor.pdb".
             This reference is not "CopyLocal" because at least one source item had "Private" set to "false" and no source items had "Private" set to "true".
         Primary reference "Unity.Multiplayer.Center.Common, Version=0.0.0.0, Culture=neutral, PublicKeyToken=null".
             Resolved file path is "C:\Users\germa\Desktop\Kavkazim\kavkazim\Library\ScriptAssemblies\Unity.Multiplayer.Center.Common.dll".
             Reference found at search path location "{HintPathFromItem}".
             Found related file "C:\Users\germa\Desktop\Kavkazim\kavkazim\Library\ScriptAssemblies\Unity.Multiplayer.Center.Common.pdb".
             This reference is not "CopyLocal" because at least one source item had "Private" set to "false" and no source items had "Private" set to "true".
         Primary reference "Unity.Multiplayer.Center.Integrations, Version=0.0.0.0, Culture=neutral, PublicKeyToken=null".
             Resolved file path is "C:\Users\germa\Desktop\Kavkazim\kavkazim\Library\ScriptAssemblies\Unity.Multiplayer.Center.Integrations.dll".
             Reference found at search path location "{HintPathFromItem}".
             Found related file "C:\Users\germa\Desktop\Kavkazim\kavkazim\Library\ScriptAssemblies\Unity.Multiplayer.Center.Integrations.pdb".
             This reference is not "CopyLocal" because at least one source item had "Private" set to "false" and no source items had "Private" set to "true".
         Primary reference "Unity.Burst, Version=0.0.0.0, Culture=neutral, PublicKeyToken=null".
             Resolved file path is "C:\Users\germa\Desktop\Kavkazim\kavkazim\Library\ScriptAssemblies\Unity.Burst.dll".
             Reference found at search path location "{HintPathFromItem}".
             Found related file "C:\Users\germa\Desktop\Kavkazim\kavkazim\Library\ScriptAssemblies\Unity.Burst.pdb".
             This reference is not "CopyLocal" because at least one source item had "Private" set to "false" and no source items had "Private" set to "true".
         Primary reference "Unity.VisualScripting.Core.Editor, Version=1.0.0.0, Culture=neutral, PublicKeyToken=null".
             Resolved file path is "C:\Users\germa\Desktop\Kavkazim\kavkazim\Library\ScriptAssemblies\Unity.VisualScripting.Core.Editor.dll".
             Reference found at search path location "{HintPathFromItem}".
             Found related file "C:\Users\germa\Desktop\Kavkazim\kavkazim\Library\ScriptAssemblies\Unity.VisualScripting.Core.Editor.pdb".
             This reference is not "CopyLocal" because at least one source item had "Private" set to "false" and no source items had "Private" set to "true".
         Primary reference "Unity.Multiplayer.Center.Editor, Version=0.0.0.0, Culture=neutral, PublicKeyToken=null".
             Resolved file path is "C:\Users\germa\Desktop\Kavkazim\kavkazim\Library\ScriptAssemblies\Unity.Multiplayer.Center.Editor.dll".
             Reference found at search path location "{HintPathFromItem}".
             Found related file "C:\Users\germa\Desktop\Kavkazim\kavkazim\Library\ScriptAssemblies\Unity.Multiplayer.Center.Editor.pdb".
             This reference is not "CopyLocal" because at least one source item had "Private" set to "false" and no source items had "Private" set to "true".
         Primary reference "Unity.Multiplayer.Playmode, Version=0.0.0.0, Culture=neutral, PublicKeyToken=null".
             Resolved file path is "C:\Users\germa\Desktop\Kavkazim\kavkazim\Library\ScriptAssemblies\Unity.Multiplayer.Playmode.dll".
             Reference found at search path location "{HintPathFromItem}".
             Found related file "C:\Users\germa\Desktop\Kavkazim\kavkazim\Library\ScriptAssemblies\Unity.Multiplayer.Playmode.pdb".
             This reference is not "CopyLocal" because at least one source item had "Private" set to "false" and no source items had "Private" set to "true".
         Primary reference "Unity.InferenceEngine.Tokenization, Version=0.0.0.0, Culture=neutral, PublicKeyToken=null".
             Resolved file path is "C:\Users\germa\Desktop\Kavkazim\kavkazim\Library\ScriptAssemblies\Unity.InferenceEngine.Tokenization.dll".
             Reference found at search path location "{HintPathFromItem}".
             Found related file "C:\Users\germa\Desktop\Kavkazim\kavkazim\Library\ScriptAssemblies\Unity.InferenceEngine.Tokenization.pdb".
             This reference is not "CopyLocal" because at least one source item had "Private" set to "false" and no source items had "Private" set to "true".
         Primary reference "Unity.Rendering.LightTransport.Runtime, Version=0.0.0.0, Culture=neutral, PublicKeyToken=null".
             Resolved file path is "C:\Users\germa\Desktop\Kavkazim\kavkazim\Library\ScriptAssemblies\Unity.Rendering.LightTransport.Runtime.dll".
             Reference found at search path location "{HintPathFromItem}".
             Found related file "C:\Users\germa\Desktop\Kavkazim\kavkazim\Library\ScriptAssemblies\Unity.Rendering.LightTransport.Runtime.pdb".
             This reference is not "CopyLocal" because at least one source item had "Private" set to "false" and no source items had "Private" set to "true".
         Primary reference "Unity.VisualScripting.State, Version=0.0.0.0, Culture=neutral, PublicKeyToken=null".
             Resolved file path is "C:\Users\germa\Desktop\Kavkazim\kavkazim\Library\ScriptAssemblies\Unity.VisualScripting.State.dll".
             Reference found at search path location "{HintPathFromItem}".
             Found related file "C:\Users\germa\Desktop\Kavkazim\kavkazim\Library\ScriptAssemblies\Unity.VisualScripting.State.pdb".
             This reference is not "CopyLocal" because at least one source item had "Private" set to "false" and no source items had "Private" set to "true".
         Primary reference "Unity.AppUI.Navigation.Editor, Version=0.0.0.0, Culture=neutral, PublicKeyToken=null".
             Resolved file path is "C:\Users\germa\Desktop\Kavkazim\kavkazim\Library\ScriptAssemblies\Unity.AppUI.Navigation.Editor.dll".
             Reference found at search path location "{HintPathFromItem}".
             Found related file "C:\Users\germa\Desktop\Kavkazim\kavkazim\Library\ScriptAssemblies\Unity.AppUI.Navigation.Editor.pdb".
             This reference is not "CopyLocal" because at least one source item had "Private" set to "false" and no source items had "Private" set to "true".
         Primary reference "Unity.RenderPipeline.Universal.ShaderLibrary, Version=0.0.0.0, Culture=neutral, PublicKeyToken=null".
             Resolved file path is "C:\Users\germa\Desktop\Kavkazim\kavkazim\Library\ScriptAssemblies\Unity.RenderPipeline.Universal.ShaderLibrary.dll".
             Reference found at search path location "{HintPathFromItem}".
             Found related file "C:\Users\germa\Desktop\Kavkazim\kavkazim\Library\ScriptAssemblies\Unity.RenderPipeline.Universal.ShaderLibrary.pdb".
             This reference is not "CopyLocal" because at least one source item had "Private" set to "false" and no source items had "Private" set to "true".
         Primary reference "Unity.Collections.Editor, Version=0.0.0.0, Culture=neutral, PublicKeyToken=null".
             Resolved file path is "C:\Users\germa\Desktop\Kavkazim\kavkazim\Library\ScriptAssemblies\Unity.Collections.Editor.dll".
             Reference found at search path location "{HintPathFromItem}".
             Found related file "C:\Users\germa\Desktop\Kavkazim\kavkazim\Library\ScriptAssemblies\Unity.Collections.Editor.pdb".
             This reference is not "CopyLocal" because at least one source item had "Private" set to "false" and no source items had "Private" set to "true".
         Primary reference "Unity.Serialization.Editor, Version=0.0.0.0, Culture=neutral, PublicKeyToken=null".
             Resolved file path is "C:\Users\germa\Desktop\Kavkazim\kavkazim\Library\ScriptAssemblies\Unity.Serialization.Editor.dll".
             Reference found at search path location "{HintPathFromItem}".
             Found related file "C:\Users\germa\Desktop\Kavkazim\kavkazim\Library\ScriptAssemblies\Unity.Serialization.Editor.pdb".
             This reference is not "CopyLocal" because at least one source item had "Private" set to "false" and no source items had "Private" set to "true".
         Primary reference "Unity.ShaderGraph.Editor, Version=0.0.0.0, Culture=neutral, PublicKeyToken=null".
             Resolved file path is "C:\Users\germa\Desktop\Kavkazim\kavkazim\Library\ScriptAssemblies\Unity.ShaderGraph.Editor.dll".
             Reference found at search path location "{HintPathFromItem}".
             Found related file "C:\Users\germa\Desktop\Kavkazim\kavkazim\Library\ScriptAssemblies\Unity.ShaderGraph.Editor.pdb".
             This reference is not "CopyLocal" because at least one source item had "Private" set to "false" and no source items had "Private" set to "true".
         Primary reference "Unity.InferenceEngine.iOSBLAS, Version=0.0.0.0, Culture=neutral, PublicKeyToken=null".
             Resolved file path is "C:\Users\germa\Desktop\Kavkazim\kavkazim\Library\ScriptAssemblies\Unity.InferenceEngine.iOSBLAS.dll".
             Reference found at search path location "{HintPathFromItem}".
             Found related file "C:\Users\germa\Desktop\Kavkazim\kavkazim\Library\ScriptAssemblies\Unity.InferenceEngine.iOSBLAS.pdb".
             This reference is not "CopyLocal" because at least one source item had "Private" set to "false" and no source items had "Private" set to "true".
         Primary reference "Unity.Settings.Editor, Version=0.0.0.0, Culture=neutral, PublicKeyToken=null".
             Resolved file path is "C:\Users\germa\Desktop\Kavkazim\kavkazim\Library\ScriptAssemblies\Unity.Settings.Editor.dll".
             Reference found at search path location "{HintPathFromItem}".
             Found related file "C:\Users\germa\Desktop\Kavkazim\kavkazim\Library\ScriptAssemblies\Unity.Settings.Editor.pdb".
             This reference is not "CopyLocal" because at least one source item had "Private" set to "false" and no source items had "Private" set to "true".
         Primary reference "UnityEditor.UI, Version=1.0.0.0, Culture=neutral, PublicKeyToken=null".
             Resolved file path is "C:\Users\germa\Desktop\Kavkazim\kavkazim\Library\ScriptAssemblies\UnityEditor.UI.dll".
             Reference found at search path location "{HintPathFromItem}".
             Found related file "C:\Users\germa\Desktop\Kavkazim\kavkazim\Library\ScriptAssemblies\UnityEditor.UI.pdb".
             This reference is not "CopyLocal" because at least one source item had "Private" set to "false" and no source items had "Private" set to "true".
         Primary reference "Unity.InferenceEngine, Version=2.4.1.0, Culture=neutral, PublicKeyToken=null".
             Resolved file path is "C:\Users\germa\Desktop\Kavkazim\kavkazim\Library\ScriptAssemblies\Unity.InferenceEngine.dll".
             Reference found at search path location "{HintPathFromItem}".
             Found related file "C:\Users\germa\Desktop\Kavkazim\kavkazim\Library\ScriptAssemblies\Unity.InferenceEngine.pdb".
             This reference is not "CopyLocal" because at least one source item had "Private" set to "false" and no source items had "Private" set to "true".
         Dependency "UnityEngine.AMDModule, Version=0.0.0.0, Culture=neutral, PublicKeyToken=null".
             Resolved file path is "C:\Program Files\Unity\Hub\Editor\6000.2.0f1\Editor\Data\Managed\UnityEngine\UnityEngine.AMDModule.dll".
             Reference found at search path location "C:\Program Files\Unity\Hub\Editor\6000.2.0f1\Editor\Data\Managed\UnityEngine".
                 For SearchPath "C:\Program Files\Unity\Hub\Editor\6000.2.0f1\Editor\Data\Managed\UnityEngine".
                 Considered "C:\Program Files\Unity\Hub\Editor\6000.2.0f1\Editor\Data\Managed\UnityEngine\UnityEngine.AMDModule.winmd", but it didn't exist.
             Required by "UnityEngine".
             Found related file "C:\Program Files\Unity\Hub\Editor\6000.2.0f1\Editor\Data\Managed\UnityEngine\UnityEngine.AMDModule.xml".
             This reference is not "CopyLocal" because at least one source item had "Private" set to "false" and no source items had "Private" set to "true".
         Dependency "UnityEngine.NVIDIAModule, Version=0.0.0.0, Culture=neutral, PublicKeyToken=null".
             Resolved file path is "C:\Program Files\Unity\Hub\Editor\6000.2.0f1\Editor\Data\Managed\UnityEngine\UnityEngine.NVIDIAModule.dll".
             Reference found at search path location "C:\Program Files\Unity\Hub\Editor\6000.2.0f1\Editor\Data\Managed\UnityEngine".
                 For SearchPath "C:\Program Files\Unity\Hub\Editor\6000.2.0f1\Editor\Data\Managed\UnityEngine".
                 Considered "C:\Program Files\Unity\Hub\Editor\6000.2.0f1\Editor\Data\Managed\UnityEngine\UnityEngine.NVIDIAModule.winmd", but it didn't exist.
             Required by "UnityEngine".
             Found related file "C:\Program Files\Unity\Hub\Editor\6000.2.0f1\Editor\Data\Managed\UnityEngine\UnityEngine.NVIDIAModule.xml".
             This reference is not "CopyLocal" because at least one source item had "Private" set to "false" and no source items had "Private" set to "true".
         Dependency "PlayerBuildProgramLibrary.Data, Version=0.0.0.0, Culture=neutral, PublicKeyToken=null".
             Could not resolve this reference. Could not locate the assembly "PlayerBuildProgramLibrary.Data, Version=0.0.0.0, Culture=neutral, PublicKeyToken=null". Check to make sure the assembly exists on disk. If this reference is required by your code, you may get compilation errors.
                 For SearchPath "C:\Program Files\Unity\Hub\Editor\6000.2.0f1\Editor\Data\Managed\UnityEngine".
                 Considered "C:\Program Files\Unity\Hub\Editor\6000.2.0f1\Editor\Data\Managed\UnityEngine\PlayerBuildProgramLibrary.Data.winmd", but it didn't exist.
                 Considered "C:\Program Files\Unity\Hub\Editor\6000.2.0f1\Editor\Data\Managed\UnityEngine\PlayerBuildProgramLibrary.Data.dll", but it didn't exist.
                 Considered "C:\Program Files\Unity\Hub\Editor\6000.2.0f1\Editor\Data\Managed\UnityEngine\PlayerBuildProgramLibrary.Data.exe", but it didn't exist.
                 For SearchPath "{TargetFrameworkDirectory}".
                 Considered "C:\Program Files (x86)\Reference Assemblies\Microsoft\Framework\.NETFramework\v4.7.1\PlayerBuildProgramLibrary.Data.winmd", but it didn't exist.
                 Considered "C:\Program Files (x86)\Reference Assemblies\Microsoft\Framework\.NETFramework\v4.7.1\PlayerBuildProgramLibrary.Data.dll", but it didn't exist.
                 Considered "C:\Program Files (x86)\Reference Assemblies\Microsoft\Framework\.NETFramework\v4.7.1\PlayerBuildProgramLibrary.Data.exe", but it didn't exist.
                 For SearchPath "{Registry:Software\Microsoft\.NETFramework,v4.7.1,AssemblyFoldersEx}".
                 Considered AssemblyFoldersEx locations.
                 For SearchPath "{GAC}".
                 Considered "{GAC}\PlayerBuildProgramLibrary.Data.winmd", but it didn't exist.
                 Considered "{GAC}\PlayerBuildProgramLibrary.Data.dll", but it didn't exist.
                 Considered "{GAC}\PlayerBuildProgramLibrary.Data.exe", but it didn't exist.
                 For SearchPath "Temp\bin\Debug\".
                 Considered "Temp\bin\Debug\PlayerBuildProgramLibrary.Data.winmd", but it didn't exist.
                 Considered "Temp\bin\Debug\PlayerBuildProgramLibrary.Data.dll", but it didn't exist.
                 Considered "Temp\bin\Debug\PlayerBuildProgramLibrary.Data.exe", but it didn't exist.
             Required by "UnityEditor.CoreModule".
             Required by "UnityEditor".
             Required by "UnityEditor.AccessibilityModule".
             Required by "UnityEditor.AdaptivePerformanceModule".
             Required by "UnityEditor.BuildProfileModule".
             Required by "UnityEditor.ClothModule".
             Required by "UnityEditor.DeviceSimulatorModule".
             Required by "UnityEditor.DiagnosticsModule".
             Required by "UnityEditor.EditorToolbarModule".
             Required by "UnityEditor.GraphViewModule".
             Required by "UnityEditor.GridAndSnapModule".
             Required by "UnityEditor.GridModule".
             Required by "UnityEditor.MultiplayerModule".
             Required by "UnityEditor.Physics2DModule".
             Required by "UnityEditor.PhysicsModule".
             Required by "UnityEditor.PresetsUIModule".
             Required by "UnityEditor.QuickSearchModule".
             Required by "UnityEditor.SafeModeModule".
             Required by "UnityEditor.SceneTemplateModule".
             Required by "UnityEditor.SceneViewModule".
             Required by "UnityEditor.SketchUpModule".
             Required by "UnityEditor.SpriteMaskModule".
             Required by "UnityEditor.SpriteShapeModule".
             Required by "UnityEditor.TerrainModule".
             Required by "UnityEditor.TextCoreTextEngineModule".
             Required by "UnityEditor.TextRenderingModule".
             Required by "UnityEditor.TilemapModule".
             Required by "UnityEditor.TreeModule".
             Required by "UnityEditor.UIAutomationModule".
             Required by "UnityEditor.UIBuilderModule".
             Required by "UnityEditor.UIElementsModule".
             Required by "UnityEditor.UIElementsSamplesModule".
             Required by "UnityEditor.UnityConnectModule".
             Required by "UnityEditor.VFXModule".
             Required by "UnityEditor.VideoModule".
             Required by "UnityEditor.XRModule".
             Required by "Unity.2D.Common.Path.Editor".
             Required by "Unity.2D.Sprite.Editor".
             Required by "Unity.TextMeshPro".
             Required by "Unity.Services.QoS".
             Required by "Unity.Services.Core".
             Required by "Unity.Netcode.Runtime".
             Required by "Unity.Multiplayer.PlayMode.Analytics.Editor".
             Required by "Unity.VisualScripting.SettingsProvider.Editor".
             Required by "Unity.Networking.Editor".
             Required by "Unity.2D.Enhancers.Editor.AIBridge".
             Required by "Unity.Splines.Editor".
             Required by "Unity.2D.Common.Editor".
             Required by "Unity.Addressables".
             Required by "Unity.InternalAPIEditorBridge.001".
             Required by "Unity.2D.Animation.Runtime".
             Required by "Unity.RenderPipelines.Universal.2D.Runtime".
             Required by "Unity.Services.Core.Components".
             Required by "Unity.2D.Aseprite.Common".
             Required by "Unity.Rendering.LightTransport.Editor".
             Required by "Unity.Services.Authentication".
             Required by "Unity.Rider.Editor".
             Required by "Unity.2D.Aseprite.Editor".
             Required by "Unity.AI.Assistant.Bridge.Editor".
             Required by "Unity.Services.Lobbies".
             Required by "Unity.InferenceEngine.Editor".
             Required by "Unity.Services.Authentication.Editor.Shared".
             Required by "Unity.TextMeshPro.Editor".
             Required by "Unity.2D.Tilemap.Extras.Editor".
             Required by "Unity.Services.Authentication.PlayerAccounts".
             Required by "Unity.VisualStudio.Editor".
             Required by "Unity.2D.Tilemap.Editor".
             Required by "Unity.InputSystem.ForUI".
             Required by "Unity.RenderPipelines.GPUDriven.Runtime".
             Required by "Unity.VisualScripting.State.Editor".
             Required by "UnityEngine.UI".
             Required by "Unity.VisualScripting.Flow".
             Required by "Unity.Services.Core.Environments".
             Required by "Unity.RenderPipelines.Universal.Runtime".
             Required by "Unity.AppUI".
             Required by "Unity.2D.Sprite.AIIntegration.Editor".
             Required by "Unity.2D.Enhancers.Editor".
             Required by "Unity.InputSystem".
             Required by "Unity.2D.SpriteShape.Editor".
             Required by "Unity.Splines".
             Required by "Unity.Addressables.Editor".
             Required by "Unity.AppUI.Redux".
             Required by "Unity.InferenceEngine.ONNX.Editor".
             Required by "Unity.Netcode.Editor".
             Required by "Unity.RenderPipelines.Core.Editor".
             Required by "Unity.2D.IK.Runtime".
             Required by "Unity.2D.Animation.Editor".
             Required by "Unity.RenderPipelines.Universal.Editor".
             Required by "Unity.Multiplayer.PlayMode.Scenarios.Editor".
             Required by "Unity.Timeline".
             Required by "Unity.Multiplayer.PlayMode.Editor.Bridge".
             Required by "Unity.VisualScripting.Shared.Editor".
             Required by "Unity.ScriptableBuildPipeline.Editor".
             Required by "Unity.Searcher.Editor".
             Required by "Unity.PlasticSCM.Editor".
             Required by "Unity.Burst.Editor".
             Required by "Unity.VisualScripting.Core".
             Required by "Unity.Mathematics.Editor".
             Required by "Unity.Cinemachine.Editor".
             Required by "Unity.Cinemachine".
             Required by "Unity.Services.Core.Analytics".
             Required by "Unity.Multiplayer.Center.NetcodeForGameObjectsExample".
             Required by "Unity.2D.Psdimporter.Editor".
             Required by "Unity.RenderPipelines.Core.Runtime".
             Required by "Unity.RenderPipelines.Core.Runtime.Shared".
             Required by "Unity.RenderPipelines.Universal.Config.Runtime".
             Required by "Unity.Services.Relay".
             Required by "Unity.2D.Tilemap.Extras".
             Required by "Unity.VisualScripting.Flow.Editor".
             Required by "Unity.2D.IK.Editor".
             Required by "Unity.2D.SpriteShape.Runtime".
             Required by "Unity.ResourceManager".
             Required by "Unity.Collections".
             Required by "Unity.Networking.Transport".
             Required by "Unity.AI.Assistant.Agent.Dynamic.Extension.Editor".
             Required by "Unity.Timeline.Editor".
             Required by "Unity.AppUI.Editor".
             Required by "Unity.Serialization".
             Required by "Unity.Multiplayer.PlayMode.Configurations.Editor".
             Required by "Unity.Multiplayer.Center.Integrations".
             Required by "Unity.Burst".
             Required by "PsdPlugin".
             Required by "Unity.VisualScripting.Core.Editor".
             Required by "Unity.Multiplayer.Center.Editor".
             Required by "Unity.Rendering.LightTransport.Runtime".
             Required by "Unity.VisualScripting.State".
             Required by "Unity.AppUI.Navigation.Editor".
             Required by "Unity.RenderPipeline.Universal.ShaderLibrary".
             Required by "Unity.Collections.Editor".
             Required by "Unity.Serialization.Editor".
             Required by "Unity.ShaderGraph.Editor".
             Required by "Unity.Settings.Editor".
             Required by "UnityEditor.UI".
             Required by "Unity.InferenceEngine".
             Required by "Unity.Multiplayer.Playmode".
         Dependency "Unity.Cecil, Version=0.10.0.0, Culture=neutral, PublicKeyToken=fc15b93552389f74".
             Resolved file path is "C:\Program Files\Unity\Hub\Editor\6000.2.0f1\Editor\Data\Managed\UnityEngine\Unity.Cecil.dll".
             Reference found at search path location "C:\Program Files\Unity\Hub\Editor\6000.2.0f1\Editor\Data\Managed\UnityEngine".
                 For SearchPath "C:\Program Files\Unity\Hub\Editor\6000.2.0f1\Editor\Data\Managed\UnityEngine".
                 Considered "C:\Program Files\Unity\Hub\Editor\6000.2.0f1\Editor\Data\Managed\UnityEngine\Unity.Cecil.winmd", but it didn't exist.
             Required by "UnityEditor.CoreModule".
             Required by "UnityEditor".
             Required by "UnityEditor.AccessibilityModule".
             Required by "UnityEditor.AdaptivePerformanceModule".
             Required by "UnityEditor.BuildProfileModule".
             Required by "UnityEditor.ClothModule".
             Required by "UnityEditor.DeviceSimulatorModule".
             Required by "UnityEditor.DiagnosticsModule".
             Required by "UnityEditor.EditorToolbarModule".
             Required by "UnityEditor.GraphViewModule".
             Required by "UnityEditor.GridAndSnapModule".
             Required by "UnityEditor.GridModule".
             Required by "UnityEditor.MultiplayerModule".
             Required by "UnityEditor.Physics2DModule".
             Required by "UnityEditor.PhysicsModule".
             Required by "UnityEditor.PresetsUIModule".
             Required by "UnityEditor.QuickSearchModule".
             Required by "UnityEditor.SafeModeModule".
             Required by "UnityEditor.SceneTemplateModule".
             Required by "UnityEditor.SceneViewModule".
             Required by "UnityEditor.SketchUpModule".
             Required by "UnityEditor.SpriteMaskModule".
             Required by "UnityEditor.SpriteShapeModule".
             Required by "UnityEditor.TerrainModule".
             Required by "UnityEditor.TextCoreTextEngineModule".
             Required by "UnityEditor.TextRenderingModule".
             Required by "UnityEditor.TilemapModule".
             Required by "UnityEditor.TreeModule".
             Required by "UnityEditor.UIAutomationModule".
             Required by "UnityEditor.UIBuilderModule".
             Required by "UnityEditor.UIElementsModule".
             Required by "UnityEditor.UIElementsSamplesModule".
             Required by "UnityEditor.UnityConnectModule".
             Required by "UnityEditor.VFXModule".
             Required by "UnityEditor.VideoModule".
             Required by "UnityEditor.XRModule".
             Required by "Unity.2D.Common.Path.Editor".
             Required by "Unity.2D.Sprite.Editor".
             Required by "Unity.TextMeshPro".
             Required by "Unity.Services.QoS".
             Required by "Unity.Services.Core".
             Required by "Unity.Netcode.Runtime".
             Required by "Unity.Multiplayer.PlayMode.Analytics.Editor".
             Required by "Unity.VisualScripting.SettingsProvider.Editor".
             Required by "Unity.Networking.Editor".
             Required by "Unity.2D.Enhancers.Editor.AIBridge".
             Required by "Unity.Splines.Editor".
             Required by "Unity.2D.Common.Editor".
             Required by "Unity.Addressables".
             Required by "Unity.InternalAPIEditorBridge.001".
             Required by "Unity.2D.Animation.Runtime".
             Required by "Unity.RenderPipelines.Universal.2D.Runtime".
             Required by "Unity.Services.Core.Components".
             Required by "Unity.2D.Aseprite.Common".
             Required by "Unity.Rendering.LightTransport.Editor".
             Required by "Unity.Services.Authentication".
             Required by "Unity.Rider.Editor".
             Required by "Unity.2D.Aseprite.Editor".
             Required by "Unity.AI.Assistant.Bridge.Editor".
             Required by "Unity.Services.Lobbies".
             Required by "Unity.InferenceEngine.Editor".
             Required by "Unity.Services.Authentication.Editor.Shared".
             Required by "Unity.TextMeshPro.Editor".
             Required by "Unity.2D.Tilemap.Extras.Editor".
             Required by "Unity.Services.Authentication.PlayerAccounts".
             Required by "Unity.VisualStudio.Editor".
             Required by "Unity.2D.Tilemap.Editor".
             Required by "Unity.InputSystem.ForUI".
             Required by "Unity.RenderPipelines.GPUDriven.Runtime".
             Required by "Unity.VisualScripting.State.Editor".
             Required by "UnityEngine.UI".
             Required by "Unity.VisualScripting.Flow".
             Required by "Unity.Services.Core.Environments".
             Required by "Unity.RenderPipelines.Universal.Runtime".
             Required by "Unity.AppUI".
             Required by "Unity.2D.Sprite.AIIntegration.Editor".
             Required by "Unity.2D.Enhancers.Editor".
             Required by "Unity.InputSystem".
             Required by "Unity.2D.SpriteShape.Editor".
             Required by "Unity.Splines".
             Required by "Unity.Addressables.Editor".
             Required by "Unity.AppUI.Redux".
             Required by "Unity.InferenceEngine.ONNX.Editor".
             Required by "Unity.Netcode.Editor".
             Required by "Unity.RenderPipelines.Core.Editor".
             Required by "Unity.2D.IK.Runtime".
             Required by "Unity.2D.Animation.Editor".
             Required by "Unity.RenderPipelines.Universal.Editor".
             Required by "Unity.Multiplayer.PlayMode.Scenarios.Editor".
             Required by "Unity.Timeline".
             Required by "Unity.Multiplayer.PlayMode.Editor.Bridge".
             Required by "Unity.VisualScripting.Shared.Editor".
             Required by "Unity.ScriptableBuildPipeline.Editor".
             Required by "Unity.Searcher.Editor".
             Required by "Unity.PlasticSCM.Editor".
             Required by "Unity.Burst.Editor".
             Required by "Unity.VisualScripting.Core".
             Required by "Unity.Mathematics.Editor".
             Required by "Unity.Cinemachine.Editor".
             Required by "Unity.Cinemachine".
             Required by "Unity.Services.Core.Analytics".
             Required by "Unity.Multiplayer.Center.NetcodeForGameObjectsExample".
             Required by "Unity.2D.Psdimporter.Editor".
             Required by "Unity.RenderPipelines.Core.Runtime".
             Required by "Unity.RenderPipelines.Core.Runtime.Shared".
             Required by "Unity.RenderPipelines.Universal.Config.Runtime".
             Required by "Unity.Services.Relay".
             Required by "Unity.2D.Tilemap.Extras".
             Required by "Unity.VisualScripting.Flow.Editor".
             Required by "Unity.2D.IK.Editor".
             Required by "Unity.2D.SpriteShape.Runtime".
             Required by "Unity.ResourceManager".
             Required by "Unity.Collections".
             Required by "Unity.Networking.Transport".
             Required by "Unity.AI.Assistant.Agent.Dynamic.Extension.Editor".
             Required by "Unity.Timeline.Editor".
             Required by "Unity.AppUI.Editor".
             Required by "Unity.Serialization".
             Required by "Unity.Multiplayer.PlayMode.Configurations.Editor".
             Required by "Unity.Multiplayer.Center.Integrations".
             Required by "Unity.Burst".
             Required by "PsdPlugin".
             Required by "Unity.VisualScripting.Core.Editor".
             Required by "Unity.Multiplayer.Center.Editor".
             Required by "Unity.Rendering.LightTransport.Runtime".
             Required by "Unity.VisualScripting.State".
             Required by "Unity.AppUI.Navigation.Editor".
             Required by "Unity.RenderPipeline.Universal.ShaderLibrary".
             Required by "Unity.Collections.Editor".
             Required by "Unity.Serialization.Editor".
             Required by "Unity.ShaderGraph.Editor".
             Required by "Unity.Settings.Editor".
             Required by "UnityEditor.UI".
             Required by "Unity.InferenceEngine".
             Required by "Unity.Multiplayer.Playmode".
             This reference is not "CopyLocal" because at least one source item had "Private" set to "false" and no source items had "Private" set to "true".
         Dependency "Bee.BeeDriver2, Version=1.0.0.0, Culture=neutral, PublicKeyToken=null".
             Could not resolve this reference. Could not locate the assembly "Bee.BeeDriver2, Version=1.0.0.0, Culture=neutral, PublicKeyToken=null". Check to make sure the assembly exists on disk. If this reference is required by your code, you may get compilation errors.
                 For SearchPath "C:\Program Files\Unity\Hub\Editor\6000.2.0f1\Editor\Data\Managed\UnityEngine".
                 Considered "C:\Program Files\Unity\Hub\Editor\6000.2.0f1\Editor\Data\Managed\UnityEngine\Bee.BeeDriver2.winmd", but it didn't exist.
                 Considered "C:\Program Files\Unity\Hub\Editor\6000.2.0f1\Editor\Data\Managed\UnityEngine\Bee.BeeDriver2.dll", but it didn't exist.
                 Considered "C:\Program Files\Unity\Hub\Editor\6000.2.0f1\Editor\Data\Managed\UnityEngine\Bee.BeeDriver2.exe", but it didn't exist.
                 For SearchPath "{TargetFrameworkDirectory}".
                 Considered "C:\Program Files (x86)\Reference Assemblies\Microsoft\Framework\.NETFramework\v4.7.1\Bee.BeeDriver2.winmd", but it didn't exist.
                 Considered "C:\Program Files (x86)\Reference Assemblies\Microsoft\Framework\.NETFramework\v4.7.1\Bee.BeeDriver2.dll", but it didn't exist.
                 Considered "C:\Program Files (x86)\Reference Assemblies\Microsoft\Framework\.NETFramework\v4.7.1\Bee.BeeDriver2.exe", but it didn't exist.
                 For SearchPath "{Registry:Software\Microsoft\.NETFramework,v4.7.1,AssemblyFoldersEx}".
                 Considered AssemblyFoldersEx locations.
                 For SearchPath "{GAC}".
                 Considered "{GAC}\Bee.BeeDriver2.winmd", but it didn't exist.
                 Considered "{GAC}\Bee.BeeDriver2.dll", but it didn't exist.
                 Considered "{GAC}\Bee.BeeDriver2.exe", but it didn't exist.
                 For SearchPath "Temp\bin\Debug\".
                 Considered "Temp\bin\Debug\Bee.BeeDriver2.winmd", but it didn't exist.
                 Considered "Temp\bin\Debug\Bee.BeeDriver2.dll", but it didn't exist.
                 Considered "Temp\bin\Debug\Bee.BeeDriver2.exe", but it didn't exist.
             Required by "UnityEditor.CoreModule".
             Required by "UnityEditor".
             Required by "UnityEditor.AccessibilityModule".
             Required by "UnityEditor.AdaptivePerformanceModule".
             Required by "UnityEditor.BuildProfileModule".
             Required by "UnityEditor.ClothModule".
             Required by "UnityEditor.DeviceSimulatorModule".
             Required by "UnityEditor.DiagnosticsModule".
             Required by "UnityEditor.EditorToolbarModule".
             Required by "UnityEditor.GraphViewModule".
             Required by "UnityEditor.GridAndSnapModule".
             Required by "UnityEditor.GridModule".
             Required by "UnityEditor.MultiplayerModule".
             Required by "UnityEditor.Physics2DModule".
             Required by "UnityEditor.PhysicsModule".
             Required by "UnityEditor.PresetsUIModule".
             Required by "UnityEditor.QuickSearchModule".
             Required by "UnityEditor.SafeModeModule".
             Required by "UnityEditor.SceneTemplateModule".
             Required by "UnityEditor.SceneViewModule".
             Required by "UnityEditor.SketchUpModule".
             Required by "UnityEditor.SpriteMaskModule".
             Required by "UnityEditor.SpriteShapeModule".
             Required by "UnityEditor.TerrainModule".
             Required by "UnityEditor.TextCoreTextEngineModule".
             Required by "UnityEditor.TextRenderingModule".
             Required by "UnityEditor.TilemapModule".
             Required by "UnityEditor.TreeModule".
             Required by "UnityEditor.UIAutomationModule".
             Required by "UnityEditor.UIBuilderModule".
             Required by "UnityEditor.UIElementsModule".
             Required by "UnityEditor.UIElementsSamplesModule".
             Required by "UnityEditor.UnityConnectModule".
             Required by "UnityEditor.VFXModule".
             Required by "UnityEditor.VideoModule".
             Required by "UnityEditor.XRModule".
             Required by "Unity.2D.Common.Path.Editor".
             Required by "Unity.2D.Sprite.Editor".
             Required by "Unity.TextMeshPro".
             Required by "Unity.Services.QoS".
             Required by "Unity.Services.Core".
             Required by "Unity.Netcode.Runtime".
             Required by "Unity.Multiplayer.PlayMode.Analytics.Editor".
             Required by "Unity.VisualScripting.SettingsProvider.Editor".
             Required by "Unity.Networking.Editor".
             Required by "Unity.2D.Enhancers.Editor.AIBridge".
             Required by "Unity.Splines.Editor".
             Required by "Unity.2D.Common.Editor".
             Required by "Unity.Addressables".
             Required by "Unity.InternalAPIEditorBridge.001".
             Required by "Unity.2D.Animation.Runtime".
             Required by "Unity.RenderPipelines.Universal.2D.Runtime".
             Required by "Unity.Services.Core.Components".
             Required by "Unity.2D.Aseprite.Common".
             Required by "Unity.Rendering.LightTransport.Editor".
             Required by "Unity.Services.Authentication".
             Required by "Unity.Rider.Editor".
             Required by "Unity.2D.Aseprite.Editor".
             Required by "Unity.AI.Assistant.Bridge.Editor".
             Required by "Unity.Services.Lobbies".
             Required by "Unity.InferenceEngine.Editor".
             Required by "Unity.Services.Authentication.Editor.Shared".
             Required by "Unity.TextMeshPro.Editor".
             Required by "Unity.2D.Tilemap.Extras.Editor".
             Required by "Unity.Services.Authentication.PlayerAccounts".
             Required by "Unity.VisualStudio.Editor".
             Required by "Unity.2D.Tilemap.Editor".
             Required by "Unity.InputSystem.ForUI".
             Required by "Unity.RenderPipelines.GPUDriven.Runtime".
             Required by "Unity.VisualScripting.State.Editor".
             Required by "UnityEngine.UI".
             Required by "Unity.VisualScripting.Flow".
             Required by "Unity.Services.Core.Environments".
             Required by "Unity.RenderPipelines.Universal.Runtime".
             Required by "Unity.AppUI".
             Required by "Unity.2D.Sprite.AIIntegration.Editor".
             Required by "Unity.2D.Enhancers.Editor".
             Required by "Unity.InputSystem".
             Required by "Unity.2D.SpriteShape.Editor".
             Required by "Unity.Splines".
             Required by "Unity.Addressables.Editor".
             Required by "Unity.AppUI.Redux".
             Required by "Unity.InferenceEngine.ONNX.Editor".
             Required by "Unity.Netcode.Editor".
             Required by "Unity.RenderPipelines.Core.Editor".
             Required by "Unity.2D.IK.Runtime".
             Required by "Unity.2D.Animation.Editor".
             Required by "Unity.RenderPipelines.Universal.Editor".
             Required by "Unity.Multiplayer.PlayMode.Scenarios.Editor".
             Required by "Unity.Timeline".
             Required by "Unity.Multiplayer.PlayMode.Editor.Bridge".
             Required by "Unity.VisualScripting.Shared.Editor".
             Required by "Unity.ScriptableBuildPipeline.Editor".
             Required by "Unity.Searcher.Editor".
             Required by "Unity.PlasticSCM.Editor".
             Required by "Unity.Burst.Editor".
             Required by "Unity.VisualScripting.Core".
             Required by "Unity.Mathematics.Editor".
             Required by "Unity.Cinemachine.Editor".
             Required by "Unity.Cinemachine".
             Required by "Unity.Services.Core.Analytics".
             Required by "Unity.Multiplayer.Center.NetcodeForGameObjectsExample".
             Required by "Unity.2D.Psdimporter.Editor".
             Required by "Unity.RenderPipelines.Core.Runtime".
             Required by "Unity.RenderPipelines.Core.Runtime.Shared".
             Required by "Unity.RenderPipelines.Universal.Config.Runtime".
             Required by "Unity.Services.Relay".
             Required by "Unity.2D.Tilemap.Extras".
             Required by "Unity.VisualScripting.Flow.Editor".
             Required by "Unity.2D.IK.Editor".
             Required by "Unity.2D.SpriteShape.Runtime".
             Required by "Unity.ResourceManager".
             Required by "Unity.Collections".
             Required by "Unity.Networking.Transport".
             Required by "Unity.AI.Assistant.Agent.Dynamic.Extension.Editor".
             Required by "Unity.Timeline.Editor".
             Required by "Unity.AppUI.Editor".
             Required by "Unity.Serialization".
             Required by "Unity.Multiplayer.PlayMode.Configurations.Editor".
             Required by "Unity.Multiplayer.Center.Integrations".
             Required by "Unity.Burst".
             Required by "PsdPlugin".
             Required by "Unity.VisualScripting.Core.Editor".
             Required by "Unity.Multiplayer.Center.Editor".
             Required by "Unity.Rendering.LightTransport.Runtime".
             Required by "Unity.VisualScripting.State".
             Required by "Unity.AppUI.Navigation.Editor".
             Required by "Unity.RenderPipeline.Universal.ShaderLibrary".
             Required by "Unity.Collections.Editor".
             Required by "Unity.Serialization.Editor".
             Required by "Unity.ShaderGraph.Editor".
             Required by "Unity.Settings.Editor".
             Required by "UnityEditor.UI".
             Required by "Unity.InferenceEngine".
             Required by "Unity.Multiplayer.Playmode".
         Dependency "Bee.BinLog, Version=1.0.0.0, Culture=neutral, PublicKeyToken=null".
             Could not resolve this reference. Could not locate the assembly "Bee.BinLog, Version=1.0.0.0, Culture=neutral, PublicKeyToken=null". Check to make sure the assembly exists on disk. If this reference is required by your code, you may get compilation errors.
                 For SearchPath "C:\Program Files\Unity\Hub\Editor\6000.2.0f1\Editor\Data\Managed\UnityEngine".
                 Considered "C:\Program Files\Unity\Hub\Editor\6000.2.0f1\Editor\Data\Managed\UnityEngine\Bee.BinLog.winmd", but it didn't exist.
                 Considered "C:\Program Files\Unity\Hub\Editor\6000.2.0f1\Editor\Data\Managed\UnityEngine\Bee.BinLog.dll", but it didn't exist.
                 Considered "C:\Program Files\Unity\Hub\Editor\6000.2.0f1\Editor\Data\Managed\UnityEngine\Bee.BinLog.exe", but it didn't exist.
                 For SearchPath "{TargetFrameworkDirectory}".
                 Considered "C:\Program Files (x86)\Reference Assemblies\Microsoft\Framework\.NETFramework\v4.7.1\Bee.BinLog.winmd", but it didn't exist.
                 Considered "C:\Program Files (x86)\Reference Assemblies\Microsoft\Framework\.NETFramework\v4.7.1\Bee.BinLog.dll", but it didn't exist.
                 Considered "C:\Program Files (x86)\Reference Assemblies\Microsoft\Framework\.NETFramework\v4.7.1\Bee.BinLog.exe", but it didn't exist.
                 For SearchPath "{Registry:Software\Microsoft\.NETFramework,v4.7.1,AssemblyFoldersEx}".
                 Considered AssemblyFoldersEx locations.
                 For SearchPath "{GAC}".
                 Considered "{GAC}\Bee.BinLog.winmd", but it didn't exist.
                 Considered "{GAC}\Bee.BinLog.dll", but it didn't exist.
                 Considered "{GAC}\Bee.BinLog.exe", but it didn't exist.
                 For SearchPath "Temp\bin\Debug\".
                 Considered "Temp\bin\Debug\Bee.BinLog.winmd", but it didn't exist.
                 Considered "Temp\bin\Debug\Bee.BinLog.dll", but it didn't exist.
                 Considered "Temp\bin\Debug\Bee.BinLog.exe", but it didn't exist.
             Required by "UnityEditor.CoreModule".
             Required by "UnityEditor".
             Required by "UnityEditor.AccessibilityModule".
             Required by "UnityEditor.AdaptivePerformanceModule".
             Required by "UnityEditor.BuildProfileModule".
             Required by "UnityEditor.ClothModule".
             Required by "UnityEditor.DeviceSimulatorModule".
             Required by "UnityEditor.DiagnosticsModule".
             Required by "UnityEditor.EditorToolbarModule".
             Required by "UnityEditor.GraphViewModule".
             Required by "UnityEditor.GridAndSnapModule".
             Required by "UnityEditor.GridModule".
             Required by "UnityEditor.MultiplayerModule".
             Required by "UnityEditor.Physics2DModule".
             Required by "UnityEditor.PhysicsModule".
             Required by "UnityEditor.PresetsUIModule".
             Required by "UnityEditor.QuickSearchModule".
             Required by "UnityEditor.SafeModeModule".
             Required by "UnityEditor.SceneTemplateModule".
             Required by "UnityEditor.SceneViewModule".
             Required by "UnityEditor.SketchUpModule".
             Required by "UnityEditor.SpriteMaskModule".
             Required by "UnityEditor.SpriteShapeModule".
             Required by "UnityEditor.TerrainModule".
             Required by "UnityEditor.TextCoreTextEngineModule".
             Required by "UnityEditor.TextRenderingModule".
             Required by "UnityEditor.TilemapModule".
             Required by "UnityEditor.TreeModule".
             Required by "UnityEditor.UIAutomationModule".
             Required by "UnityEditor.UIBuilderModule".
             Required by "UnityEditor.UIElementsModule".
             Required by "UnityEditor.UIElementsSamplesModule".
             Required by "UnityEditor.UnityConnectModule".
             Required by "UnityEditor.VFXModule".
             Required by "UnityEditor.VideoModule".
             Required by "UnityEditor.XRModule".
             Required by "Unity.2D.Common.Path.Editor".
             Required by "Unity.2D.Sprite.Editor".
             Required by "Unity.TextMeshPro".
             Required by "Unity.Services.QoS".
             Required by "Unity.Services.Core".
             Required by "Unity.Netcode.Runtime".
             Required by "Unity.Multiplayer.PlayMode.Analytics.Editor".
             Required by "Unity.VisualScripting.SettingsProvider.Editor".
             Required by "Unity.Networking.Editor".
             Required by "Unity.2D.Enhancers.Editor.AIBridge".
             Required by "Unity.Splines.Editor".
             Required by "Unity.2D.Common.Editor".
             Required by "Unity.Addressables".
             Required by "Unity.InternalAPIEditorBridge.001".
             Required by "Unity.2D.Animation.Runtime".
             Required by "Unity.RenderPipelines.Universal.2D.Runtime".
             Required by "Unity.Services.Core.Components".
             Required by "Unity.2D.Aseprite.Common".
             Required by "Unity.Rendering.LightTransport.Editor".
             Required by "Unity.Services.Authentication".
             Required by "Unity.Rider.Editor".
             Required by "Unity.2D.Aseprite.Editor".
             Required by "Unity.AI.Assistant.Bridge.Editor".
             Required by "Unity.Services.Lobbies".
             Required by "Unity.InferenceEngine.Editor".
             Required by "Unity.Services.Authentication.Editor.Shared".
             Required by "Unity.TextMeshPro.Editor".
             Required by "Unity.2D.Tilemap.Extras.Editor".
             Required by "Unity.Services.Authentication.PlayerAccounts".
             Required by "Unity.VisualStudio.Editor".
             Required by "Unity.2D.Tilemap.Editor".
             Required by "Unity.InputSystem.ForUI".
             Required by "Unity.RenderPipelines.GPUDriven.Runtime".
             Required by "Unity.VisualScripting.State.Editor".
             Required by "UnityEngine.UI".
             Required by "Unity.VisualScripting.Flow".
             Required by "Unity.Services.Core.Environments".
             Required by "Unity.RenderPipelines.Universal.Runtime".
             Required by "Unity.AppUI".
             Required by "Unity.2D.Sprite.AIIntegration.Editor".
             Required by "Unity.2D.Enhancers.Editor".
             Required by "Unity.InputSystem".
             Required by "Unity.2D.SpriteShape.Editor".
             Required by "Unity.Splines".
             Required by "Unity.Addressables.Editor".
             Required by "Unity.AppUI.Redux".
             Required by "Unity.InferenceEngine.ONNX.Editor".
             Required by "Unity.Netcode.Editor".
             Required by "Unity.RenderPipelines.Core.Editor".
             Required by "Unity.2D.IK.Runtime".
             Required by "Unity.2D.Animation.Editor".
             Required by "Unity.RenderPipelines.Universal.Editor".
             Required by "Unity.Multiplayer.PlayMode.Scenarios.Editor".
             Required by "Unity.Timeline".
             Required by "Unity.Multiplayer.PlayMode.Editor.Bridge".
             Required by "Unity.VisualScripting.Shared.Editor".
             Required by "Unity.ScriptableBuildPipeline.Editor".
             Required by "Unity.Searcher.Editor".
             Required by "Unity.PlasticSCM.Editor".
             Required by "Unity.Burst.Editor".
             Required by "Unity.VisualScripting.Core".
             Required by "Unity.Mathematics.Editor".
             Required by "Unity.Cinemachine.Editor".
             Required by "Unity.Cinemachine".
             Required by "Unity.Services.Core.Analytics".
             Required by "Unity.Multiplayer.Center.NetcodeForGameObjectsExample".
             Required by "Unity.2D.Psdimporter.Editor".
             Required by "Unity.RenderPipelines.Core.Runtime".
             Required by "Unity.RenderPipelines.Core.Runtime.Shared".
             Required by "Unity.RenderPipelines.Universal.Config.Runtime".
             Required by "Unity.Services.Relay".
             Required by "Unity.2D.Tilemap.Extras".
             Required by "Unity.VisualScripting.Flow.Editor".
             Required by "Unity.2D.IK.Editor".
             Required by "Unity.2D.SpriteShape.Runtime".
             Required by "Unity.ResourceManager".
             Required by "Unity.Collections".
             Required by "Unity.Networking.Transport".
             Required by "Unity.AI.Assistant.Agent.Dynamic.Extension.Editor".
             Required by "Unity.Timeline.Editor".
             Required by "Unity.AppUI.Editor".
             Required by "Unity.Serialization".
             Required by "Unity.Multiplayer.PlayMode.Configurations.Editor".
             Required by "Unity.Multiplayer.Center.Integrations".
             Required by "Unity.Burst".
             Required by "PsdPlugin".
             Required by "Unity.VisualScripting.Core.Editor".
             Required by "Unity.Multiplayer.Center.Editor".
             Required by "Unity.Rendering.LightTransport.Runtime".
             Required by "Unity.VisualScripting.State".
             Required by "Unity.AppUI.Navigation.Editor".
             Required by "Unity.RenderPipeline.Universal.ShaderLibrary".
             Required by "Unity.Collections.Editor".
             Required by "Unity.Serialization.Editor".
             Required by "Unity.ShaderGraph.Editor".
             Required by "Unity.Settings.Editor".
             Required by "UnityEditor.UI".
             Required by "Unity.InferenceEngine".
             Required by "Unity.Multiplayer.Playmode".
         Dependency "Bee.TinyProfiler2, Version=1.0.0.0, Culture=neutral, PublicKeyToken=null".
             Could not resolve this reference. Could not locate the assembly "Bee.TinyProfiler2, Version=1.0.0.0, Culture=neutral, PublicKeyToken=null". Check to make sure the assembly exists on disk. If this reference is required by your code, you may get compilation errors.
                 For SearchPath "C:\Program Files\Unity\Hub\Editor\6000.2.0f1\Editor\Data\Managed\UnityEngine".
                 Considered "C:\Program Files\Unity\Hub\Editor\6000.2.0f1\Editor\Data\Managed\UnityEngine\Bee.TinyProfiler2.winmd", but it didn't exist.
                 Considered "C:\Program Files\Unity\Hub\Editor\6000.2.0f1\Editor\Data\Managed\UnityEngine\Bee.TinyProfiler2.dll", but it didn't exist.
                 Considered "C:\Program Files\Unity\Hub\Editor\6000.2.0f1\Editor\Data\Managed\UnityEngine\Bee.TinyProfiler2.exe", but it didn't exist.
                 For SearchPath "{TargetFrameworkDirectory}".
                 Considered "C:\Program Files (x86)\Reference Assemblies\Microsoft\Framework\.NETFramework\v4.7.1\Bee.TinyProfiler2.winmd", but it didn't exist.
                 Considered "C:\Program Files (x86)\Reference Assemblies\Microsoft\Framework\.NETFramework\v4.7.1\Bee.TinyProfiler2.dll", but it didn't exist.
                 Considered "C:\Program Files (x86)\Reference Assemblies\Microsoft\Framework\.NETFramework\v4.7.1\Bee.TinyProfiler2.exe", but it didn't exist.
                 For SearchPath "{Registry:Software\Microsoft\.NETFramework,v4.7.1,AssemblyFoldersEx}".
                 Considered AssemblyFoldersEx locations.
                 For SearchPath "{GAC}".
                 Considered "{GAC}\Bee.TinyProfiler2.winmd", but it didn't exist.
                 Considered "{GAC}\Bee.TinyProfiler2.dll", but it didn't exist.
                 Considered "{GAC}\Bee.TinyProfiler2.exe", but it didn't exist.
                 For SearchPath "Temp\bin\Debug\".
                 Considered "Temp\bin\Debug\Bee.TinyProfiler2.winmd", but it didn't exist.
                 Considered "Temp\bin\Debug\Bee.TinyProfiler2.dll", but it didn't exist.
                 Considered "Temp\bin\Debug\Bee.TinyProfiler2.exe", but it didn't exist.
             Required by "UnityEditor.CoreModule".
             Required by "UnityEditor".
             Required by "UnityEditor.AccessibilityModule".
             Required by "UnityEditor.AdaptivePerformanceModule".
             Required by "UnityEditor.BuildProfileModule".
             Required by "UnityEditor.ClothModule".
             Required by "UnityEditor.DeviceSimulatorModule".
             Required by "UnityEditor.DiagnosticsModule".
             Required by "UnityEditor.EditorToolbarModule".
             Required by "UnityEditor.GraphViewModule".
             Required by "UnityEditor.GridAndSnapModule".
             Required by "UnityEditor.GridModule".
             Required by "UnityEditor.MultiplayerModule".
             Required by "UnityEditor.Physics2DModule".
             Required by "UnityEditor.PhysicsModule".
             Required by "UnityEditor.PresetsUIModule".
             Required by "UnityEditor.QuickSearchModule".
             Required by "UnityEditor.SafeModeModule".
             Required by "UnityEditor.SceneTemplateModule".
             Required by "UnityEditor.SceneViewModule".
             Required by "UnityEditor.SketchUpModule".
             Required by "UnityEditor.SpriteMaskModule".
             Required by "UnityEditor.SpriteShapeModule".
             Required by "UnityEditor.TerrainModule".
             Required by "UnityEditor.TextCoreTextEngineModule".
             Required by "UnityEditor.TextRenderingModule".
             Required by "UnityEditor.TilemapModule".
             Required by "UnityEditor.TreeModule".
             Required by "UnityEditor.UIAutomationModule".
             Required by "UnityEditor.UIBuilderModule".
             Required by "UnityEditor.UIElementsModule".
             Required by "UnityEditor.UIElementsSamplesModule".
             Required by "UnityEditor.UnityConnectModule".
             Required by "UnityEditor.VFXModule".
             Required by "UnityEditor.VideoModule".
             Required by "UnityEditor.XRModule".
             Required by "Unity.2D.Common.Path.Editor".
             Required by "Unity.2D.Sprite.Editor".
             Required by "Unity.TextMeshPro".
             Required by "Unity.Services.QoS".
             Required by "Unity.Services.Core".
             Required by "Unity.Netcode.Runtime".
             Required by "Unity.Multiplayer.PlayMode.Analytics.Editor".
             Required by "Unity.VisualScripting.SettingsProvider.Editor".
             Required by "Unity.Networking.Editor".
             Required by "Unity.2D.Enhancers.Editor.AIBridge".
             Required by "Unity.Splines.Editor".
             Required by "Unity.2D.Common.Editor".
             Required by "Unity.Addressables".
             Required by "Unity.InternalAPIEditorBridge.001".
             Required by "Unity.2D.Animation.Runtime".
             Required by "Unity.RenderPipelines.Universal.2D.Runtime".
             Required by "Unity.Services.Core.Components".
             Required by "Unity.2D.Aseprite.Common".
             Required by "Unity.Rendering.LightTransport.Editor".
             Required by "Unity.Services.Authentication".
             Required by "Unity.Rider.Editor".
             Required by "Unity.2D.Aseprite.Editor".
             Required by "Unity.AI.Assistant.Bridge.Editor".
             Required by "Unity.Services.Lobbies".
             Required by "Unity.InferenceEngine.Editor".
             Required by "Unity.Services.Authentication.Editor.Shared".
             Required by "Unity.TextMeshPro.Editor".
             Required by "Unity.2D.Tilemap.Extras.Editor".
             Required by "Unity.Services.Authentication.PlayerAccounts".
             Required by "Unity.VisualStudio.Editor".
             Required by "Unity.2D.Tilemap.Editor".
             Required by "Unity.InputSystem.ForUI".
             Required by "Unity.RenderPipelines.GPUDriven.Runtime".
             Required by "Unity.VisualScripting.State.Editor".
             Required by "UnityEngine.UI".
             Required by "Unity.VisualScripting.Flow".
             Required by "Unity.Services.Core.Environments".
             Required by "Unity.RenderPipelines.Universal.Runtime".
             Required by "Unity.AppUI".
             Required by "Unity.2D.Sprite.AIIntegration.Editor".
             Required by "Unity.2D.Enhancers.Editor".
             Required by "Unity.InputSystem".
             Required by "Unity.2D.SpriteShape.Editor".
             Required by "Unity.Splines".
             Required by "Unity.Addressables.Editor".
             Required by "Unity.AppUI.Redux".
             Required by "Unity.InferenceEngine.ONNX.Editor".
             Required by "Unity.Netcode.Editor".
             Required by "Unity.RenderPipelines.Core.Editor".
             Required by "Unity.2D.IK.Runtime".
             Required by "Unity.2D.Animation.Editor".
             Required by "Unity.RenderPipelines.Universal.Editor".
             Required by "Unity.Multiplayer.PlayMode.Scenarios.Editor".
             Required by "Unity.Timeline".
             Required by "Unity.Multiplayer.PlayMode.Editor.Bridge".
             Required by "Unity.VisualScripting.Shared.Editor".
             Required by "Unity.ScriptableBuildPipeline.Editor".
             Required by "Unity.Searcher.Editor".
             Required by "Unity.PlasticSCM.Editor".
             Required by "Unity.Burst.Editor".
             Required by "Unity.VisualScripting.Core".
             Required by "Unity.Mathematics.Editor".
             Required by "Unity.Cinemachine.Editor".
             Required by "Unity.Cinemachine".
             Required by "Unity.Services.Core.Analytics".
             Required by "Unity.Multiplayer.Center.NetcodeForGameObjectsExample".
             Required by "Unity.2D.Psdimporter.Editor".
             Required by "Unity.RenderPipelines.Core.Runtime".
             Required by "Unity.RenderPipelines.Core.Runtime.Shared".
             Required by "Unity.RenderPipelines.Universal.Config.Runtime".
             Required by "Unity.Services.Relay".
             Required by "Unity.2D.Tilemap.Extras".
             Required by "Unity.VisualScripting.Flow.Editor".
             Required by "Unity.2D.IK.Editor".
             Required by "Unity.2D.SpriteShape.Runtime".
             Required by "Unity.ResourceManager".
             Required by "Unity.Collections".
             Required by "Unity.Networking.Transport".
             Required by "Unity.AI.Assistant.Agent.Dynamic.Extension.Editor".
             Required by "Unity.Timeline.Editor".
             Required by "Unity.AppUI.Editor".
             Required by "Unity.Serialization".
             Required by "Unity.Multiplayer.PlayMode.Configurations.Editor".
             Required by "Unity.Multiplayer.Center.Integrations".
             Required by "Unity.Burst".
             Required by "PsdPlugin".
             Required by "Unity.VisualScripting.Core.Editor".
             Required by "Unity.Multiplayer.Center.Editor".
             Required by "Unity.Rendering.LightTransport.Runtime".
             Required by "Unity.VisualScripting.State".
             Required by "Unity.AppUI.Navigation.Editor".
             Required by "Unity.RenderPipeline.Universal.ShaderLibrary".
             Required by "Unity.Collections.Editor".
             Required by "Unity.Serialization.Editor".
             Required by "Unity.ShaderGraph.Editor".
             Required by "Unity.Settings.Editor".
             Required by "UnityEditor.UI".
             Required by "Unity.InferenceEngine".
             Required by "Unity.Multiplayer.Playmode".
         Dependency "System.CodeDom, Version=6.0.0.0, Culture=neutral, PublicKeyToken=cc7b13ffcd2ddd51".
             Could not resolve this reference. Could not locate the assembly "System.CodeDom, Version=6.0.0.0, Culture=neutral, PublicKeyToken=cc7b13ffcd2ddd51". Check to make sure the assembly exists on disk. If this reference is required by your code, you may get compilation errors.
                 For SearchPath "C:\Program Files\Unity\Hub\Editor\6000.2.0f1\Editor\Data\Managed\UnityEngine".
                 Considered "C:\Program Files\Unity\Hub\Editor\6000.2.0f1\Editor\Data\Managed\UnityEngine\System.CodeDom.winmd", but it didn't exist.
                 Considered "C:\Program Files\Unity\Hub\Editor\6000.2.0f1\Editor\Data\Managed\UnityEngine\System.CodeDom.dll", but it didn't exist.
                 Considered "C:\Program Files\Unity\Hub\Editor\6000.2.0f1\Editor\Data\Managed\UnityEngine\System.CodeDom.exe", but it didn't exist.
                 Considered "C:\Program Files\Unity\Hub\Editor\6000.2.0f1\Editor\Data\Managed\UnityEngine\System.CodeDom.winmd", but it didn't exist.
                 Considered "C:\Program Files\Unity\Hub\Editor\6000.2.0f1\Editor\Data\Managed\UnityEngine\System.CodeDom.dll", but it didn't exist.
                 Considered "C:\Program Files\Unity\Hub\Editor\6000.2.0f1\Editor\Data\Managed\UnityEngine\System.CodeDom.exe", but it didn't exist.
                 For SearchPath "{TargetFrameworkDirectory}".
                 Considered "C:\Program Files (x86)\Reference Assemblies\Microsoft\Framework\.NETFramework\v4.7.1\System.CodeDom.winmd", but it didn't exist.
                 Considered "C:\Program Files (x86)\Reference Assemblies\Microsoft\Framework\.NETFramework\v4.7.1\System.CodeDom.dll", but it didn't exist.
                 Considered "C:\Program Files (x86)\Reference Assemblies\Microsoft\Framework\.NETFramework\v4.7.1\System.CodeDom.exe", but it didn't exist.
                 For SearchPath "{Registry:Software\Microsoft\.NETFramework,v4.7.1,AssemblyFoldersEx}".
                 Considered AssemblyFoldersEx locations.
                 For SearchPath "{GAC}".
                 Considered "{GAC}\System.CodeDom.winmd", but it didn't exist.
                 Considered "{GAC}\System.CodeDom.dll", but it didn't exist.
                 Considered "{GAC}\System.CodeDom.exe", but it didn't exist.
                 For SearchPath "Temp\bin\Debug\".
                 Considered "Temp\bin\Debug\System.CodeDom.winmd", but it didn't exist.
                 Considered "Temp\bin\Debug\System.CodeDom.dll", but it didn't exist.
                 Considered "Temp\bin\Debug\System.CodeDom.exe", but it didn't exist.
             Required by "UnityEditor.CoreModule".
             Required by "UnityEditor".
             Required by "UnityEditor.AccessibilityModule".
             Required by "UnityEditor.AdaptivePerformanceModule".
             Required by "UnityEditor.BuildProfileModule".
             Required by "UnityEditor.ClothModule".
             Required by "UnityEditor.DeviceSimulatorModule".
             Required by "UnityEditor.DiagnosticsModule".
             Required by "UnityEditor.EditorToolbarModule".
             Required by "UnityEditor.GraphViewModule".
             Required by "UnityEditor.GridAndSnapModule".
             Required by "UnityEditor.GridModule".
             Required by "UnityEditor.MultiplayerModule".
             Required by "UnityEditor.Physics2DModule".
             Required by "UnityEditor.PhysicsModule".
             Required by "UnityEditor.PresetsUIModule".
             Required by "UnityEditor.QuickSearchModule".
             Required by "UnityEditor.SafeModeModule".
             Required by "UnityEditor.SceneTemplateModule".
             Required by "UnityEditor.SceneViewModule".
             Required by "UnityEditor.SketchUpModule".
             Required by "UnityEditor.SpriteMaskModule".
             Required by "UnityEditor.SpriteShapeModule".
             Required by "UnityEditor.TerrainModule".
             Required by "UnityEditor.TextCoreTextEngineModule".
             Required by "UnityEditor.TextRenderingModule".
             Required by "UnityEditor.TilemapModule".
             Required by "UnityEditor.TreeModule".
             Required by "UnityEditor.UIAutomationModule".
             Required by "UnityEditor.UIBuilderModule".
             Required by "UnityEditor.UIElementsModule".
             Required by "UnityEditor.UIElementsSamplesModule".
             Required by "UnityEditor.UnityConnectModule".
             Required by "UnityEditor.VFXModule".
             Required by "UnityEditor.VideoModule".
             Required by "UnityEditor.XRModule".
             Required by "Unity.2D.Common.Path.Editor".
             Required by "Unity.2D.Sprite.Editor".
             Required by "Unity.TextMeshPro".
             Required by "Unity.Services.QoS".
             Required by "Unity.Services.Core".
             Required by "Unity.Netcode.Runtime".
             Required by "Unity.Multiplayer.PlayMode.Analytics.Editor".
             Required by "Unity.VisualScripting.SettingsProvider.Editor".
             Required by "Unity.Networking.Editor".
             Required by "Unity.2D.Enhancers.Editor.AIBridge".
             Required by "Unity.Splines.Editor".
             Required by "Unity.2D.Common.Editor".
             Required by "Unity.Addressables".
             Required by "Unity.InternalAPIEditorBridge.001".
             Required by "Unity.2D.Animation.Runtime".
             Required by "Unity.RenderPipelines.Universal.2D.Runtime".
             Required by "Unity.Services.Core.Components".
             Required by "Unity.2D.Aseprite.Common".
             Required by "Unity.Rendering.LightTransport.Editor".
             Required by "Unity.Services.Authentication".
             Required by "Unity.Rider.Editor".
             Required by "Unity.2D.Aseprite.Editor".
             Required by "Unity.AI.Assistant.Bridge.Editor".
             Required by "Unity.Services.Lobbies".
             Required by "Unity.InferenceEngine.Editor".
             Required by "Unity.Services.Authentication.Editor.Shared".
             Required by "Unity.TextMeshPro.Editor".
             Required by "Unity.2D.Tilemap.Extras.Editor".
             Required by "Unity.Services.Authentication.PlayerAccounts".
             Required by "Unity.VisualStudio.Editor".
             Required by "Unity.2D.Tilemap.Editor".
             Required by "Unity.InputSystem.ForUI".
             Required by "Unity.RenderPipelines.GPUDriven.Runtime".
             Required by "Unity.VisualScripting.State.Editor".
             Required by "UnityEngine.UI".
             Required by "Unity.VisualScripting.Flow".
             Required by "Unity.Services.Core.Environments".
             Required by "Unity.RenderPipelines.Universal.Runtime".
             Required by "Unity.AppUI".
             Required by "Unity.2D.Sprite.AIIntegration.Editor".
             Required by "Unity.2D.Enhancers.Editor".
             Required by "Unity.InputSystem".
             Required by "Unity.2D.SpriteShape.Editor".
             Required by "Unity.Splines".
             Required by "Unity.Addressables.Editor".
             Required by "Unity.AppUI.Redux".
             Required by "Unity.InferenceEngine.ONNX.Editor".
             Required by "Unity.Netcode.Editor".
             Required by "Unity.RenderPipelines.Core.Editor".
             Required by "Unity.2D.IK.Runtime".
             Required by "Unity.2D.Animation.Editor".
             Required by "Unity.RenderPipelines.Universal.Editor".
             Required by "Unity.Multiplayer.PlayMode.Scenarios.Editor".
             Required by "Unity.Timeline".
             Required by "Unity.Multiplayer.PlayMode.Editor.Bridge".
             Required by "Unity.VisualScripting.Shared.Editor".
             Required by "Unity.ScriptableBuildPipeline.Editor".
             Required by "Unity.Searcher.Editor".
             Required by "Unity.PlasticSCM.Editor".
             Required by "Unity.Burst.Editor".
             Required by "Unity.VisualScripting.Core".
             Required by "Unity.Mathematics.Editor".
             Required by "Unity.Cinemachine.Editor".
             Required by "Unity.Cinemachine".
             Required by "Unity.Services.Core.Analytics".
             Required by "Unity.Multiplayer.Center.NetcodeForGameObjectsExample".
             Required by "Unity.2D.Psdimporter.Editor".
             Required by "Unity.RenderPipelines.Core.Runtime".
             Required by "Unity.RenderPipelines.Core.Runtime.Shared".
             Required by "Unity.RenderPipelines.Universal.Config.Runtime".
             Required by "Unity.Services.Relay".
             Required by "Unity.2D.Tilemap.Extras".
             Required by "Unity.VisualScripting.Flow.Editor".
             Required by "Unity.2D.IK.Editor".
             Required by "Unity.2D.SpriteShape.Runtime".
             Required by "Unity.ResourceManager".
             Required by "Unity.Collections".
             Required by "Unity.Networking.Transport".
             Required by "Unity.AI.Assistant.Agent.Dynamic.Extension.Editor".
             Required by "Unity.Timeline.Editor".
             Required by "Unity.AppUI.Editor".
             Required by "Unity.Serialization".
             Required by "Unity.Multiplayer.PlayMode.Configurations.Editor".
             Required by "Unity.Multiplayer.Center.Integrations".
             Required by "Unity.Burst".
             Required by "PsdPlugin".
             Required by "Unity.VisualScripting.Core.Editor".
             Required by "Unity.Multiplayer.Center.Editor".
             Required by "Unity.Rendering.LightTransport.Runtime".
             Required by "Unity.VisualScripting.State".
             Required by "Unity.AppUI.Navigation.Editor".
             Required by "Unity.RenderPipeline.Universal.ShaderLibrary".
             Required by "Unity.Collections.Editor".
             Required by "Unity.Serialization.Editor".
             Required by "Unity.ShaderGraph.Editor".
             Required by "Unity.Settings.Editor".
             Required by "UnityEditor.UI".
             Required by "Unity.InferenceEngine".
             Required by "Unity.Multiplayer.Playmode".
         Dependency "ExCSS.Unity, Version=2.0.6.0, Culture=neutral, PublicKeyToken=null".
             Could not resolve this reference. Could not locate the assembly "ExCSS.Unity, Version=2.0.6.0, Culture=neutral, PublicKeyToken=null". Check to make sure the assembly exists on disk. If this reference is required by your code, you may get compilation errors.
                 For SearchPath "C:\Program Files\Unity\Hub\Editor\6000.2.0f1\Editor\Data\Managed\UnityEngine".
                 Considered "C:\Program Files\Unity\Hub\Editor\6000.2.0f1\Editor\Data\Managed\UnityEngine\ExCSS.Unity.winmd", but it didn't exist.
                 Considered "C:\Program Files\Unity\Hub\Editor\6000.2.0f1\Editor\Data\Managed\UnityEngine\ExCSS.Unity.dll", but it didn't exist.
                 Considered "C:\Program Files\Unity\Hub\Editor\6000.2.0f1\Editor\Data\Managed\UnityEngine\ExCSS.Unity.exe", but it didn't exist.
                 Considered "C:\Program Files\Unity\Hub\Editor\6000.2.0f1\Editor\Data\Managed\UnityEngine\ExCSS.Unity.winmd", but it didn't exist.
                 Considered "C:\Program Files\Unity\Hub\Editor\6000.2.0f1\Editor\Data\Managed\UnityEngine\ExCSS.Unity.dll", but it didn't exist.
                 Considered "C:\Program Files\Unity\Hub\Editor\6000.2.0f1\Editor\Data\Managed\UnityEngine\ExCSS.Unity.exe", but it didn't exist.
                 For SearchPath "{TargetFrameworkDirectory}".
                 Considered "C:\Program Files (x86)\Reference Assemblies\Microsoft\Framework\.NETFramework\v4.7.1\ExCSS.Unity.winmd", but it didn't exist.
                 Considered "C:\Program Files (x86)\Reference Assemblies\Microsoft\Framework\.NETFramework\v4.7.1\ExCSS.Unity.dll", but it didn't exist.
                 Considered "C:\Program Files (x86)\Reference Assemblies\Microsoft\Framework\.NETFramework\v4.7.1\ExCSS.Unity.exe", but it didn't exist.
                 For SearchPath "{Registry:Software\Microsoft\.NETFramework,v4.7.1,AssemblyFoldersEx}".
                 Considered AssemblyFoldersEx locations.
                 For SearchPath "{GAC}".
                 Considered "{GAC}\ExCSS.Unity.winmd", but it didn't exist.
                 Considered "{GAC}\ExCSS.Unity.dll", but it didn't exist.
                 Considered "{GAC}\ExCSS.Unity.exe", but it didn't exist.
                 For SearchPath "Temp\bin\Debug\".
                 Considered "Temp\bin\Debug\ExCSS.Unity.winmd", but it didn't exist.
                 Considered "Temp\bin\Debug\ExCSS.Unity.dll", but it didn't exist.
                 Considered "Temp\bin\Debug\ExCSS.Unity.exe", but it didn't exist.
             Required by "UnityEditor.CoreModule".
             Required by "UnityEditor".
             Required by "UnityEditor.AccessibilityModule".
             Required by "UnityEditor.AdaptivePerformanceModule".
             Required by "UnityEditor.BuildProfileModule".
             Required by "UnityEditor.ClothModule".
             Required by "UnityEditor.DeviceSimulatorModule".
             Required by "UnityEditor.DiagnosticsModule".
             Required by "UnityEditor.EditorToolbarModule".
             Required by "UnityEditor.GraphViewModule".
             Required by "UnityEditor.GridAndSnapModule".
             Required by "UnityEditor.GridModule".
             Required by "UnityEditor.MultiplayerModule".
             Required by "UnityEditor.Physics2DModule".
             Required by "UnityEditor.PhysicsModule".
             Required by "UnityEditor.PresetsUIModule".
             Required by "UnityEditor.QuickSearchModule".
             Required by "UnityEditor.SafeModeModule".
             Required by "UnityEditor.SceneTemplateModule".
             Required by "UnityEditor.SceneViewModule".
             Required by "UnityEditor.SketchUpModule".
             Required by "UnityEditor.SpriteMaskModule".
             Required by "UnityEditor.SpriteShapeModule".
             Required by "UnityEditor.TerrainModule".
             Required by "UnityEditor.TextCoreTextEngineModule".
             Required by "UnityEditor.TextRenderingModule".
             Required by "UnityEditor.TilemapModule".
             Required by "UnityEditor.TreeModule".
             Required by "UnityEditor.UIAutomationModule".
             Required by "UnityEditor.UIBuilderModule".
             Required by "UnityEditor.UIElementsModule".
             Required by "UnityEditor.UIElementsSamplesModule".
             Required by "UnityEditor.UnityConnectModule".
             Required by "UnityEditor.VFXModule".
             Required by "UnityEditor.VideoModule".
             Required by "UnityEditor.XRModule".
             Required by "Unity.2D.Common.Path.Editor".
             Required by "Unity.2D.Sprite.Editor".
             Required by "Unity.TextMeshPro".
             Required by "Unity.Services.QoS".
             Required by "Unity.Services.Core".
             Required by "Unity.Netcode.Runtime".
             Required by "Unity.Multiplayer.PlayMode.Analytics.Editor".
             Required by "Unity.VisualScripting.SettingsProvider.Editor".
             Required by "Unity.Networking.Editor".
             Required by "Unity.2D.Enhancers.Editor.AIBridge".
             Required by "Unity.Splines.Editor".
             Required by "Unity.2D.Common.Editor".
             Required by "Unity.Addressables".
             Required by "Unity.InternalAPIEditorBridge.001".
             Required by "Unity.2D.Animation.Runtime".
             Required by "Unity.RenderPipelines.Universal.2D.Runtime".
             Required by "Unity.Services.Core.Components".
             Required by "Unity.2D.Aseprite.Common".
             Required by "Unity.Rendering.LightTransport.Editor".
             Required by "Unity.Services.Authentication".
             Required by "Unity.Rider.Editor".
             Required by "Unity.2D.Aseprite.Editor".
             Required by "Unity.AI.Assistant.Bridge.Editor".
             Required by "Unity.Services.Lobbies".
             Required by "Unity.InferenceEngine.Editor".
             Required by "Unity.Services.Authentication.Editor.Shared".
             Required by "Unity.TextMeshPro.Editor".
             Required by "Unity.2D.Tilemap.Extras.Editor".
             Required by "Unity.Services.Authentication.PlayerAccounts".
             Required by "Unity.VisualStudio.Editor".
             Required by "Unity.2D.Tilemap.Editor".
             Required by "Unity.InputSystem.ForUI".
             Required by "Unity.RenderPipelines.GPUDriven.Runtime".
             Required by "Unity.VisualScripting.State.Editor".
             Required by "UnityEngine.UI".
             Required by "Unity.VisualScripting.Flow".
             Required by "Unity.Services.Core.Environments".
             Required by "Unity.RenderPipelines.Universal.Runtime".
             Required by "Unity.AppUI".
             Required by "Unity.2D.Sprite.AIIntegration.Editor".
             Required by "Unity.2D.Enhancers.Editor".
             Required by "Unity.InputSystem".
             Required by "Unity.2D.SpriteShape.Editor".
             Required by "Unity.Splines".
             Required by "Unity.Addressables.Editor".
             Required by "Unity.AppUI.Redux".
             Required by "Unity.InferenceEngine.ONNX.Editor".
             Required by "Unity.Netcode.Editor".
             Required by "Unity.RenderPipelines.Core.Editor".
             Required by "Unity.2D.IK.Runtime".
             Required by "Unity.2D.Animation.Editor".
             Required by "Unity.RenderPipelines.Universal.Editor".
             Required by "Unity.Multiplayer.PlayMode.Scenarios.Editor".
             Required by "Unity.Timeline".
             Required by "Unity.Multiplayer.PlayMode.Editor.Bridge".
             Required by "Unity.VisualScripting.Shared.Editor".
             Required by "Unity.ScriptableBuildPipeline.Editor".
             Required by "Unity.Searcher.Editor".
             Required by "Unity.PlasticSCM.Editor".
             Required by "Unity.Burst.Editor".
             Required by "Unity.VisualScripting.Core".
             Required by "Unity.Mathematics.Editor".
             Required by "Unity.Cinemachine.Editor".
             Required by "Unity.Cinemachine".
             Required by "Unity.Services.Core.Analytics".
             Required by "Unity.Multiplayer.Center.NetcodeForGameObjectsExample".
             Required by "Unity.2D.Psdimporter.Editor".
             Required by "Unity.RenderPipelines.Core.Runtime".
             Required by "Unity.RenderPipelines.Core.Runtime.Shared".
             Required by "Unity.RenderPipelines.Universal.Config.Runtime".
             Required by "Unity.Services.Relay".
             Required by "Unity.2D.Tilemap.Extras".
             Required by "Unity.VisualScripting.Flow.Editor".
             Required by "Unity.2D.IK.Editor".
             Required by "Unity.2D.SpriteShape.Runtime".
             Required by "Unity.ResourceManager".
             Required by "Unity.Collections".
             Required by "Unity.Networking.Transport".
             Required by "Unity.AI.Assistant.Agent.Dynamic.Extension.Editor".
             Required by "Unity.Timeline.Editor".
             Required by "Unity.AppUI.Editor".
             Required by "Unity.Serialization".
             Required by "Unity.Multiplayer.PlayMode.Configurations.Editor".
             Required by "Unity.Multiplayer.Center.Integrations".
             Required by "Unity.Burst".
             Required by "PsdPlugin".
             Required by "Unity.VisualScripting.Core.Editor".
             Required by "Unity.Multiplayer.Center.Editor".
             Required by "Unity.Rendering.LightTransport.Runtime".
             Required by "Unity.VisualScripting.State".
             Required by "Unity.AppUI.Navigation.Editor".
             Required by "Unity.RenderPipeline.Universal.ShaderLibrary".
             Required by "Unity.Collections.Editor".
             Required by "Unity.Serialization.Editor".
             Required by "Unity.ShaderGraph.Editor".
             Required by "Unity.Settings.Editor".
             Required by "UnityEditor.UI".
             Required by "Unity.InferenceEngine".
             Required by "Unity.Multiplayer.Playmode".
         Dependency "Unity.CompilationPipeline.Common, Version=2022.2.0.1, Culture=neutral, PublicKeyToken=null".
             Could not resolve this reference. Could not locate the assembly "Unity.CompilationPipeline.Common, Version=2022.2.0.1, Culture=neutral, PublicKeyToken=null". Check to make sure the assembly exists on disk. If this reference is required by your code, you may get compilation errors.
                 For SearchPath "C:\Program Files\Unity\Hub\Editor\6000.2.0f1\Editor\Data\Managed\UnityEngine".
                 Considered "C:\Program Files\Unity\Hub\Editor\6000.2.0f1\Editor\Data\Managed\UnityEngine\Unity.CompilationPipeline.Common.winmd", but it didn't exist.
                 Considered "C:\Program Files\Unity\Hub\Editor\6000.2.0f1\Editor\Data\Managed\UnityEngine\Unity.CompilationPipeline.Common.dll", but it didn't exist.
                 Considered "C:\Program Files\Unity\Hub\Editor\6000.2.0f1\Editor\Data\Managed\UnityEngine\Unity.CompilationPipeline.Common.exe", but it didn't exist.
                 For SearchPath "{TargetFrameworkDirectory}".
                 Considered "C:\Program Files (x86)\Reference Assemblies\Microsoft\Framework\.NETFramework\v4.7.1\Unity.CompilationPipeline.Common.winmd", but it didn't exist.
                 Considered "C:\Program Files (x86)\Reference Assemblies\Microsoft\Framework\.NETFramework\v4.7.1\Unity.CompilationPipeline.Common.dll", but it didn't exist.
                 Considered "C:\Program Files (x86)\Reference Assemblies\Microsoft\Framework\.NETFramework\v4.7.1\Unity.CompilationPipeline.Common.exe", but it didn't exist.
                 For SearchPath "{Registry:Software\Microsoft\.NETFramework,v4.7.1,AssemblyFoldersEx}".
                 Considered AssemblyFoldersEx locations.
                 For SearchPath "{GAC}".
                 Considered "{GAC}\Unity.CompilationPipeline.Common.winmd", but it didn't exist.
                 Considered "{GAC}\Unity.CompilationPipeline.Common.dll", but it didn't exist.
                 Considered "{GAC}\Unity.CompilationPipeline.Common.exe", but it didn't exist.
                 For SearchPath "Temp\bin\Debug\".
                 Considered "Temp\bin\Debug\Unity.CompilationPipeline.Common.winmd", but it didn't exist.
                 Considered "Temp\bin\Debug\Unity.CompilationPipeline.Common.dll", but it didn't exist.
                 Considered "Temp\bin\Debug\Unity.CompilationPipeline.Common.exe", but it didn't exist.
             Required by "UnityEditor.CoreModule".
             Required by "UnityEditor".
             Required by "UnityEditor.AccessibilityModule".
             Required by "UnityEditor.AdaptivePerformanceModule".
             Required by "UnityEditor.BuildProfileModule".
             Required by "UnityEditor.ClothModule".
             Required by "UnityEditor.DeviceSimulatorModule".
             Required by "UnityEditor.DiagnosticsModule".
             Required by "UnityEditor.EditorToolbarModule".
             Required by "UnityEditor.GraphViewModule".
             Required by "UnityEditor.GridAndSnapModule".
             Required by "UnityEditor.GridModule".
             Required by "UnityEditor.MultiplayerModule".
             Required by "UnityEditor.Physics2DModule".
             Required by "UnityEditor.PhysicsModule".
             Required by "UnityEditor.PresetsUIModule".
             Required by "UnityEditor.QuickSearchModule".
             Required by "UnityEditor.SafeModeModule".
             Required by "UnityEditor.SceneTemplateModule".
             Required by "UnityEditor.SceneViewModule".
             Required by "UnityEditor.SketchUpModule".
             Required by "UnityEditor.SpriteMaskModule".
             Required by "UnityEditor.SpriteShapeModule".
             Required by "UnityEditor.TerrainModule".
             Required by "UnityEditor.TextCoreTextEngineModule".
             Required by "UnityEditor.TextRenderingModule".
             Required by "UnityEditor.TilemapModule".
             Required by "UnityEditor.TreeModule".
             Required by "UnityEditor.UIAutomationModule".
             Required by "UnityEditor.UIBuilderModule".
             Required by "UnityEditor.UIElementsModule".
             Required by "UnityEditor.UIElementsSamplesModule".
             Required by "UnityEditor.UnityConnectModule".
             Required by "UnityEditor.VFXModule".
             Required by "UnityEditor.VideoModule".
             Required by "UnityEditor.XRModule".
             Required by "Unity.2D.Common.Path.Editor".
             Required by "Unity.2D.Sprite.Editor".
             Required by "Unity.TextMeshPro".
             Required by "Unity.Services.QoS".
             Required by "Unity.Services.Core".
             Required by "Unity.Netcode.Runtime".
             Required by "Unity.Multiplayer.PlayMode.Analytics.Editor".
             Required by "Unity.VisualScripting.SettingsProvider.Editor".
             Required by "Unity.Networking.Editor".
             Required by "Unity.2D.Enhancers.Editor.AIBridge".
             Required by "Unity.Splines.Editor".
             Required by "Unity.2D.Common.Editor".
             Required by "Unity.Addressables".
             Required by "Unity.InternalAPIEditorBridge.001".
             Required by "Unity.2D.Animation.Runtime".
             Required by "Unity.RenderPipelines.Universal.2D.Runtime".
             Required by "Unity.Services.Core.Components".
             Required by "Unity.2D.Aseprite.Common".
             Required by "Unity.Rendering.LightTransport.Editor".
             Required by "Unity.Services.Authentication".
             Required by "Unity.Rider.Editor".
             Required by "Unity.2D.Aseprite.Editor".
             Required by "Unity.AI.Assistant.Bridge.Editor".
             Required by "Unity.Services.Lobbies".
             Required by "Unity.InferenceEngine.Editor".
             Required by "Unity.Services.Authentication.Editor.Shared".
             Required by "Unity.TextMeshPro.Editor".
             Required by "Unity.2D.Tilemap.Extras.Editor".
             Required by "Unity.Services.Authentication.PlayerAccounts".
             Required by "Unity.VisualStudio.Editor".
             Required by "Unity.2D.Tilemap.Editor".
             Required by "Unity.InputSystem.ForUI".
             Required by "Unity.RenderPipelines.GPUDriven.Runtime".
             Required by "Unity.VisualScripting.State.Editor".
             Required by "UnityEngine.UI".
             Required by "Unity.VisualScripting.Flow".
             Required by "Unity.Services.Core.Environments".
             Required by "Unity.RenderPipelines.Universal.Runtime".
             Required by "Unity.AppUI".
             Required by "Unity.2D.Sprite.AIIntegration.Editor".
             Required by "Unity.2D.Enhancers.Editor".
             Required by "Unity.InputSystem".
             Required by "Unity.2D.SpriteShape.Editor".
             Required by "Unity.Splines".
             Required by "Unity.Addressables.Editor".
             Required by "Unity.AppUI.Redux".
             Required by "Unity.InferenceEngine.ONNX.Editor".
             Required by "Unity.Netcode.Editor".
             Required by "Unity.RenderPipelines.Core.Editor".
             Required by "Unity.2D.IK.Runtime".
             Required by "Unity.2D.Animation.Editor".
             Required by "Unity.RenderPipelines.Universal.Editor".
             Required by "Unity.Multiplayer.PlayMode.Scenarios.Editor".
             Required by "Unity.Timeline".
             Required by "Unity.Multiplayer.PlayMode.Editor.Bridge".
             Required by "Unity.VisualScripting.Shared.Editor".
             Required by "Unity.ScriptableBuildPipeline.Editor".
             Required by "Unity.Searcher.Editor".
             Required by "Unity.PlasticSCM.Editor".
             Required by "Unity.Burst.Editor".
             Required by "Unity.VisualScripting.Core".
             Required by "Unity.Mathematics.Editor".
             Required by "Unity.Cinemachine.Editor".
             Required by "Unity.Cinemachine".
             Required by "Unity.Services.Core.Analytics".
             Required by "Unity.Multiplayer.Center.NetcodeForGameObjectsExample".
             Required by "Unity.2D.Psdimporter.Editor".
             Required by "Unity.RenderPipelines.Core.Runtime".
             Required by "Unity.RenderPipelines.Core.Runtime.Shared".
             Required by "Unity.RenderPipelines.Universal.Config.Runtime".
             Required by "Unity.Services.Relay".
             Required by "Unity.2D.Tilemap.Extras".
             Required by "Unity.VisualScripting.Flow.Editor".
             Required by "Unity.2D.IK.Editor".
             Required by "Unity.2D.SpriteShape.Runtime".
             Required by "Unity.ResourceManager".
             Required by "Unity.Collections".
             Required by "Unity.Networking.Transport".
             Required by "Unity.AI.Assistant.Agent.Dynamic.Extension.Editor".
             Required by "Unity.Timeline.Editor".
             Required by "Unity.AppUI.Editor".
             Required by "Unity.Serialization".
             Required by "Unity.Multiplayer.PlayMode.Configurations.Editor".
             Required by "Unity.Multiplayer.Center.Integrations".
             Required by "Unity.Burst".
             Required by "PsdPlugin".
             Required by "Unity.VisualScripting.Core.Editor".
             Required by "Unity.Multiplayer.Center.Editor".
             Required by "Unity.Rendering.LightTransport.Runtime".
             Required by "Unity.VisualScripting.State".
             Required by "Unity.AppUI.Navigation.Editor".
             Required by "Unity.RenderPipeline.Universal.ShaderLibrary".
             Required by "Unity.Collections.Editor".
             Required by "Unity.Serialization.Editor".
             Required by "Unity.ShaderGraph.Editor".
             Required by "Unity.Settings.Editor".
             Required by "UnityEditor.UI".
             Required by "Unity.InferenceEngine".
             Required by "Unity.Multiplayer.Playmode".
         Dependency "ScriptCompilationBuildProgram.Data, Version=0.0.0.0, Culture=neutral, PublicKeyToken=null".
             Could not resolve this reference. Could not locate the assembly "ScriptCompilationBuildProgram.Data, Version=0.0.0.0, Culture=neutral, PublicKeyToken=null". Check to make sure the assembly exists on disk. If this reference is required by your code, you may get compilation errors.
                 For SearchPath "C:\Program Files\Unity\Hub\Editor\6000.2.0f1\Editor\Data\Managed\UnityEngine".
                 Considered "C:\Program Files\Unity\Hub\Editor\6000.2.0f1\Editor\Data\Managed\UnityEngine\ScriptCompilationBuildProgram.Data.winmd", but it didn't exist.
                 Considered "C:\Program Files\Unity\Hub\Editor\6000.2.0f1\Editor\Data\Managed\UnityEngine\ScriptCompilationBuildProgram.Data.dll", but it didn't exist.
                 Considered "C:\Program Files\Unity\Hub\Editor\6000.2.0f1\Editor\Data\Managed\UnityEngine\ScriptCompilationBuildProgram.Data.exe", but it didn't exist.
                 For SearchPath "{TargetFrameworkDirectory}".
                 Considered "C:\Program Files (x86)\Reference Assemblies\Microsoft\Framework\.NETFramework\v4.7.1\ScriptCompilationBuildProgram.Data.winmd", but it didn't exist.
                 Considered "C:\Program Files (x86)\Reference Assemblies\Microsoft\Framework\.NETFramework\v4.7.1\ScriptCompilationBuildProgram.Data.dll", but it didn't exist.
                 Considered "C:\Program Files (x86)\Reference Assemblies\Microsoft\Framework\.NETFramework\v4.7.1\ScriptCompilationBuildProgram.Data.exe", but it didn't exist.
                 For SearchPath "{Registry:Software\Microsoft\.NETFramework,v4.7.1,AssemblyFoldersEx}".
                 Considered AssemblyFoldersEx locations.
                 For SearchPath "{GAC}".
                 Considered "{GAC}\ScriptCompilationBuildProgram.Data.winmd", but it didn't exist.
                 Considered "{GAC}\ScriptCompilationBuildProgram.Data.dll", but it didn't exist.
                 Considered "{GAC}\ScriptCompilationBuildProgram.Data.exe", but it didn't exist.
                 For SearchPath "Temp\bin\Debug\".
                 Considered "Temp\bin\Debug\ScriptCompilationBuildProgram.Data.winmd", but it didn't exist.
                 Considered "Temp\bin\Debug\ScriptCompilationBuildProgram.Data.dll", but it didn't exist.
                 Considered "Temp\bin\Debug\ScriptCompilationBuildProgram.Data.exe", but it didn't exist.
             Required by "UnityEditor.CoreModule".
             Required by "UnityEditor".
             Required by "UnityEditor.AccessibilityModule".
             Required by "UnityEditor.AdaptivePerformanceModule".
             Required by "UnityEditor.BuildProfileModule".
             Required by "UnityEditor.ClothModule".
             Required by "UnityEditor.DeviceSimulatorModule".
             Required by "UnityEditor.DiagnosticsModule".
             Required by "UnityEditor.EditorToolbarModule".
             Required by "UnityEditor.GraphViewModule".
             Required by "UnityEditor.GridAndSnapModule".
             Required by "UnityEditor.GridModule".
             Required by "UnityEditor.MultiplayerModule".
             Required by "UnityEditor.Physics2DModule".
             Required by "UnityEditor.PhysicsModule".
             Required by "UnityEditor.PresetsUIModule".
             Required by "UnityEditor.QuickSearchModule".
             Required by "UnityEditor.SafeModeModule".
             Required by "UnityEditor.SceneTemplateModule".
             Required by "UnityEditor.SceneViewModule".
             Required by "UnityEditor.SketchUpModule".
             Required by "UnityEditor.SpriteMaskModule".
             Required by "UnityEditor.SpriteShapeModule".
             Required by "UnityEditor.TerrainModule".
             Required by "UnityEditor.TextCoreTextEngineModule".
             Required by "UnityEditor.TextRenderingModule".
             Required by "UnityEditor.TilemapModule".
             Required by "UnityEditor.TreeModule".
             Required by "UnityEditor.UIAutomationModule".
             Required by "UnityEditor.UIBuilderModule".
             Required by "UnityEditor.UIElementsModule".
             Required by "UnityEditor.UIElementsSamplesModule".
             Required by "UnityEditor.UnityConnectModule".
             Required by "UnityEditor.VFXModule".
             Required by "UnityEditor.VideoModule".
             Required by "UnityEditor.XRModule".
             Required by "Unity.2D.Common.Path.Editor".
             Required by "Unity.2D.Sprite.Editor".
             Required by "Unity.TextMeshPro".
             Required by "Unity.Services.QoS".
             Required by "Unity.Services.Core".
             Required by "Unity.Netcode.Runtime".
             Required by "Unity.Multiplayer.PlayMode.Analytics.Editor".
             Required by "Unity.VisualScripting.SettingsProvider.Editor".
             Required by "Unity.Networking.Editor".
             Required by "Unity.2D.Enhancers.Editor.AIBridge".
             Required by "Unity.Splines.Editor".
             Required by "Unity.2D.Common.Editor".
             Required by "Unity.Addressables".
             Required by "Unity.InternalAPIEditorBridge.001".
             Required by "Unity.2D.Animation.Runtime".
             Required by "Unity.RenderPipelines.Universal.2D.Runtime".
             Required by "Unity.Services.Core.Components".
             Required by "Unity.2D.Aseprite.Common".
             Required by "Unity.Rendering.LightTransport.Editor".
             Required by "Unity.Services.Authentication".
             Required by "Unity.Rider.Editor".
             Required by "Unity.2D.Aseprite.Editor".
             Required by "Unity.AI.Assistant.Bridge.Editor".
             Required by "Unity.Services.Lobbies".
             Required by "Unity.InferenceEngine.Editor".
             Required by "Unity.Services.Authentication.Editor.Shared".
             Required by "Unity.TextMeshPro.Editor".
             Required by "Unity.2D.Tilemap.Extras.Editor".
             Required by "Unity.Services.Authentication.PlayerAccounts".
             Required by "Unity.VisualStudio.Editor".
             Required by "Unity.2D.Tilemap.Editor".
             Required by "Unity.InputSystem.ForUI".
             Required by "Unity.RenderPipelines.GPUDriven.Runtime".
             Required by "Unity.VisualScripting.State.Editor".
             Required by "UnityEngine.UI".
             Required by "Unity.VisualScripting.Flow".
             Required by "Unity.Services.Core.Environments".
             Required by "Unity.RenderPipelines.Universal.Runtime".
             Required by "Unity.AppUI".
             Required by "Unity.2D.Sprite.AIIntegration.Editor".
             Required by "Unity.2D.Enhancers.Editor".
             Required by "Unity.InputSystem".
             Required by "Unity.2D.SpriteShape.Editor".
             Required by "Unity.Splines".
             Required by "Unity.Addressables.Editor".
             Required by "Unity.AppUI.Redux".
             Required by "Unity.InferenceEngine.ONNX.Editor".
             Required by "Unity.Netcode.Editor".
             Required by "Unity.RenderPipelines.Core.Editor".
             Required by "Unity.2D.IK.Runtime".
             Required by "Unity.2D.Animation.Editor".
             Required by "Unity.RenderPipelines.Universal.Editor".
             Required by "Unity.Multiplayer.PlayMode.Scenarios.Editor".
             Required by "Unity.Timeline".
             Required by "Unity.Multiplayer.PlayMode.Editor.Bridge".
             Required by "Unity.VisualScripting.Shared.Editor".
             Required by "Unity.ScriptableBuildPipeline.Editor".
             Required by "Unity.Searcher.Editor".
             Required by "Unity.PlasticSCM.Editor".
             Required by "Unity.Burst.Editor".
             Required by "Unity.VisualScripting.Core".
             Required by "Unity.Mathematics.Editor".
             Required by "Unity.Cinemachine.Editor".
             Required by "Unity.Cinemachine".
             Required by "Unity.Services.Core.Analytics".
             Required by "Unity.Multiplayer.Center.NetcodeForGameObjectsExample".
             Required by "Unity.2D.Psdimporter.Editor".
             Required by "Unity.RenderPipelines.Core.Runtime".
             Required by "Unity.RenderPipelines.Core.Runtime.Shared".
             Required by "Unity.RenderPipelines.Universal.Config.Runtime".
             Required by "Unity.Services.Relay".
             Required by "Unity.2D.Tilemap.Extras".
             Required by "Unity.VisualScripting.Flow.Editor".
             Required by "Unity.2D.IK.Editor".
             Required by "Unity.2D.SpriteShape.Runtime".
             Required by "Unity.ResourceManager".
             Required by "Unity.Collections".
             Required by "Unity.Networking.Transport".
             Required by "Unity.AI.Assistant.Agent.Dynamic.Extension.Editor".
             Required by "Unity.Timeline.Editor".
             Required by "Unity.AppUI.Editor".
             Required by "Unity.Serialization".
             Required by "Unity.Multiplayer.PlayMode.Configurations.Editor".
             Required by "Unity.Multiplayer.Center.Integrations".
             Required by "Unity.Burst".
             Required by "PsdPlugin".
             Required by "Unity.VisualScripting.Core.Editor".
             Required by "Unity.Multiplayer.Center.Editor".
             Required by "Unity.Rendering.LightTransport.Runtime".
             Required by "Unity.VisualScripting.State".
             Required by "Unity.AppUI.Navigation.Editor".
             Required by "Unity.RenderPipeline.Universal.ShaderLibrary".
             Required by "Unity.Collections.Editor".
             Required by "Unity.Serialization.Editor".
             Required by "Unity.ShaderGraph.Editor".
             Required by "Unity.Settings.Editor".
             Required by "UnityEditor.UI".
             Required by "Unity.InferenceEngine".
             Required by "Unity.Multiplayer.Playmode".
         Dependency "BeeBuildProgramCommon.Data, Version=0.0.0.0, Culture=neutral, PublicKeyToken=null".
             Could not resolve this reference. Could not locate the assembly "BeeBuildProgramCommon.Data, Version=0.0.0.0, Culture=neutral, PublicKeyToken=null". Check to make sure the assembly exists on disk. If this reference is required by your code, you may get compilation errors.
                 For SearchPath "C:\Program Files\Unity\Hub\Editor\6000.2.0f1\Editor\Data\Managed\UnityEngine".
                 Considered "C:\Program Files\Unity\Hub\Editor\6000.2.0f1\Editor\Data\Managed\UnityEngine\BeeBuildProgramCommon.Data.winmd", but it didn't exist.
                 Considered "C:\Program Files\Unity\Hub\Editor\6000.2.0f1\Editor\Data\Managed\UnityEngine\BeeBuildProgramCommon.Data.dll", but it didn't exist.
                 Considered "C:\Program Files\Unity\Hub\Editor\6000.2.0f1\Editor\Data\Managed\UnityEngine\BeeBuildProgramCommon.Data.exe", but it didn't exist.
                 For SearchPath "{TargetFrameworkDirectory}".
                 Considered "C:\Program Files (x86)\Reference Assemblies\Microsoft\Framework\.NETFramework\v4.7.1\BeeBuildProgramCommon.Data.winmd", but it didn't exist.
                 Considered "C:\Program Files (x86)\Reference Assemblies\Microsoft\Framework\.NETFramework\v4.7.1\BeeBuildProgramCommon.Data.dll", but it didn't exist.
                 Considered "C:\Program Files (x86)\Reference Assemblies\Microsoft\Framework\.NETFramework\v4.7.1\BeeBuildProgramCommon.Data.exe", but it didn't exist.
                 For SearchPath "{Registry:Software\Microsoft\.NETFramework,v4.7.1,AssemblyFoldersEx}".
                 Considered AssemblyFoldersEx locations.
                 For SearchPath "{GAC}".
                 Considered "{GAC}\BeeBuildProgramCommon.Data.winmd", but it didn't exist.
                 Considered "{GAC}\BeeBuildProgramCommon.Data.dll", but it didn't exist.
                 Considered "{GAC}\BeeBuildProgramCommon.Data.exe", but it didn't exist.
                 For SearchPath "Temp\bin\Debug\".
                 Considered "Temp\bin\Debug\BeeBuildProgramCommon.Data.winmd", but it didn't exist.
                 Considered "Temp\bin\Debug\BeeBuildProgramCommon.Data.dll", but it didn't exist.
                 Considered "Temp\bin\Debug\BeeBuildProgramCommon.Data.exe", but it didn't exist.
             Required by "UnityEditor.CoreModule".
             Required by "UnityEditor".
             Required by "UnityEditor.AccessibilityModule".
             Required by "UnityEditor.AdaptivePerformanceModule".
             Required by "UnityEditor.BuildProfileModule".
             Required by "UnityEditor.ClothModule".
             Required by "UnityEditor.DeviceSimulatorModule".
             Required by "UnityEditor.DiagnosticsModule".
             Required by "UnityEditor.EditorToolbarModule".
             Required by "UnityEditor.GraphViewModule".
             Required by "UnityEditor.GridAndSnapModule".
             Required by "UnityEditor.GridModule".
             Required by "UnityEditor.MultiplayerModule".
             Required by "UnityEditor.Physics2DModule".
             Required by "UnityEditor.PhysicsModule".
             Required by "UnityEditor.PresetsUIModule".
             Required by "UnityEditor.QuickSearchModule".
             Required by "UnityEditor.SafeModeModule".
             Required by "UnityEditor.SceneTemplateModule".
             Required by "UnityEditor.SceneViewModule".
             Required by "UnityEditor.SketchUpModule".
             Required by "UnityEditor.SpriteMaskModule".
             Required by "UnityEditor.SpriteShapeModule".
             Required by "UnityEditor.TerrainModule".
             Required by "UnityEditor.TextCoreTextEngineModule".
             Required by "UnityEditor.TextRenderingModule".
             Required by "UnityEditor.TilemapModule".
             Required by "UnityEditor.TreeModule".
             Required by "UnityEditor.UIAutomationModule".
             Required by "UnityEditor.UIBuilderModule".
             Required by "UnityEditor.UIElementsModule".
             Required by "UnityEditor.UIElementsSamplesModule".
             Required by "UnityEditor.UnityConnectModule".
             Required by "UnityEditor.VFXModule".
             Required by "UnityEditor.VideoModule".
             Required by "UnityEditor.XRModule".
             Required by "Unity.2D.Common.Path.Editor".
             Required by "Unity.2D.Sprite.Editor".
             Required by "Unity.TextMeshPro".
             Required by "Unity.Services.QoS".
             Required by "Unity.Services.Core".
             Required by "Unity.Netcode.Runtime".
             Required by "Unity.Multiplayer.PlayMode.Analytics.Editor".
             Required by "Unity.VisualScripting.SettingsProvider.Editor".
             Required by "Unity.Networking.Editor".
             Required by "Unity.2D.Enhancers.Editor.AIBridge".
             Required by "Unity.Splines.Editor".
             Required by "Unity.2D.Common.Editor".
             Required by "Unity.Addressables".
             Required by "Unity.InternalAPIEditorBridge.001".
             Required by "Unity.2D.Animation.Runtime".
             Required by "Unity.RenderPipelines.Universal.2D.Runtime".
             Required by "Unity.Services.Core.Components".
             Required by "Unity.2D.Aseprite.Common".
             Required by "Unity.Rendering.LightTransport.Editor".
             Required by "Unity.Services.Authentication".
             Required by "Unity.Rider.Editor".
             Required by "Unity.2D.Aseprite.Editor".
             Required by "Unity.AI.Assistant.Bridge.Editor".
             Required by "Unity.Services.Lobbies".
             Required by "Unity.InferenceEngine.Editor".
             Required by "Unity.Services.Authentication.Editor.Shared".
             Required by "Unity.TextMeshPro.Editor".
             Required by "Unity.2D.Tilemap.Extras.Editor".
             Required by "Unity.Services.Authentication.PlayerAccounts".
             Required by "Unity.VisualStudio.Editor".
             Required by "Unity.2D.Tilemap.Editor".
             Required by "Unity.InputSystem.ForUI".
             Required by "Unity.RenderPipelines.GPUDriven.Runtime".
             Required by "Unity.VisualScripting.State.Editor".
             Required by "UnityEngine.UI".
             Required by "Unity.VisualScripting.Flow".
             Required by "Unity.Services.Core.Environments".
             Required by "Unity.RenderPipelines.Universal.Runtime".
             Required by "Unity.AppUI".
             Required by "Unity.2D.Sprite.AIIntegration.Editor".
             Required by "Unity.2D.Enhancers.Editor".
             Required by "Unity.InputSystem".
             Required by "Unity.2D.SpriteShape.Editor".
             Required by "Unity.Splines".
             Required by "Unity.Addressables.Editor".
             Required by "Unity.AppUI.Redux".
             Required by "Unity.InferenceEngine.ONNX.Editor".
             Required by "Unity.Netcode.Editor".
             Required by "Unity.RenderPipelines.Core.Editor".
             Required by "Unity.2D.IK.Runtime".
             Required by "Unity.2D.Animation.Editor".
             Required by "Unity.RenderPipelines.Universal.Editor".
             Required by "Unity.Multiplayer.PlayMode.Scenarios.Editor".
             Required by "Unity.Timeline".
             Required by "Unity.Multiplayer.PlayMode.Editor.Bridge".
             Required by "Unity.VisualScripting.Shared.Editor".
             Required by "Unity.ScriptableBuildPipeline.Editor".
             Required by "Unity.Searcher.Editor".
             Required by "Unity.PlasticSCM.Editor".
             Required by "Unity.Burst.Editor".
             Required by "Unity.VisualScripting.Core".
             Required by "Unity.Mathematics.Editor".
             Required by "Unity.Cinemachine.Editor".
             Required by "Unity.Cinemachine".
             Required by "Unity.Services.Core.Analytics".
             Required by "Unity.Multiplayer.Center.NetcodeForGameObjectsExample".
             Required by "Unity.2D.Psdimporter.Editor".
             Required by "Unity.RenderPipelines.Core.Runtime".
             Required by "Unity.RenderPipelines.Core.Runtime.Shared".
             Required by "Unity.RenderPipelines.Universal.Config.Runtime".
             Required by "Unity.Services.Relay".
             Required by "Unity.2D.Tilemap.Extras".
             Required by "Unity.VisualScripting.Flow.Editor".
             Required by "Unity.2D.IK.Editor".
             Required by "Unity.2D.SpriteShape.Runtime".
             Required by "Unity.ResourceManager".
             Required by "Unity.Collections".
             Required by "Unity.Networking.Transport".
             Required by "Unity.AI.Assistant.Agent.Dynamic.Extension.Editor".
             Required by "Unity.Timeline.Editor".
             Required by "Unity.AppUI.Editor".
             Required by "Unity.Serialization".
             Required by "Unity.Multiplayer.PlayMode.Configurations.Editor".
             Required by "Unity.Multiplayer.Center.Integrations".
             Required by "Unity.Burst".
             Required by "PsdPlugin".
             Required by "Unity.VisualScripting.Core.Editor".
             Required by "Unity.Multiplayer.Center.Editor".
             Required by "Unity.Rendering.LightTransport.Runtime".
             Required by "Unity.VisualScripting.State".
             Required by "Unity.AppUI.Navigation.Editor".
             Required by "Unity.RenderPipeline.Universal.ShaderLibrary".
             Required by "Unity.Collections.Editor".
             Required by "Unity.Serialization.Editor".
             Required by "Unity.ShaderGraph.Editor".
             Required by "Unity.Settings.Editor".
             Required by "UnityEditor.UI".
             Required by "Unity.InferenceEngine".
             Required by "Unity.Multiplayer.Playmode".
         Dependency "Unity.Services.Core.Internal, Version=0.0.0.0, Culture=neutral, PublicKeyToken=null".
             Resolved file path is "C:\Users\germa\Desktop\Kavkazim\kavkazim\Library\ScriptAssemblies\Unity.Services.Core.Internal.dll".
             Reference found at search path location "C:\Users\germa\Desktop\Kavkazim\kavkazim\Library\ScriptAssemblies".
                 For SearchPath "C:\Users\germa\Desktop\Kavkazim\kavkazim\Library\ScriptAssemblies".
                 Considered "C:\Users\germa\Desktop\Kavkazim\kavkazim\Library\ScriptAssemblies\Unity.Services.Core.Internal.winmd", but it didn't exist.
             Required by "Unity.Services.QoS".
             Required by "Unity.Services.Core.Components".
             Required by "Unity.Services.Authentication".
             Required by "Unity.Services.Lobbies".
             Required by "Unity.Services.Authentication.Editor.Shared".
             Required by "Unity.Services.Authentication.PlayerAccounts".
             Required by "Unity.Netcode.Editor".
             Required by "Unity.Services.Relay".
             Required by "Unity.Networking.Transport".
             Required by "Unity.Netcode.Runtime".
             Required by "Unity.Multiplayer.Center.NetcodeForGameObjectsExample".
             Required by "Unity.Multiplayer.Center.Integrations".
             Found related file "C:\Users\germa\Desktop\Kavkazim\kavkazim\Library\ScriptAssemblies\Unity.Services.Core.Internal.pdb".
             This reference is not "CopyLocal" because at least one source item had "Private" set to "false" and no source items had "Private" set to "true".
         Dependency "Unity.AI.Image, Version=0.0.0.0, Culture=neutral, PublicKeyToken=null".
             Resolved file path is "C:\Users\germa\Desktop\Kavkazim\kavkazim\Library\ScriptAssemblies\Unity.AI.Image.dll".
             Reference found at search path location "C:\Users\germa\Desktop\Kavkazim\kavkazim\Library\ScriptAssemblies".
                 For SearchPath "C:\Users\germa\Desktop\Kavkazim\kavkazim\Library\ScriptAssemblies".
                 Considered "C:\Users\germa\Desktop\Kavkazim\kavkazim\Library\ScriptAssemblies\Unity.AI.Image.winmd", but it didn't exist.
             Required by "Unity.2D.Enhancers.Editor.AIBridge".
             Required by "Unity.2D.Enhancers.Editor".
             Found related file "C:\Users\germa\Desktop\Kavkazim\kavkazim\Library\ScriptAssemblies\Unity.AI.Image.pdb".
             This reference is not "CopyLocal" because at least one source item had "Private" set to "false" and no source items had "Private" set to "true".
         Dependency "UnityEngine.TestRunner, Version=1.0.0.0, Culture=neutral, PublicKeyToken=null".
             Resolved file path is "C:\Users\germa\Desktop\Kavkazim\kavkazim\Library\ScriptAssemblies\UnityEngine.TestRunner.dll".
             Reference found at search path location "C:\Users\germa\Desktop\Kavkazim\kavkazim\Library\ScriptAssemblies".
                 For SearchPath "C:\Users\germa\Desktop\Kavkazim\kavkazim\Library\ScriptAssemblies".
                 Considered "C:\Users\germa\Desktop\Kavkazim\kavkazim\Library\ScriptAssemblies\UnityEngine.TestRunner.winmd", but it didn't exist.
             Required by "Unity.Rider.Editor".
             Required by "Unity.VisualStudio.Editor".
             Found related file "C:\Users\germa\Desktop\Kavkazim\kavkazim\Library\ScriptAssemblies\UnityEngine.TestRunner.pdb".
             This reference is not "CopyLocal" because at least one source item had "Private" set to "false" and no source items had "Private" set to "true".
         Dependency "JetBrains.Rider.PathLocator, Version=1.0.12.0, Culture=neutral, PublicKeyToken=null".
             Could not resolve this reference. Could not locate the assembly "JetBrains.Rider.PathLocator, Version=1.0.12.0, Culture=neutral, PublicKeyToken=null". Check to make sure the assembly exists on disk. If this reference is required by your code, you may get compilation errors.
                 For SearchPath "C:\Users\germa\Desktop\Kavkazim\kavkazim\Library\ScriptAssemblies".
                 Considered "C:\Users\germa\Desktop\Kavkazim\kavkazim\Library\ScriptAssemblies\JetBrains.Rider.PathLocator.winmd", but it didn't exist.
                 Considered "C:\Users\germa\Desktop\Kavkazim\kavkazim\Library\ScriptAssemblies\JetBrains.Rider.PathLocator.dll", but it didn't exist.
                 Considered "C:\Users\germa\Desktop\Kavkazim\kavkazim\Library\ScriptAssemblies\JetBrains.Rider.PathLocator.exe", but it didn't exist.
                 For SearchPath "{TargetFrameworkDirectory}".
                 Considered "C:\Program Files (x86)\Reference Assemblies\Microsoft\Framework\.NETFramework\v4.7.1\JetBrains.Rider.PathLocator.winmd", but it didn't exist.
                 Considered "C:\Program Files (x86)\Reference Assemblies\Microsoft\Framework\.NETFramework\v4.7.1\JetBrains.Rider.PathLocator.dll", but it didn't exist.
                 Considered "C:\Program Files (x86)\Reference Assemblies\Microsoft\Framework\.NETFramework\v4.7.1\JetBrains.Rider.PathLocator.exe", but it didn't exist.
                 For SearchPath "{Registry:Software\Microsoft\.NETFramework,v4.7.1,AssemblyFoldersEx}".
                 Considered AssemblyFoldersEx locations.
                 For SearchPath "{GAC}".
                 Considered "{GAC}\JetBrains.Rider.PathLocator.winmd", but it didn't exist.
                 Considered "{GAC}\JetBrains.Rider.PathLocator.dll", but it didn't exist.
                 Considered "{GAC}\JetBrains.Rider.PathLocator.exe", but it didn't exist.
                 For SearchPath "Temp\bin\Debug\".
                 Considered "Temp\bin\Debug\JetBrains.Rider.PathLocator.winmd", but it didn't exist.
                 Considered "Temp\bin\Debug\JetBrains.Rider.PathLocator.dll", but it didn't exist.
                 Considered "Temp\bin\Debug\JetBrains.Rider.PathLocator.exe", but it didn't exist.
             Required by "Unity.Rider.Editor".
         Dependency "UnityEditor.TestRunner, Version=1.0.0.0, Culture=neutral, PublicKeyToken=null".
             Resolved file path is "C:\Users\germa\Desktop\Kavkazim\kavkazim\Library\ScriptAssemblies\UnityEditor.TestRunner.dll".
             Reference found at search path location "C:\Users\germa\Desktop\Kavkazim\kavkazim\Library\ScriptAssemblies".
                 For SearchPath "C:\Users\germa\Desktop\Kavkazim\kavkazim\Library\ScriptAssemblies".
                 Considered "C:\Users\germa\Desktop\Kavkazim\kavkazim\Library\ScriptAssemblies\UnityEditor.TestRunner.winmd", but it didn't exist.
             Required by "Unity.Rider.Editor".
             Required by "Unity.VisualStudio.Editor".
             Found related file "C:\Users\germa\Desktop\Kavkazim\kavkazim\Library\ScriptAssemblies\UnityEditor.TestRunner.pdb".
             This reference is not "CopyLocal" because at least one source item had "Private" set to "false" and no source items had "Private" set to "true".
         Dependency "Google.Protobuf_Packed, Version=3.21.12.0, Culture=neutral, PublicKeyToken=null".
             Could not resolve this reference. Could not locate the assembly "Google.Protobuf_Packed, Version=3.21.12.0, Culture=neutral, PublicKeyToken=null". Check to make sure the assembly exists on disk. If this reference is required by your code, you may get compilation errors.
                 For SearchPath "C:\Users\germa\Desktop\Kavkazim\kavkazim\Library\ScriptAssemblies".
                 Considered "C:\Users\germa\Desktop\Kavkazim\kavkazim\Library\ScriptAssemblies\Google.Protobuf_Packed.winmd", but it didn't exist.
                 Considered "C:\Users\germa\Desktop\Kavkazim\kavkazim\Library\ScriptAssemblies\Google.Protobuf_Packed.dll", but it didn't exist.
                 Considered "C:\Users\germa\Desktop\Kavkazim\kavkazim\Library\ScriptAssemblies\Google.Protobuf_Packed.exe", but it didn't exist.
                 For SearchPath "{TargetFrameworkDirectory}".
                 Considered "C:\Program Files (x86)\Reference Assemblies\Microsoft\Framework\.NETFramework\v4.7.1\Google.Protobuf_Packed.winmd", but it didn't exist.
                 Considered "C:\Program Files (x86)\Reference Assemblies\Microsoft\Framework\.NETFramework\v4.7.1\Google.Protobuf_Packed.dll", but it didn't exist.
                 Considered "C:\Program Files (x86)\Reference Assemblies\Microsoft\Framework\.NETFramework\v4.7.1\Google.Protobuf_Packed.exe", but it didn't exist.
                 For SearchPath "{Registry:Software\Microsoft\.NETFramework,v4.7.1,AssemblyFoldersEx}".
                 Considered AssemblyFoldersEx locations.
                 For SearchPath "{GAC}".
                 Considered "{GAC}\Google.Protobuf_Packed.winmd", but it didn't exist.
                 Considered "{GAC}\Google.Protobuf_Packed.dll", but it didn't exist.
                 Considered "{GAC}\Google.Protobuf_Packed.exe", but it didn't exist.
                 For SearchPath "Temp\bin\Debug\".
                 Considered "Temp\bin\Debug\Google.Protobuf_Packed.winmd", but it didn't exist.
                 Considered "Temp\bin\Debug\Google.Protobuf_Packed.dll", but it didn't exist.
                 Considered "Temp\bin\Debug\Google.Protobuf_Packed.exe", but it didn't exist.
             Required by "Unity.InferenceEngine.Editor".
         Dependency "Unity.InferenceEngine.Editor.Visualizer, Version=0.0.0.0, Culture=neutral, PublicKeyToken=null".
             Resolved file path is "C:\Users\germa\Desktop\Kavkazim\kavkazim\Library\ScriptAssemblies\Unity.InferenceEngine.Editor.Visualizer.dll".
             Reference found at search path location "C:\Users\germa\Desktop\Kavkazim\kavkazim\Library\ScriptAssemblies".
                 For SearchPath "C:\Users\germa\Desktop\Kavkazim\kavkazim\Library\ScriptAssemblies".
                 Considered "C:\Users\germa\Desktop\Kavkazim\kavkazim\Library\ScriptAssemblies\Unity.InferenceEngine.Editor.Visualizer.winmd", but it didn't exist.
             Required by "Unity.InferenceEngine.Editor".
             Found related file "C:\Users\germa\Desktop\Kavkazim\kavkazim\Library\ScriptAssemblies\Unity.InferenceEngine.Editor.Visualizer.pdb".
             This reference is not "CopyLocal" because at least one source item had "Private" set to "false" and no source items had "Private" set to "true".
         Dependency "Unity.Services.Authentication.Editor, Version=0.0.0.0, Culture=neutral, PublicKeyToken=null".
             Resolved file path is "C:\Users\germa\Desktop\Kavkazim\kavkazim\Library\ScriptAssemblies\Unity.Services.Authentication.Editor.dll".
             Reference found at search path location "C:\Users\germa\Desktop\Kavkazim\kavkazim\Library\ScriptAssemblies".
                 For SearchPath "C:\Users\germa\Desktop\Kavkazim\kavkazim\Library\ScriptAssemblies".
                 Considered "C:\Users\germa\Desktop\Kavkazim\kavkazim\Library\ScriptAssemblies\Unity.Services.Authentication.Editor.winmd", but it didn't exist.
             Required by "Unity.Services.Authentication.Editor.Shared".
             Found related file "C:\Users\germa\Desktop\Kavkazim\kavkazim\Library\ScriptAssemblies\Unity.Services.Authentication.Editor.pdb".
             This reference is not "CopyLocal" because at least one source item had "Private" set to "false" and no source items had "Private" set to "true".
         Dependency "Unity.AppUI.InternalAPIBridge, Version=0.0.0.0, Culture=neutral, PublicKeyToken=null".
             Resolved file path is "C:\Users\germa\Desktop\Kavkazim\kavkazim\Library\ScriptAssemblies\Unity.AppUI.InternalAPIBridge.dll".
             Reference found at search path location "C:\Users\germa\Desktop\Kavkazim\kavkazim\Library\ScriptAssemblies".
                 For SearchPath "C:\Users\germa\Desktop\Kavkazim\kavkazim\Library\ScriptAssemblies".
                 Considered "C:\Users\germa\Desktop\Kavkazim\kavkazim\Library\ScriptAssemblies\Unity.AppUI.InternalAPIBridge.winmd", but it didn't exist.
             Required by "Unity.AppUI".
             Required by "Unity.AppUI.Redux".
             Required by "Unity.AppUI.Editor".
             Required by "Unity.InferenceEngine.Editor".
             Required by "Unity.AppUI.Navigation.Editor".
             Found related file "C:\Users\germa\Desktop\Kavkazim\kavkazim\Library\ScriptAssemblies\Unity.AppUI.InternalAPIBridge.pdb".
             This reference is not "CopyLocal" because at least one source item had "Private" set to "false" and no source items had "Private" set to "true".
         Dependency "System.Net.Http, Version=4.2.0.0, Culture=neutral, PublicKeyToken=b03f5f7f11d50a3a".
             Could not resolve this reference. Could not locate the assembly "System.Net.Http, Version=4.2.0.0, Culture=neutral, PublicKeyToken=b03f5f7f11d50a3a". Check to make sure the assembly exists on disk. If this reference is required by your code, you may get compilation errors.
                 For SearchPath "C:\Users\germa\Desktop\Kavkazim\kavkazim\Library\ScriptAssemblies".
                 Considered "C:\Users\germa\Desktop\Kavkazim\kavkazim\Library\ScriptAssemblies\System.Net.Http.winmd", but it didn't exist.
                 Considered "C:\Users\germa\Desktop\Kavkazim\kavkazim\Library\ScriptAssemblies\System.Net.Http.dll", but it didn't exist.
                 Considered "C:\Users\germa\Desktop\Kavkazim\kavkazim\Library\ScriptAssemblies\System.Net.Http.exe", but it didn't exist.
                 Considered "C:\Users\germa\Desktop\Kavkazim\kavkazim\Library\ScriptAssemblies\System.Net.Http.winmd", but it didn't exist.
                 Considered "C:\Users\germa\Desktop\Kavkazim\kavkazim\Library\ScriptAssemblies\System.Net.Http.dll", but it didn't exist.
                 Considered "C:\Users\germa\Desktop\Kavkazim\kavkazim\Library\ScriptAssemblies\System.Net.Http.exe", but it didn't exist.
                 Considered "C:\Users\germa\Desktop\Kavkazim\kavkazim\Library\ScriptAssemblies\System.Net.Http.winmd", but it didn't exist.
                 Considered "C:\Users\germa\Desktop\Kavkazim\kavkazim\Library\ScriptAssemblies\System.Net.Http.dll", but it didn't exist.
                 Considered "C:\Users\germa\Desktop\Kavkazim\kavkazim\Library\ScriptAssemblies\System.Net.Http.exe", but it didn't exist.
                 Considered "C:\Users\germa\Desktop\Kavkazim\kavkazim\Library\ScriptAssemblies\System.Net.Http.winmd", but it didn't exist.
                 Considered "C:\Users\germa\Desktop\Kavkazim\kavkazim\Library\ScriptAssemblies\System.Net.Http.dll", but it didn't exist.
                 Considered "C:\Users\germa\Desktop\Kavkazim\kavkazim\Library\ScriptAssemblies\System.Net.Http.exe", but it didn't exist.
                 Considered "C:\Users\germa\Desktop\Kavkazim\kavkazim\Library\ScriptAssemblies\System.Net.Http.winmd", but it didn't exist.
                 Considered "C:\Users\germa\Desktop\Kavkazim\kavkazim\Library\ScriptAssemblies\System.Net.Http.dll", but it didn't exist.
                 Considered "C:\Users\germa\Desktop\Kavkazim\kavkazim\Library\ScriptAssemblies\System.Net.Http.exe", but it didn't exist.
                 Considered "C:\Users\germa\Desktop\Kavkazim\kavkazim\Library\ScriptAssemblies\System.Net.Http.winmd", but it didn't exist.
                 Considered "C:\Users\germa\Desktop\Kavkazim\kavkazim\Library\ScriptAssemblies\System.Net.Http.dll", but it didn't exist.
                 Considered "C:\Users\germa\Desktop\Kavkazim\kavkazim\Library\ScriptAssemblies\System.Net.Http.exe", but it didn't exist.
                 For SearchPath "{TargetFrameworkDirectory}".
                 Considered "C:\Program Files (x86)\Reference Assemblies\Microsoft\Framework\.NETFramework\v4.7.1\System.Net.Http.winmd", but it didn't exist.
                 Considered "C:\Program Files (x86)\Reference Assemblies\Microsoft\Framework\.NETFramework\v4.7.1\System.Net.Http.dll",
         			but its name "System.Net.Http, Version=4.0.0.0, Culture=neutral, PublicKeyToken=b03f5f7f11d50a3a"
         			didn't match the expected name "System.Net.Http, Version=4.2.0.0, Culture=neutral, PublicKeyToken=b03f5f7f11d50a3a".
                 Considered "C:\Program Files (x86)\Reference Assemblies\Microsoft\Framework\.NETFramework\v4.7.1\System.Net.Http.exe", but it didn't exist.
                 For SearchPath "{Registry:Software\Microsoft\.NETFramework,v4.7.1,AssemblyFoldersEx}".
                 Considered AssemblyFoldersEx locations.
                 For SearchPath "{GAC}".
                 Considered "{GAC}\System.Net.Http.winmd", but it didn't exist.
                 Considered "{GAC}\System.Net.Http.dll", but it didn't exist.
                 Considered "{GAC}\System.Net.Http.exe", but it didn't exist.
                 For SearchPath "Temp\bin\Debug\".
                 Considered "Temp\bin\Debug\System.Net.Http.winmd", but it didn't exist.
                 Considered "Temp\bin\Debug\System.Net.Http.dll", but it didn't exist.
                 Considered "Temp\bin\Debug\System.Net.Http.exe", but it didn't exist.
             Required by "Unity.Addressables.Editor".
             Required by "Unity.2D.Enhancers.Editor.AIBridge".
             Required by "Unity.2D.Enhancers.Editor".
         Dependency "Unity.Multiplayer.Playmode.Workflow.Editor, Version=0.0.0.0, Culture=neutral, PublicKeyToken=null".
             Resolved file path is "C:\Users\germa\Desktop\Kavkazim\kavkazim\Library\ScriptAssemblies\Unity.Multiplayer.Playmode.Workflow.Editor.dll".
             Reference found at search path location "C:\Users\germa\Desktop\Kavkazim\kavkazim\Library\ScriptAssemblies".
                 For SearchPath "C:\Users\germa\Desktop\Kavkazim\kavkazim\Library\ScriptAssemblies".
                 Considered "C:\Users\germa\Desktop\Kavkazim\kavkazim\Library\ScriptAssemblies\Unity.Multiplayer.Playmode.Workflow.Editor.winmd", but it didn't exist.
             Required by "Unity.Multiplayer.PlayMode.Scenarios.Editor".
             Required by "Unity.Multiplayer.Playmode".
             Found related file "C:\Users\germa\Desktop\Kavkazim\kavkazim\Library\ScriptAssemblies\Unity.Multiplayer.Playmode.Workflow.Editor.pdb".
             This reference is not "CopyLocal" because at least one source item had "Private" set to "false" and no source items had "Private" set to "true".
         Dependency "Unity.Multiplayer.Playmode.VirtualProjects.Editor, Version=0.0.0.0, Culture=neutral, PublicKeyToken=null".
             Resolved file path is "C:\Users\germa\Desktop\Kavkazim\kavkazim\Library\ScriptAssemblies\Unity.Multiplayer.Playmode.VirtualProjects.Editor.dll".
             Reference found at search path location "C:\Users\germa\Desktop\Kavkazim\kavkazim\Library\ScriptAssemblies".
                 For SearchPath "C:\Users\germa\Desktop\Kavkazim\kavkazim\Library\ScriptAssemblies".
                 Considered "C:\Users\germa\Desktop\Kavkazim\kavkazim\Library\ScriptAssemblies\Unity.Multiplayer.Playmode.VirtualProjects.Editor.winmd", but it didn't exist.
             Required by "Unity.Multiplayer.PlayMode.Scenarios.Editor".
             Required by "Unity.Multiplayer.Playmode".
             Found related file "C:\Users\germa\Desktop\Kavkazim\kavkazim\Library\ScriptAssemblies\Unity.Multiplayer.Playmode.VirtualProjects.Editor.pdb".
             This reference is not "CopyLocal" because at least one source item had "Private" set to "false" and no source items had "Private" set to "true".
         Dependency "Unity.Multiplayer.Playmode.Common.Editor, Version=0.0.0.0, Culture=neutral, PublicKeyToken=null".
             Resolved file path is "C:\Users\germa\Desktop\Kavkazim\kavkazim\Library\ScriptAssemblies\Unity.Multiplayer.Playmode.Common.Editor.dll".
             Reference found at search path location "C:\Users\germa\Desktop\Kavkazim\kavkazim\Library\ScriptAssemblies".
                 For SearchPath "C:\Users\germa\Desktop\Kavkazim\kavkazim\Library\ScriptAssemblies".
                 Considered "C:\Users\germa\Desktop\Kavkazim\kavkazim\Library\ScriptAssemblies\Unity.Multiplayer.Playmode.Common.Editor.winmd", but it didn't exist.
             Required by "Unity.Multiplayer.PlayMode.Scenarios.Editor".
             Required by "Unity.Multiplayer.PlayMode.Configurations.Editor".
             Required by "Unity.Multiplayer.Playmode".
             Found related file "C:\Users\germa\Desktop\Kavkazim\kavkazim\Library\ScriptAssemblies\Unity.Multiplayer.Playmode.Common.Editor.pdb".
             This reference is not "CopyLocal" because at least one source item had "Private" set to "false" and no source items had "Private" set to "true".
         Dependency "Unity.Plastic.Newtonsoft.Json, Version=13.0.0.0, Culture=neutral, PublicKeyToken=b9a188c8922137c6".
             Could not resolve this reference. Could not locate the assembly "Unity.Plastic.Newtonsoft.Json, Version=13.0.0.0, Culture=neutral, PublicKeyToken=b9a188c8922137c6". Check to make sure the assembly exists on disk. If this reference is required by your code, you may get compilation errors.
                 For SearchPath "C:\Users\germa\Desktop\Kavkazim\kavkazim\Library\ScriptAssemblies".
                 Considered "C:\Users\germa\Desktop\Kavkazim\kavkazim\Library\ScriptAssemblies\Unity.Plastic.Newtonsoft.Json.winmd", but it didn't exist.
                 Considered "C:\Users\germa\Desktop\Kavkazim\kavkazim\Library\ScriptAssemblies\Unity.Plastic.Newtonsoft.Json.dll", but it didn't exist.
                 Considered "C:\Users\germa\Desktop\Kavkazim\kavkazim\Library\ScriptAssemblies\Unity.Plastic.Newtonsoft.Json.exe", but it didn't exist.
                 For SearchPath "{TargetFrameworkDirectory}".
                 Considered "C:\Program Files (x86)\Reference Assemblies\Microsoft\Framework\.NETFramework\v4.7.1\Unity.Plastic.Newtonsoft.Json.winmd", but it didn't exist.
                 Considered "C:\Program Files (x86)\Reference Assemblies\Microsoft\Framework\.NETFramework\v4.7.1\Unity.Plastic.Newtonsoft.Json.dll", but it didn't exist.
                 Considered "C:\Program Files (x86)\Reference Assemblies\Microsoft\Framework\.NETFramework\v4.7.1\Unity.Plastic.Newtonsoft.Json.exe", but it didn't exist.
                 For SearchPath "{Registry:Software\Microsoft\.NETFramework,v4.7.1,AssemblyFoldersEx}".
                 Considered AssemblyFoldersEx locations.
                 For SearchPath "{GAC}".
                 Considered "{GAC}\Unity.Plastic.Newtonsoft.Json.winmd", but it didn't exist.
                 Considered "{GAC}\Unity.Plastic.Newtonsoft.Json.dll", but it didn't exist.
                 Considered "{GAC}\Unity.Plastic.Newtonsoft.Json.exe", but it didn't exist.
                 For SearchPath "Temp\bin\Debug\".
                 Considered "Temp\bin\Debug\Unity.Plastic.Newtonsoft.Json.winmd", but it didn't exist.
                 Considered "Temp\bin\Debug\Unity.Plastic.Newtonsoft.Json.dll", but it didn't exist.
                 Considered "Temp\bin\Debug\Unity.Plastic.Newtonsoft.Json.exe", but it didn't exist.
             Required by "Unity.PlasticSCM.Editor".
         Dependency "unityplastic, Version=11.0.16.9677, Culture=neutral, PublicKeyToken=a107c9c6e34c8876".
             Could not resolve this reference. Could not locate the assembly "unityplastic, Version=11.0.16.9677, Culture=neutral, PublicKeyToken=a107c9c6e34c8876". Check to make sure the assembly exists on disk. If this reference is required by your code, you may get compilation errors.
                 For SearchPath "C:\Users\germa\Desktop\Kavkazim\kavkazim\Library\ScriptAssemblies".
                 Considered "C:\Users\germa\Desktop\Kavkazim\kavkazim\Library\ScriptAssemblies\unityplastic.winmd", but it didn't exist.
                 Considered "C:\Users\germa\Desktop\Kavkazim\kavkazim\Library\ScriptAssemblies\unityplastic.dll", but it didn't exist.
                 Considered "C:\Users\germa\Desktop\Kavkazim\kavkazim\Library\ScriptAssemblies\unityplastic.exe", but it didn't exist.
                 For SearchPath "{TargetFrameworkDirectory}".
                 Considered "C:\Program Files (x86)\Reference Assemblies\Microsoft\Framework\.NETFramework\v4.7.1\unityplastic.winmd", but it didn't exist.
                 Considered "C:\Program Files (x86)\Reference Assemblies\Microsoft\Framework\.NETFramework\v4.7.1\unityplastic.dll", but it didn't exist.
                 Considered "C:\Program Files (x86)\Reference Assemblies\Microsoft\Framework\.NETFramework\v4.7.1\unityplastic.exe", but it didn't exist.
                 For SearchPath "{Registry:Software\Microsoft\.NETFramework,v4.7.1,AssemblyFoldersEx}".
                 Considered AssemblyFoldersEx locations.
                 For SearchPath "{GAC}".
                 Considered "{GAC}\unityplastic.winmd", but it didn't exist.
                 Considered "{GAC}\unityplastic.dll", but it didn't exist.
                 Considered "{GAC}\unityplastic.exe", but it didn't exist.
                 For SearchPath "Temp\bin\Debug\".
                 Considered "Temp\bin\Debug\unityplastic.winmd", but it didn't exist.
                 Considered "Temp\bin\Debug\unityplastic.dll", but it didn't exist.
                 Considered "Temp\bin\Debug\unityplastic.exe", but it didn't exist.
             Required by "Unity.PlasticSCM.Editor".
         Dependency "Microsoft.CSharp, Version=4.0.0.0, Culture=neutral, PublicKeyToken=b03f5f7f11d50a3a".
             Resolved file path is "C:\Program Files (x86)\Reference Assemblies\Microsoft\Framework\.NETFramework\v4.7.1\Microsoft.CSharp.dll".
             Reference found at search path location "{TargetFrameworkDirectory}".
                 For SearchPath "C:\Users\germa\Desktop\Kavkazim\kavkazim\Library\ScriptAssemblies".
                 Considered "C:\Users\germa\Desktop\Kavkazim\kavkazim\Library\ScriptAssemblies\Microsoft.CSharp.winmd", but it didn't exist.
                 Considered "C:\Users\germa\Desktop\Kavkazim\kavkazim\Library\ScriptAssemblies\Microsoft.CSharp.dll", but it didn't exist.
                 Considered "C:\Users\germa\Desktop\Kavkazim\kavkazim\Library\ScriptAssemblies\Microsoft.CSharp.exe", but it didn't exist.
                 For SearchPath "{TargetFrameworkDirectory}".
                 Considered "C:\Program Files (x86)\Reference Assemblies\Microsoft\Framework\.NETFramework\v4.7.1\Microsoft.CSharp.winmd", but it didn't exist.
             Required by "Unity.PlasticSCM.Editor".
             This reference is not "CopyLocal" because at least one source item had "Private" set to "false" and no source items had "Private" set to "true".
         Dependency "Unity.Burst.Unsafe, Version=4.0.5.0, Culture=neutral, PublicKeyToken=null".
             Could not resolve this reference. Could not locate the assembly "Unity.Burst.Unsafe, Version=4.0.5.0, Culture=neutral, PublicKeyToken=null". Check to make sure the assembly exists on disk. If this reference is required by your code, you may get compilation errors.
                 For SearchPath "C:\Users\germa\Desktop\Kavkazim\kavkazim\Library\ScriptAssemblies".
                 Considered "C:\Users\germa\Desktop\Kavkazim\kavkazim\Library\ScriptAssemblies\Unity.Burst.Unsafe.winmd", but it didn't exist.
                 Considered "C:\Users\germa\Desktop\Kavkazim\kavkazim\Library\ScriptAssemblies\Unity.Burst.Unsafe.dll", but it didn't exist.
                 Considered "C:\Users\germa\Desktop\Kavkazim\kavkazim\Library\ScriptAssemblies\Unity.Burst.Unsafe.exe", but it didn't exist.
                 For SearchPath "{TargetFrameworkDirectory}".
                 Considered "C:\Program Files (x86)\Reference Assemblies\Microsoft\Framework\.NETFramework\v4.7.1\Unity.Burst.Unsafe.winmd", but it didn't exist.
                 Considered "C:\Program Files (x86)\Reference Assemblies\Microsoft\Framework\.NETFramework\v4.7.1\Unity.Burst.Unsafe.dll", but it didn't exist.
                 Considered "C:\Program Files (x86)\Reference Assemblies\Microsoft\Framework\.NETFramework\v4.7.1\Unity.Burst.Unsafe.exe", but it didn't exist.
                 For SearchPath "{Registry:Software\Microsoft\.NETFramework,v4.7.1,AssemblyFoldersEx}".
                 Considered AssemblyFoldersEx locations.
                 For SearchPath "{GAC}".
                 Considered "{GAC}\Unity.Burst.Unsafe.winmd", but it didn't exist.
                 Considered "{GAC}\Unity.Burst.Unsafe.dll", but it didn't exist.
                 Considered "{GAC}\Unity.Burst.Unsafe.exe", but it didn't exist.
                 For SearchPath "Temp\bin\Debug\".
                 Considered "Temp\bin\Debug\Unity.Burst.Unsafe.winmd", but it didn't exist.
                 Considered "Temp\bin\Debug\Unity.Burst.Unsafe.dll", but it didn't exist.
                 Considered "Temp\bin\Debug\Unity.Burst.Unsafe.exe", but it didn't exist.
             Required by "Unity.Burst".
             Required by "PsdPlugin".
             Required by "Unity.Netcode.Runtime".
             Required by "Unity.2D.Common.Editor".
             Required by "Unity.2D.Animation.Runtime".
             Required by "Unity.RenderPipelines.Universal.2D.Runtime".
             Required by "Unity.2D.Aseprite.Common".
             Required by "Unity.2D.Aseprite.Editor".
             Required by "Unity.RenderPipelines.GPUDriven.Runtime".
             Required by "Unity.RenderPipelines.Universal.Runtime".
             Required by "Unity.2D.Enhancers.Editor".
             Required by "Unity.Splines".
             Required by "Unity.Splines.Editor".
             Required by "Unity.Netcode.Editor".
             Required by "Unity.RenderPipelines.Core.Editor".
             Required by "Unity.2D.IK.Runtime".
             Required by "Unity.2D.Animation.Editor".
             Required by "Unity.RenderPipelines.Universal.Editor".
             Required by "Unity.Burst.Editor".
             Required by "Unity.Cinemachine.Editor".
             Required by "Unity.Cinemachine".
             Required by "Unity.Multiplayer.Center.NetcodeForGameObjectsExample".
             Required by "Unity.2D.Psdimporter.Editor".
             Required by "Unity.2D.IK.Editor".
             Required by "Unity.2D.SpriteShape.Runtime".
             Required by "Unity.2D.SpriteShape.Editor".
             Required by "Unity.Collections".
             Required by "Unity.Services.QoS".
             Required by "Unity.RenderPipelines.Core.Runtime".
             Required by "Unity.RenderPipelines.Core.Runtime.Shared".
             Required by "Unity.RenderPipelines.Universal.Config.Runtime".
             Required by "Unity.Networking.Transport".
             Required by "Unity.Serialization".
             Required by "Unity.Multiplayer.Center.Integrations".
             Required by "Unity.Rendering.LightTransport.Runtime".
             Required by "Unity.RenderPipeline.Universal.ShaderLibrary".
             Required by "Unity.Serialization.Editor".
             Required by "Unity.ShaderGraph.Editor".
             Required by "Unity.InferenceEngine".
             Required by "Unity.InferenceEngine.Editor".
         Dependency "Unity.VisualScripting.IonicZip, Version=1.9.1.8, Culture=neutral, PublicKeyToken=edbe51ad942a3f5c".
             Could not resolve this reference. Could not locate the assembly "Unity.VisualScripting.IonicZip, Version=1.9.1.8, Culture=neutral, PublicKeyToken=edbe51ad942a3f5c". Check to make sure the assembly exists on disk. If this reference is required by your code, you may get compilation errors.
                 For SearchPath "C:\Users\germa\Desktop\Kavkazim\kavkazim\Library\ScriptAssemblies".
                 Considered "C:\Users\germa\Desktop\Kavkazim\kavkazim\Library\ScriptAssemblies\Unity.VisualScripting.IonicZip.winmd", but it didn't exist.
                 Considered "C:\Users\germa\Desktop\Kavkazim\kavkazim\Library\ScriptAssemblies\Unity.VisualScripting.IonicZip.dll", but it didn't exist.
                 Considered "C:\Users\germa\Desktop\Kavkazim\kavkazim\Library\ScriptAssemblies\Unity.VisualScripting.IonicZip.exe", but it didn't exist.
                 For SearchPath "{TargetFrameworkDirectory}".
                 Considered "C:\Program Files (x86)\Reference Assemblies\Microsoft\Framework\.NETFramework\v4.7.1\Unity.VisualScripting.IonicZip.winmd", but it didn't exist.
                 Considered "C:\Program Files (x86)\Reference Assemblies\Microsoft\Framework\.NETFramework\v4.7.1\Unity.VisualScripting.IonicZip.dll", but it didn't exist.
                 Considered "C:\Program Files (x86)\Reference Assemblies\Microsoft\Framework\.NETFramework\v4.7.1\Unity.VisualScripting.IonicZip.exe", but it didn't exist.
                 For SearchPath "{Registry:Software\Microsoft\.NETFramework,v4.7.1,AssemblyFoldersEx}".
                 Considered AssemblyFoldersEx locations.
                 For SearchPath "{GAC}".
                 Considered "{GAC}\Unity.VisualScripting.IonicZip.winmd", but it didn't exist.
                 Considered "{GAC}\Unity.VisualScripting.IonicZip.dll", but it didn't exist.
                 Considered "{GAC}\Unity.VisualScripting.IonicZip.exe", but it didn't exist.
                 For SearchPath "Temp\bin\Debug\".
                 Considered "Temp\bin\Debug\Unity.VisualScripting.IonicZip.winmd", but it didn't exist.
                 Considered "Temp\bin\Debug\Unity.VisualScripting.IonicZip.dll", but it didn't exist.
                 Considered "Temp\bin\Debug\Unity.VisualScripting.IonicZip.exe", but it didn't exist.
             Required by "Unity.VisualScripting.Core.Editor".
             Required by "Unity.VisualScripting.SettingsProvider.Editor".
             Required by "Unity.VisualScripting.State.Editor".
             Required by "Unity.VisualScripting.Shared.Editor".
             Required by "Unity.VisualScripting.Flow.Editor".
         Dependency "Unity.VisualScripting.YamlDotNet, Version=4.1.0.0, Culture=neutral, PublicKeyToken=null".
             Could not resolve this reference. Could not locate the assembly "Unity.VisualScripting.YamlDotNet, Version=4.1.0.0, Culture=neutral, PublicKeyToken=null". Check to make sure the assembly exists on disk. If this reference is required by your code, you may get compilation errors.
                 For SearchPath "C:\Users\germa\Desktop\Kavkazim\kavkazim\Library\ScriptAssemblies".
                 Considered "C:\Users\germa\Desktop\Kavkazim\kavkazim\Library\ScriptAssemblies\Unity.VisualScripting.YamlDotNet.winmd", but it didn't exist.
                 Considered "C:\Users\germa\Desktop\Kavkazim\kavkazim\Library\ScriptAssemblies\Unity.VisualScripting.YamlDotNet.dll", but it didn't exist.
                 Considered "C:\Users\germa\Desktop\Kavkazim\kavkazim\Library\ScriptAssemblies\Unity.VisualScripting.YamlDotNet.exe", but it didn't exist.
                 For SearchPath "{TargetFrameworkDirectory}".
                 Considered "C:\Program Files (x86)\Reference Assemblies\Microsoft\Framework\.NETFramework\v4.7.1\Unity.VisualScripting.YamlDotNet.winmd", but it didn't exist.
                 Considered "C:\Program Files (x86)\Reference Assemblies\Microsoft\Framework\.NETFramework\v4.7.1\Unity.VisualScripting.YamlDotNet.dll", but it didn't exist.
                 Considered "C:\Program Files (x86)\Reference Assemblies\Microsoft\Framework\.NETFramework\v4.7.1\Unity.VisualScripting.YamlDotNet.exe", but it didn't exist.
                 For SearchPath "{Registry:Software\Microsoft\.NETFramework,v4.7.1,AssemblyFoldersEx}".
                 Considered AssemblyFoldersEx locations.
                 For SearchPath "{GAC}".
                 Considered "{GAC}\Unity.VisualScripting.YamlDotNet.winmd", but it didn't exist.
                 Considered "{GAC}\Unity.VisualScripting.YamlDotNet.dll", but it didn't exist.
                 Considered "{GAC}\Unity.VisualScripting.YamlDotNet.exe", but it didn't exist.
                 For SearchPath "Temp\bin\Debug\".
                 Considered "Temp\bin\Debug\Unity.VisualScripting.YamlDotNet.winmd", but it didn't exist.
                 Considered "Temp\bin\Debug\Unity.VisualScripting.YamlDotNet.dll", but it didn't exist.
                 Considered "Temp\bin\Debug\Unity.VisualScripting.YamlDotNet.exe", but it didn't exist.
             Required by "Unity.VisualScripting.Core.Editor".
             Required by "Unity.VisualScripting.SettingsProvider.Editor".
             Required by "Unity.VisualScripting.State.Editor".
             Required by "Unity.VisualScripting.Shared.Editor".
             Required by "Unity.VisualScripting.Flow.Editor".
         Dependency "Unity.VisualScripting.TextureAssets, Version=1.0.0.0, Culture=neutral, PublicKeyToken=null".
             Could not resolve this reference. Could not locate the assembly "Unity.VisualScripting.TextureAssets, Version=1.0.0.0, Culture=neutral, PublicKeyToken=null". Check to make sure the assembly exists on disk. If this reference is required by your code, you may get compilation errors.
                 For SearchPath "C:\Users\germa\Desktop\Kavkazim\kavkazim\Library\ScriptAssemblies".
                 Considered "C:\Users\germa\Desktop\Kavkazim\kavkazim\Library\ScriptAssemblies\Unity.VisualScripting.TextureAssets.winmd", but it didn't exist.
                 Considered "C:\Users\germa\Desktop\Kavkazim\kavkazim\Library\ScriptAssemblies\Unity.VisualScripting.TextureAssets.dll", but it didn't exist.
                 Considered "C:\Users\germa\Desktop\Kavkazim\kavkazim\Library\ScriptAssemblies\Unity.VisualScripting.TextureAssets.exe", but it didn't exist.
                 For SearchPath "{TargetFrameworkDirectory}".
                 Considered "C:\Program Files (x86)\Reference Assemblies\Microsoft\Framework\.NETFramework\v4.7.1\Unity.VisualScripting.TextureAssets.winmd", but it didn't exist.
                 Considered "C:\Program Files (x86)\Reference Assemblies\Microsoft\Framework\.NETFramework\v4.7.1\Unity.VisualScripting.TextureAssets.dll", but it didn't exist.
                 Considered "C:\Program Files (x86)\Reference Assemblies\Microsoft\Framework\.NETFramework\v4.7.1\Unity.VisualScripting.TextureAssets.exe", but it didn't exist.
                 For SearchPath "{Registry:Software\Microsoft\.NETFramework,v4.7.1,AssemblyFoldersEx}".
                 Considered AssemblyFoldersEx locations.
                 For SearchPath "{GAC}".
                 Considered "{GAC}\Unity.VisualScripting.TextureAssets.winmd", but it didn't exist.
                 Considered "{GAC}\Unity.VisualScripting.TextureAssets.dll", but it didn't exist.
                 Considered "{GAC}\Unity.VisualScripting.TextureAssets.exe", but it didn't exist.
                 For SearchPath "Temp\bin\Debug\".
                 Considered "Temp\bin\Debug\Unity.VisualScripting.TextureAssets.winmd", but it didn't exist.
                 Considered "Temp\bin\Debug\Unity.VisualScripting.TextureAssets.dll", but it didn't exist.
                 Considered "Temp\bin\Debug\Unity.VisualScripting.TextureAssets.exe", but it didn't exist.
             Required by "Unity.VisualScripting.Core.Editor".
             Required by "Unity.VisualScripting.SettingsProvider.Editor".
             Required by "Unity.VisualScripting.State.Editor".
             Required by "Unity.VisualScripting.Shared.Editor".
             Required by "Unity.VisualScripting.Flow.Editor".
         Dependency "Unity.AppUI.Navigation, Version=0.0.0.0, Culture=neutral, PublicKeyToken=null".
             Resolved file path is "C:\Users\germa\Desktop\Kavkazim\kavkazim\Library\ScriptAssemblies\Unity.AppUI.Navigation.dll".
             Reference found at search path location "C:\Users\germa\Desktop\Kavkazim\kavkazim\Library\ScriptAssemblies".
                 For SearchPath "C:\Users\germa\Desktop\Kavkazim\kavkazim\Library\ScriptAssemblies".
                 Considered "C:\Users\germa\Desktop\Kavkazim\kavkazim\Library\ScriptAssemblies\Unity.AppUI.Navigation.winmd", but it didn't exist.
             Required by "Unity.AppUI.Navigation.Editor".
             Found related file "C:\Users\germa\Desktop\Kavkazim\kavkazim\Library\ScriptAssemblies\Unity.AppUI.Navigation.pdb".
             This reference is not "CopyLocal" because at least one source item had "Private" set to "false" and no source items had "Private" set to "true".
         Dependency "Unity.ShaderGraph.Utilities, Version=0.0.0.0, Culture=neutral, PublicKeyToken=null".
             Resolved file path is "C:\Users\germa\Desktop\Kavkazim\kavkazim\Library\ScriptAssemblies\Unity.ShaderGraph.Utilities.dll".
             Reference found at search path location "C:\Users\germa\Desktop\Kavkazim\kavkazim\Library\ScriptAssemblies".
                 For SearchPath "C:\Users\germa\Desktop\Kavkazim\kavkazim\Library\ScriptAssemblies".
                 Considered "C:\Users\germa\Desktop\Kavkazim\kavkazim\Library\ScriptAssemblies\Unity.ShaderGraph.Utilities.winmd", but it didn't exist.
             Required by "Unity.ShaderGraph.Editor".
             Required by "Unity.RenderPipelines.Universal.Editor".
             Required by "Unity.Cinemachine.Editor".
             Found related file "C:\Users\germa\Desktop\Kavkazim\kavkazim\Library\ScriptAssemblies\Unity.ShaderGraph.Utilities.pdb".
             This reference is not "CopyLocal" because at least one source item had "Private" set to "false" and no source items had "Private" set to "true".
         Dependency "Unity.AI.Generators.Asset, Version=0.0.0.0, Culture=neutral, PublicKeyToken=null".
             Resolved file path is "C:\Users\germa\Desktop\Kavkazim\kavkazim\Library\ScriptAssemblies\Unity.AI.Generators.Asset.dll".
             Reference found at search path location "C:\Users\germa\Desktop\Kavkazim\kavkazim\Library\ScriptAssemblies".
                 For SearchPath "C:\Users\germa\Desktop\Kavkazim\kavkazim\Library\ScriptAssemblies".
                 Considered "C:\Users\germa\Desktop\Kavkazim\kavkazim\Library\ScriptAssemblies\Unity.AI.Generators.Asset.winmd", but it didn't exist.
             Required by "Unity.2D.Enhancers.Editor.AIBridge".
             Required by "Unity.2D.Enhancers.Editor".
             Found related file "C:\Users\germa\Desktop\Kavkazim\kavkazim\Library\ScriptAssemblies\Unity.AI.Generators.Asset.pdb".
             This reference is not "CopyLocal" because at least one source item had "Private" set to "false" and no source items had "Private" set to "true".
         Dependency "Unity.AI.Generators.Redux, Version=0.0.0.0, Culture=neutral, PublicKeyToken=null".
             Resolved file path is "C:\Users\germa\Desktop\Kavkazim\kavkazim\Library\ScriptAssemblies\Unity.AI.Generators.Redux.dll".
             Reference found at search path location "C:\Users\germa\Desktop\Kavkazim\kavkazim\Library\ScriptAssemblies".
                 For SearchPath "C:\Users\germa\Desktop\Kavkazim\kavkazim\Library\ScriptAssemblies".
                 Considered "C:\Users\germa\Desktop\Kavkazim\kavkazim\Library\ScriptAssemblies\Unity.AI.Generators.Redux.winmd", but it didn't exist.
             Required by "Unity.2D.Enhancers.Editor.AIBridge".
             Required by "Unity.2D.Enhancers.Editor".
             Found related file "C:\Users\germa\Desktop\Kavkazim\kavkazim\Library\ScriptAssemblies\Unity.AI.Generators.Redux.pdb".
             This reference is not "CopyLocal" because at least one source item had "Private" set to "false" and no source items had "Private" set to "true".
         Dependency "Unity.AI.Generators.UI, Version=0.0.0.0, Culture=neutral, PublicKeyToken=null".
             Resolved file path is "C:\Users\germa\Desktop\Kavkazim\kavkazim\Library\ScriptAssemblies\Unity.AI.Generators.UI.dll".
             Reference found at search path location "C:\Users\germa\Desktop\Kavkazim\kavkazim\Library\ScriptAssemblies".
                 For SearchPath "C:\Users\germa\Desktop\Kavkazim\kavkazim\Library\ScriptAssemblies".
                 Considered "C:\Users\germa\Desktop\Kavkazim\kavkazim\Library\ScriptAssemblies\Unity.AI.Generators.UI.winmd", but it didn't exist.
             Required by "Unity.2D.Enhancers.Editor.AIBridge".
             Required by "Unity.2D.Enhancers.Editor".
             Found related file "C:\Users\germa\Desktop\Kavkazim\kavkazim\Library\ScriptAssemblies\Unity.AI.Generators.UI.pdb".
             This reference is not "CopyLocal" because at least one source item had "Private" set to "false" and no source items had "Private" set to "true".
         Dependency "AiEditorToolsSdk, Version=0.24.0.0, Culture=neutral, PublicKeyToken=null".
             Could not resolve this reference. Could not locate the assembly "AiEditorToolsSdk, Version=0.24.0.0, Culture=neutral, PublicKeyToken=null". Check to make sure the assembly exists on disk. If this reference is required by your code, you may get compilation errors.
                 For SearchPath "C:\Users\germa\Desktop\Kavkazim\kavkazim\Library\ScriptAssemblies".
                 Considered "C:\Users\germa\Desktop\Kavkazim\kavkazim\Library\ScriptAssemblies\AiEditorToolsSdk.winmd", but it didn't exist.
                 Considered "C:\Users\germa\Desktop\Kavkazim\kavkazim\Library\ScriptAssemblies\AiEditorToolsSdk.dll", but it didn't exist.
                 Considered "C:\Users\germa\Desktop\Kavkazim\kavkazim\Library\ScriptAssemblies\AiEditorToolsSdk.exe", but it didn't exist.
                 Considered "C:\Users\germa\Desktop\Kavkazim\kavkazim\Library\ScriptAssemblies\AiEditorToolsSdk.winmd", but it didn't exist.
                 Considered "C:\Users\germa\Desktop\Kavkazim\kavkazim\Library\ScriptAssemblies\AiEditorToolsSdk.dll", but it didn't exist.
                 Considered "C:\Users\germa\Desktop\Kavkazim\kavkazim\Library\ScriptAssemblies\AiEditorToolsSdk.exe", but it didn't exist.
                 Considered "C:\Users\germa\Desktop\Kavkazim\kavkazim\Library\ScriptAssemblies\AiEditorToolsSdk.winmd", but it didn't exist.
                 Considered "C:\Users\germa\Desktop\Kavkazim\kavkazim\Library\ScriptAssemblies\AiEditorToolsSdk.dll", but it didn't exist.
                 Considered "C:\Users\germa\Desktop\Kavkazim\kavkazim\Library\ScriptAssemblies\AiEditorToolsSdk.exe", but it didn't exist.
                 Considered "C:\Users\germa\Desktop\Kavkazim\kavkazim\Library\ScriptAssemblies\AiEditorToolsSdk.winmd", but it didn't exist.
                 Considered "C:\Users\germa\Desktop\Kavkazim\kavkazim\Library\ScriptAssemblies\AiEditorToolsSdk.dll", but it didn't exist.
                 Considered "C:\Users\germa\Desktop\Kavkazim\kavkazim\Library\ScriptAssemblies\AiEditorToolsSdk.exe", but it didn't exist.
                 Considered "C:\Users\germa\Desktop\Kavkazim\kavkazim\Library\ScriptAssemblies\AiEditorToolsSdk.winmd", but it didn't exist.
                 Considered "C:\Users\germa\Desktop\Kavkazim\kavkazim\Library\ScriptAssemblies\AiEditorToolsSdk.dll", but it didn't exist.
                 Considered "C:\Users\germa\Desktop\Kavkazim\kavkazim\Library\ScriptAssemblies\AiEditorToolsSdk.exe", but it didn't exist.
                 For SearchPath "{TargetFrameworkDirectory}".
                 Considered "C:\Program Files (x86)\Reference Assemblies\Microsoft\Framework\.NETFramework\v4.7.1\AiEditorToolsSdk.winmd", but it didn't exist.
                 Considered "C:\Program Files (x86)\Reference Assemblies\Microsoft\Framework\.NETFramework\v4.7.1\AiEditorToolsSdk.dll", but it didn't exist.
                 Considered "C:\Program Files (x86)\Reference Assemblies\Microsoft\Framework\.NETFramework\v4.7.1\AiEditorToolsSdk.exe", but it didn't exist.
                 For SearchPath "{Registry:Software\Microsoft\.NETFramework,v4.7.1,AssemblyFoldersEx}".
                 Considered AssemblyFoldersEx locations.
                 For SearchPath "{GAC}".
                 Considered "{GAC}\AiEditorToolsSdk.winmd", but it didn't exist.
                 Considered "{GAC}\AiEditorToolsSdk.dll", but it didn't exist.
                 Considered "{GAC}\AiEditorToolsSdk.exe", but it didn't exist.
                 For SearchPath "Temp\bin\Debug\".
                 Considered "Temp\bin\Debug\AiEditorToolsSdk.winmd", but it didn't exist.
                 Considered "Temp\bin\Debug\AiEditorToolsSdk.dll", but it didn't exist.
                 Considered "Temp\bin\Debug\AiEditorToolsSdk.exe", but it didn't exist.
             Required by "Unity.2D.Enhancers.Editor.AIBridge".
             Required by "Unity.2D.Enhancers.Editor".
         Dependency "Unity.AI.ModelSelector, Version=0.0.0.0, Culture=neutral, PublicKeyToken=null".
             Resolved file path is "C:\Users\germa\Desktop\Kavkazim\kavkazim\Library\ScriptAssemblies\Unity.AI.ModelSelector.dll".
             Reference found at search path location "C:\Users\germa\Desktop\Kavkazim\kavkazim\Library\ScriptAssemblies".
                 For SearchPath "C:\Users\germa\Desktop\Kavkazim\kavkazim\Library\ScriptAssemblies".
                 Considered "C:\Users\germa\Desktop\Kavkazim\kavkazim\Library\ScriptAssemblies\Unity.AI.ModelSelector.winmd", but it didn't exist.
             Required by "Unity.2D.Enhancers.Editor.AIBridge".
             Required by "Unity.2D.Enhancers.Editor".
             Found related file "C:\Users\germa\Desktop\Kavkazim\kavkazim\Library\ScriptAssemblies\Unity.AI.ModelSelector.pdb".
             This reference is not "CopyLocal" because at least one source item had "Private" set to "false" and no source items had "Private" set to "true".
         Dependency "Unity.AI.Toolkit.Accounts, Version=0.0.0.0, Culture=neutral, PublicKeyToken=null".
             Resolved file path is "C:\Users\germa\Desktop\Kavkazim\kavkazim\Library\ScriptAssemblies\Unity.AI.Toolkit.Accounts.dll".
             Reference found at search path location "C:\Users\germa\Desktop\Kavkazim\kavkazim\Library\ScriptAssemblies".
                 For SearchPath "C:\Users\germa\Desktop\Kavkazim\kavkazim\Library\ScriptAssemblies".
                 Considered "C:\Users\germa\Desktop\Kavkazim\kavkazim\Library\ScriptAssemblies\Unity.AI.Toolkit.Accounts.winmd", but it didn't exist.
             Required by "Unity.2D.Enhancers.Editor.AIBridge".
             Required by "Unity.2D.Enhancers.Editor".
             Found related file "C:\Users\germa\Desktop\Kavkazim\kavkazim\Library\ScriptAssemblies\Unity.AI.Toolkit.Accounts.pdb".
             This reference is not "CopyLocal" because at least one source item had "Private" set to "false" and no source items had "Private" set to "true".
         Dependency "Unity.AI.Toolkit.Async, Version=0.0.0.0, Culture=neutral, PublicKeyToken=null".
             Resolved file path is "C:\Users\germa\Desktop\Kavkazim\kavkazim\Library\ScriptAssemblies\Unity.AI.Toolkit.Async.dll".
             Reference found at search path location "C:\Users\germa\Desktop\Kavkazim\kavkazim\Library\ScriptAssemblies".
                 For SearchPath "C:\Users\germa\Desktop\Kavkazim\kavkazim\Library\ScriptAssemblies".
                 Considered "C:\Users\germa\Desktop\Kavkazim\kavkazim\Library\ScriptAssemblies\Unity.AI.Toolkit.Async.winmd", but it didn't exist.
             Required by "Unity.2D.Enhancers.Editor.AIBridge".
             Required by "Unity.2D.Enhancers.Editor".
             Found related file "C:\Users\germa\Desktop\Kavkazim\kavkazim\Library\ScriptAssemblies\Unity.AI.Toolkit.Async.pdb".
             This reference is not "CopyLocal" because at least one source item had "Private" set to "false" and no source items had "Private" set to "true".
         Dependency "Unity.AI.Generators.Sdk, Version=0.0.0.0, Culture=neutral, PublicKeyToken=null".
             Resolved file path is "C:\Users\germa\Desktop\Kavkazim\kavkazim\Library\ScriptAssemblies\Unity.AI.Generators.Sdk.dll".
             Reference found at search path location "C:\Users\germa\Desktop\Kavkazim\kavkazim\Library\ScriptAssemblies".
                 For SearchPath "C:\Users\germa\Desktop\Kavkazim\kavkazim\Library\ScriptAssemblies".
                 Considered "C:\Users\germa\Desktop\Kavkazim\kavkazim\Library\ScriptAssemblies\Unity.AI.Generators.Sdk.winmd", but it didn't exist.
             Required by "Unity.2D.Enhancers.Editor.AIBridge".
             Required by "Unity.2D.Enhancers.Editor".
             Found related file "C:\Users\germa\Desktop\Kavkazim\kavkazim\Library\ScriptAssemblies\Unity.AI.Generators.Sdk.pdb".
             This reference is not "CopyLocal" because at least one source item had "Private" set to "false" and no source items had "Private" set to "true".
         Dependency "Unity.AI.Toolkit.GenerationContextMenu, Version=0.0.0.0, Culture=neutral, PublicKeyToken=null".
             Resolved file path is "C:\Users\germa\Desktop\Kavkazim\kavkazim\Library\ScriptAssemblies\Unity.AI.Toolkit.GenerationContextMenu.dll".
             Reference found at search path location "C:\Users\germa\Desktop\Kavkazim\kavkazim\Library\ScriptAssemblies".
                 For SearchPath "C:\Users\germa\Desktop\Kavkazim\kavkazim\Library\ScriptAssemblies".
                 Considered "C:\Users\germa\Desktop\Kavkazim\kavkazim\Library\ScriptAssemblies\Unity.AI.Toolkit.GenerationContextMenu.winmd", but it didn't exist.
             Required by "Unity.2D.Enhancers.Editor.AIBridge".
             Required by "Unity.2D.Enhancers.Editor".
             Found related file "C:\Users\germa\Desktop\Kavkazim\kavkazim\Library\ScriptAssemblies\Unity.AI.Toolkit.GenerationContextMenu.pdb".
             This reference is not "CopyLocal" because at least one source item had "Private" set to "false" and no source items had "Private" set to "true".
         Dependency "Unity.AI.Generators.Contexts, Version=0.0.0.0, Culture=neutral, PublicKeyToken=null".
             Resolved file path is "C:\Users\germa\Desktop\Kavkazim\kavkazim\Library\ScriptAssemblies\Unity.AI.Generators.Contexts.dll".
             Reference found at search path location "C:\Users\germa\Desktop\Kavkazim\kavkazim\Library\ScriptAssemblies".
                 For SearchPath "C:\Users\germa\Desktop\Kavkazim\kavkazim\Library\ScriptAssemblies".
                 Considered "C:\Users\germa\Desktop\Kavkazim\kavkazim\Library\ScriptAssemblies\Unity.AI.Generators.Contexts.winmd", but it didn't exist.
             Required by "Unity.2D.Enhancers.Editor.AIBridge".
             Required by "Unity.2D.Enhancers.Editor".
             Found related file "C:\Users\germa\Desktop\Kavkazim\kavkazim\Library\ScriptAssemblies\Unity.AI.Generators.Contexts.pdb".
             This reference is not "CopyLocal" because at least one source item had "Private" set to "false" and no source items had "Private" set to "true".
         Dependency "Unity.AI.Toolkit.Asset, Version=0.0.0.0, Culture=neutral, PublicKeyToken=null".
             Resolved file path is "C:\Users\germa\Desktop\Kavkazim\kavkazim\Library\ScriptAssemblies\Unity.AI.Toolkit.Asset.dll".
             Reference found at search path location "C:\Users\germa\Desktop\Kavkazim\kavkazim\Library\ScriptAssemblies".
                 For SearchPath "C:\Users\germa\Desktop\Kavkazim\kavkazim\Library\ScriptAssemblies".
                 Considered "C:\Users\germa\Desktop\Kavkazim\kavkazim\Library\ScriptAssemblies\Unity.AI.Toolkit.Asset.winmd", but it didn't exist.
             Required by "Unity.2D.Enhancers.Editor.AIBridge".
             Required by "Unity.2D.Enhancers.Editor".
             Found related file "C:\Users\germa\Desktop\Kavkazim\kavkazim\Library\ScriptAssemblies\Unity.AI.Toolkit.Asset.pdb".
             This reference is not "CopyLocal" because at least one source item had "Private" set to "false" and no source items had "Private" set to "true".
         Dependency "Unity.AI.Toolkit.GenerationObjectPicker, Version=0.0.0.0, Culture=neutral, PublicKeyToken=null".
             Resolved file path is "C:\Users\germa\Desktop\Kavkazim\kavkazim\Library\ScriptAssemblies\Unity.AI.Toolkit.GenerationObjectPicker.dll".
             Reference found at search path location "C:\Users\germa\Desktop\Kavkazim\kavkazim\Library\ScriptAssemblies".
                 For SearchPath "C:\Users\germa\Desktop\Kavkazim\kavkazim\Library\ScriptAssemblies".
                 Considered "C:\Users\germa\Desktop\Kavkazim\kavkazim\Library\ScriptAssemblies\Unity.AI.Toolkit.GenerationObjectPicker.winmd", but it didn't exist.
             Required by "Unity.2D.Enhancers.Editor.AIBridge".
             Required by "Unity.2D.Enhancers.Editor".
             Found related file "C:\Users\germa\Desktop\Kavkazim\kavkazim\Library\ScriptAssemblies\Unity.AI.Toolkit.GenerationObjectPicker.pdb".
             This reference is not "CopyLocal" because at least one source item had "Private" set to "false" and no source items had "Private" set to "true".
         Dependency "Unity.InferenceEngine.Microsoft.Msagl, Version=0.0.0.0, Culture=neutral, PublicKeyToken=null".
             Resolved file path is "C:\Users\germa\Desktop\Kavkazim\kavkazim\Library\ScriptAssemblies\Unity.InferenceEngine.Microsoft.Msagl.dll".
             Reference found at search path location "C:\Users\germa\Desktop\Kavkazim\kavkazim\Library\ScriptAssemblies".
                 For SearchPath "C:\Users\germa\Desktop\Kavkazim\kavkazim\Library\ScriptAssemblies".
                 Considered "C:\Users\germa\Desktop\Kavkazim\kavkazim\Library\ScriptAssemblies\Unity.InferenceEngine.Microsoft.Msagl.winmd", but it didn't exist.
             Required by "Unity.InferenceEngine.Editor".
             Found related file "C:\Users\germa\Desktop\Kavkazim\kavkazim\Library\ScriptAssemblies\Unity.InferenceEngine.Microsoft.Msagl.pdb".
             This reference is not "CopyLocal" because at least one source item had "Private" set to "false" and no source items had "Private" set to "true".
         Dependency "Unity.Services.Core.Editor, Version=0.0.0.0, Culture=neutral, PublicKeyToken=null".
             Resolved file path is "C:\Users\germa\Desktop\Kavkazim\kavkazim\Library\ScriptAssemblies\Unity.Services.Core.Editor.dll".
             Reference found at search path location "C:\Users\germa\Desktop\Kavkazim\kavkazim\Library\ScriptAssemblies".
                 For SearchPath "C:\Users\germa\Desktop\Kavkazim\kavkazim\Library\ScriptAssemblies".
                 Considered "C:\Users\germa\Desktop\Kavkazim\kavkazim\Library\ScriptAssemblies\Unity.Services.Core.Editor.winmd", but it didn't exist.
             Required by "Unity.Services.Authentication.Editor.Shared".
             Found related file "C:\Users\germa\Desktop\Kavkazim\kavkazim\Library\ScriptAssemblies\Unity.Services.Core.Editor.pdb".
             This reference is not "CopyLocal" because at least one source item had "Private" set to "false" and no source items had "Private" set to "true".
         Dependency "Unity.Services.Authentication.PlayerAccounts.Editor, Version=0.0.0.0, Culture=neutral, PublicKeyToken=null".
             Resolved file path is "C:\Users\germa\Desktop\Kavkazim\kavkazim\Library\ScriptAssemblies\Unity.Services.Authentication.PlayerAccounts.Editor.dll".
             Reference found at search path location "C:\Users\germa\Desktop\Kavkazim\kavkazim\Library\ScriptAssemblies".
                 For SearchPath "C:\Users\germa\Desktop\Kavkazim\kavkazim\Library\ScriptAssemblies".
                 Considered "C:\Users\germa\Desktop\Kavkazim\kavkazim\Library\ScriptAssemblies\Unity.Services.Authentication.PlayerAccounts.Editor.winmd", but it didn't exist.
             Required by "Unity.Services.Authentication.Editor.Shared".
             Found related file "C:\Users\germa\Desktop\Kavkazim\kavkazim\Library\ScriptAssemblies\Unity.Services.Authentication.PlayerAccounts.Editor.pdb".
             This reference is not "CopyLocal" because at least one source item had "Private" set to "false" and no source items had "Private" set to "true".
         Dependency "Unity.Multiplayer.Playmode.Common.Runtime, Version=0.0.0.0, Culture=neutral, PublicKeyToken=null".
             Resolved file path is "C:\Users\germa\Desktop\Kavkazim\kavkazim\Library\ScriptAssemblies\Unity.Multiplayer.Playmode.Common.Runtime.dll".
             Reference found at search path location "C:\Users\germa\Desktop\Kavkazim\kavkazim\Library\ScriptAssemblies".
                 For SearchPath "C:\Users\germa\Desktop\Kavkazim\kavkazim\Library\ScriptAssemblies".
                 Considered "C:\Users\germa\Desktop\Kavkazim\kavkazim\Library\ScriptAssemblies\Unity.Multiplayer.Playmode.Common.Runtime.winmd", but it didn't exist.
             Required by "Unity.Multiplayer.PlayMode.Scenarios.Editor".
             Required by "Unity.Multiplayer.Playmode".
             Found related file "C:\Users\germa\Desktop\Kavkazim\kavkazim\Library\ScriptAssemblies\Unity.Multiplayer.Playmode.Common.Runtime.pdb".
             This reference is not "CopyLocal" because at least one source item had "Private" set to "false" and no source items had "Private" set to "true".
         Dependency "Unity.Services.Core.Configuration.Editor, Version=0.0.0.0, Culture=neutral, PublicKeyToken=null".
             Resolved file path is "C:\Users\germa\Desktop\Kavkazim\kavkazim\Library\ScriptAssemblies\Unity.Services.Core.Configuration.Editor.dll".
             Reference found at search path location "C:\Users\germa\Desktop\Kavkazim\kavkazim\Library\ScriptAssemblies".
                 For SearchPath "C:\Users\germa\Desktop\Kavkazim\kavkazim\Library\ScriptAssemblies".
                 Considered "C:\Users\germa\Desktop\Kavkazim\kavkazim\Library\ScriptAssemblies\Unity.Services.Core.Configuration.Editor.winmd", but it didn't exist.
             Required by "Unity.Services.Authentication.Editor.Shared".
             Found related file "C:\Users\germa\Desktop\Kavkazim\kavkazim\Library\ScriptAssemblies\Unity.Services.Core.Configuration.Editor.pdb".
             This reference is not "CopyLocal" because at least one source item had "Private" set to "false" and no source items had "Private" set to "true".
         Dependency "Unity.Services.Core.Scheduler, Version=0.0.0.0, Culture=neutral, PublicKeyToken=null".
             Resolved file path is "C:\Users\germa\Desktop\Kavkazim\kavkazim\Library\ScriptAssemblies\Unity.Services.Core.Scheduler.dll".
             Reference found at search path location "C:\Users\germa\Desktop\Kavkazim\kavkazim\Library\ScriptAssemblies".
                 For SearchPath "C:\Users\germa\Desktop\Kavkazim\kavkazim\Library\ScriptAssemblies".
                 Considered "C:\Users\germa\Desktop\Kavkazim\kavkazim\Library\ScriptAssemblies\Unity.Services.Core.Scheduler.winmd", but it didn't exist.
             Required by "Unity.Services.Authentication.Editor.Shared".
             Found related file "C:\Users\germa\Desktop\Kavkazim\kavkazim\Library\ScriptAssemblies\Unity.Services.Core.Scheduler.pdb".
             This reference is not "CopyLocal" because at least one source item had "Private" set to "false" and no source items had "Private" set to "true".
         Dependency "Unity.Services.Core.Networking, Version=0.0.0.0, Culture=neutral, PublicKeyToken=null".
             Resolved file path is "C:\Users\germa\Desktop\Kavkazim\kavkazim\Library\ScriptAssemblies\Unity.Services.Core.Networking.dll".
             Reference found at search path location "C:\Users\germa\Desktop\Kavkazim\kavkazim\Library\ScriptAssemblies".
                 For SearchPath "C:\Users\germa\Desktop\Kavkazim\kavkazim\Library\ScriptAssemblies".
                 Considered "C:\Users\germa\Desktop\Kavkazim\kavkazim\Library\ScriptAssemblies\Unity.Services.Core.Networking.winmd", but it didn't exist.
             Required by "Unity.Services.Authentication.Editor.Shared".
             Found related file "C:\Users\germa\Desktop\Kavkazim\kavkazim\Library\ScriptAssemblies\Unity.Services.Core.Networking.pdb".
             This reference is not "CopyLocal" because at least one source item had "Private" set to "false" and no source items had "Private" set to "true".
         Dependency "Unity.Services.Core.Configuration, Version=0.0.0.0, Culture=neutral, PublicKeyToken=null".
             Resolved file path is "C:\Users\germa\Desktop\Kavkazim\kavkazim\Library\ScriptAssemblies\Unity.Services.Core.Configuration.dll".
             Reference found at search path location "C:\Users\germa\Desktop\Kavkazim\kavkazim\Library\ScriptAssemblies".
                 For SearchPath "C:\Users\germa\Desktop\Kavkazim\kavkazim\Library\ScriptAssemblies".
                 Considered "C:\Users\germa\Desktop\Kavkazim\kavkazim\Library\ScriptAssemblies\Unity.Services.Core.Configuration.winmd", but it didn't exist.
             Required by "Unity.Services.Authentication.Editor.Shared".
             Found related file "C:\Users\germa\Desktop\Kavkazim\kavkazim\Library\ScriptAssemblies\Unity.Services.Core.Configuration.pdb".
             This reference is not "CopyLocal" because at least one source item had "Private" set to "false" and no source items had "Private" set to "true".
   1:7>C:\Program Files\dotnet\sdk\6.0.400\Microsoft.Common.CurrentVersion.targets(2302,5): warning MSB3277: Found conflicts between different versions of "System.Net.Http" that could not be resolved. [C:\Users\germa\Desktop\Kavkazim\kavkazim\Assembly-CSharp.csproj]
C:\Program Files\dotnet\sdk\6.0.400\Microsoft.Common.CurrentVersion.targets(2302,5): warning MSB3277: There was a conflict between "System.Net.Http, Version=4.1.2.0, Culture=neutral, PublicKeyToken=b03f5f7f11d50a3a" and "System.Net.Http, Version=4.2.0.0, Culture=neutral, PublicKeyToken=b03f5f7f11d50a3a". [C:\Users\germa\Desktop\Kavkazim\kavkazim\Assembly-CSharp.csproj]
C:\Program Files\dotnet\sdk\6.0.400\Microsoft.Common.CurrentVersion.targets(2302,5): warning MSB3277:     "System.Net.Http, Version=4.1.2.0, Culture=neutral, PublicKeyToken=b03f5f7f11d50a3a" was chosen because it was primary and "System.Net.Http, Version=4.2.0.0, Culture=neutral, PublicKeyToken=b03f5f7f11d50a3a" was not. [C:\Users\germa\Desktop\Kavkazim\kavkazim\Assembly-CSharp.csproj]
C:\Program Files\dotnet\sdk\6.0.400\Microsoft.Common.CurrentVersion.targets(2302,5): warning MSB3277:     References which depend on "System.Net.Http, Version=4.1.2.0, Culture=neutral, PublicKeyToken=b03f5f7f11d50a3a" [C:\Program Files\Unity\Hub\Editor\6000.2.0f1\Editor\Data\NetStandard\compat\2.1.0\shims\netstandard\System.Net.Http.dll]. [C:\Users\germa\Desktop\Kavkazim\kavkazim\Assembly-CSharp.csproj]
C:\Program Files\dotnet\sdk\6.0.400\Microsoft.Common.CurrentVersion.targets(2302,5): warning MSB3277:         C:\Program Files\Unity\Hub\Editor\6000.2.0f1\Editor\Data\NetStandard\compat\2.1.0\shims\netstandard\System.Net.Http.dll [C:\Users\germa\Desktop\Kavkazim\kavkazim\Assembly-CSharp.csproj]
C:\Program Files\dotnet\sdk\6.0.400\Microsoft.Common.CurrentVersion.targets(2302,5): warning MSB3277:           Project file item includes which caused reference "C:\Program Files\Unity\Hub\Editor\6000.2.0f1\Editor\Data\NetStandard\compat\2.1.0\shims\netstandard\System.Net.Http.dll". [C:\Users\germa\Desktop\Kavkazim\kavkazim\Assembly-CSharp.csproj]
C:\Program Files\dotnet\sdk\6.0.400\Microsoft.Common.CurrentVersion.targets(2302,5): warning MSB3277:             System.Net.Http [C:\Users\germa\Desktop\Kavkazim\kavkazim\Assembly-CSharp.csproj]
C:\Program Files\dotnet\sdk\6.0.400\Microsoft.Common.CurrentVersion.targets(2302,5): warning MSB3277:     References which depend on "System.Net.Http, Version=4.2.0.0, Culture=neutral, PublicKeyToken=b03f5f7f11d50a3a" []. [C:\Users\germa\Desktop\Kavkazim\kavkazim\Assembly-CSharp.csproj]
C:\Program Files\dotnet\sdk\6.0.400\Microsoft.Common.CurrentVersion.targets(2302,5): warning MSB3277:         C:\Users\germa\Desktop\Kavkazim\kavkazim\Library\ScriptAssemblies\Unity.Addressables.Editor.dll [C:\Users\germa\Desktop\Kavkazim\kavkazim\Assembly-CSharp.csproj]
C:\Program Files\dotnet\sdk\6.0.400\Microsoft.Common.CurrentVersion.targets(2302,5): warning MSB3277:           Project file item includes which caused reference "C:\Users\germa\Desktop\Kavkazim\kavkazim\Library\ScriptAssemblies\Unity.Addressables.Editor.dll". [C:\Users\germa\Desktop\Kavkazim\kavkazim\Assembly-CSharp.csproj]
C:\Program Files\dotnet\sdk\6.0.400\Microsoft.Common.CurrentVersion.targets(2302,5): warning MSB3277:             Unity.Addressables.Editor [C:\Users\germa\Desktop\Kavkazim\kavkazim\Assembly-CSharp.csproj]
C:\Program Files\dotnet\sdk\6.0.400\Microsoft.Common.CurrentVersion.targets(2302,5): warning MSB3277:         C:\Users\germa\Desktop\Kavkazim\kavkazim\Library\ScriptAssemblies\Unity.AI.Image.dll [C:\Users\germa\Desktop\Kavkazim\kavkazim\Assembly-CSharp.csproj]
C:\Program Files\dotnet\sdk\6.0.400\Microsoft.Common.CurrentVersion.targets(2302,5): warning MSB3277:           Project file item includes which caused reference "C:\Users\germa\Desktop\Kavkazim\kavkazim\Library\ScriptAssemblies\Unity.AI.Image.dll". [C:\Users\germa\Desktop\Kavkazim\kavkazim\Assembly-CSharp.csproj]
C:\Program Files\dotnet\sdk\6.0.400\Microsoft.Common.CurrentVersion.targets(2302,5): warning MSB3277:             Unity.2D.Enhancers.Editor.AIBridge [C:\Users\germa\Desktop\Kavkazim\kavkazim\Assembly-CSharp.csproj]
C:\Program Files\dotnet\sdk\6.0.400\Microsoft.Common.CurrentVersion.targets(2302,5): warning MSB3277:             Unity.2D.Enhancers.Editor [C:\Users\germa\Desktop\Kavkazim\kavkazim\Assembly-CSharp.csproj]
C:\Program Files\dotnet\sdk\6.0.400\Microsoft.Common.CurrentVersion.targets(2302,5): warning MSB3277:         C:\Users\germa\Desktop\Kavkazim\kavkazim\Library\ScriptAssemblies\Unity.AI.Generators.UI.dll [C:\Users\germa\Desktop\Kavkazim\kavkazim\Assembly-CSharp.csproj]
C:\Program Files\dotnet\sdk\6.0.400\Microsoft.Common.CurrentVersion.targets(2302,5): warning MSB3277:           Project file item includes which caused reference "C:\Users\germa\Desktop\Kavkazim\kavkazim\Library\ScriptAssemblies\Unity.AI.Generators.UI.dll". [C:\Users\germa\Desktop\Kavkazim\kavkazim\Assembly-CSharp.csproj]
C:\Program Files\dotnet\sdk\6.0.400\Microsoft.Common.CurrentVersion.targets(2302,5): warning MSB3277:             Unity.2D.Enhancers.Editor.AIBridge [C:\Users\germa\Desktop\Kavkazim\kavkazim\Assembly-CSharp.csproj]
C:\Program Files\dotnet\sdk\6.0.400\Microsoft.Common.CurrentVersion.targets(2302,5): warning MSB3277:             Unity.2D.Enhancers.Editor [C:\Users\germa\Desktop\Kavkazim\kavkazim\Assembly-CSharp.csproj]
C:\Program Files\dotnet\sdk\6.0.400\Microsoft.Common.CurrentVersion.targets(2302,5): warning MSB3277:         C:\Users\germa\Desktop\Kavkazim\kavkazim\Library\ScriptAssemblies\Unity.AI.ModelSelector.dll [C:\Users\germa\Desktop\Kavkazim\kavkazim\Assembly-CSharp.csproj]
C:\Program Files\dotnet\sdk\6.0.400\Microsoft.Common.CurrentVersion.targets(2302,5): warning MSB3277:           Project file item includes which caused reference "C:\Users\germa\Desktop\Kavkazim\kavkazim\Library\ScriptAssemblies\Unity.AI.ModelSelector.dll". [C:\Users\germa\Desktop\Kavkazim\kavkazim\Assembly-CSharp.csproj]
C:\Program Files\dotnet\sdk\6.0.400\Microsoft.Common.CurrentVersion.targets(2302,5): warning MSB3277:             Unity.2D.Enhancers.Editor.AIBridge [C:\Users\germa\Desktop\Kavkazim\kavkazim\Assembly-CSharp.csproj]
C:\Program Files\dotnet\sdk\6.0.400\Microsoft.Common.CurrentVersion.targets(2302,5): warning MSB3277:             Unity.2D.Enhancers.Editor [C:\Users\germa\Desktop\Kavkazim\kavkazim\Assembly-CSharp.csproj]
C:\Program Files\dotnet\sdk\6.0.400\Microsoft.Common.CurrentVersion.targets(2302,5): warning MSB3277:         C:\Users\germa\Desktop\Kavkazim\kavkazim\Library\ScriptAssemblies\Unity.AI.Toolkit.Accounts.dll [C:\Users\germa\Desktop\Kavkazim\kavkazim\Assembly-CSharp.csproj]
C:\Program Files\dotnet\sdk\6.0.400\Microsoft.Common.CurrentVersion.targets(2302,5): warning MSB3277:           Project file item includes which caused reference "C:\Users\germa\Desktop\Kavkazim\kavkazim\Library\ScriptAssemblies\Unity.AI.Toolkit.Accounts.dll". [C:\Users\germa\Desktop\Kavkazim\kavkazim\Assembly-CSharp.csproj]
C:\Program Files\dotnet\sdk\6.0.400\Microsoft.Common.CurrentVersion.targets(2302,5): warning MSB3277:             Unity.2D.Enhancers.Editor.AIBridge [C:\Users\germa\Desktop\Kavkazim\kavkazim\Assembly-CSharp.csproj]
C:\Program Files\dotnet\sdk\6.0.400\Microsoft.Common.CurrentVersion.targets(2302,5): warning MSB3277:             Unity.2D.Enhancers.Editor [C:\Users\germa\Desktop\Kavkazim\kavkazim\Assembly-CSharp.csproj]
C:\Program Files\dotnet\sdk\6.0.400\Microsoft.Common.CurrentVersion.targets(2302,5): warning MSB3277:         C:\Users\germa\Desktop\Kavkazim\kavkazim\Library\ScriptAssemblies\Unity.AI.Generators.Sdk.dll [C:\Users\germa\Desktop\Kavkazim\kavkazim\Assembly-CSharp.csproj]
C:\Program Files\dotnet\sdk\6.0.400\Microsoft.Common.CurrentVersion.targets(2302,5): warning MSB3277:           Project file item includes which caused reference "C:\Users\germa\Desktop\Kavkazim\kavkazim\Library\ScriptAssemblies\Unity.AI.Generators.Sdk.dll". [C:\Users\germa\Desktop\Kavkazim\kavkazim\Assembly-CSharp.csproj]
C:\Program Files\dotnet\sdk\6.0.400\Microsoft.Common.CurrentVersion.targets(2302,5): warning MSB3277:             Unity.2D.Enhancers.Editor.AIBridge [C:\Users\germa\Desktop\Kavkazim\kavkazim\Assembly-CSharp.csproj]
C:\Program Files\dotnet\sdk\6.0.400\Microsoft.Common.CurrentVersion.targets(2302,5): warning MSB3277:             Unity.2D.Enhancers.Editor [C:\Users\germa\Desktop\Kavkazim\kavkazim\Assembly-CSharp.csproj]
       Done executing task "ResolveAssemblyReference".
   1:7>Done building target "ResolveAssemblyReferences" in project "Assembly-CSharp.csproj".
       Target "GenerateBindingRedirects" skipped, due to false condition; ('$(AutoGenerateBindingRedirects)' == 'true' and '$(GenerateBindingRedirectsOutputType)' == 'true') was evaluated as ('' == 'true' and '' == 'true').
       Target "ResolveAssemblyReferences" skipped. Previously built successfully.
   1:7>Target "_RemoveZipFileSuggestedRedirect" in file "C:\Program Files\dotnet\sdk\6.0.400\Microsoft\Microsoft.NET.Build.Extensions\Microsoft.NET.Build.Extensions.NETFramework.targets" from project "C:\Users\germa\Desktop\Kavkazim\kavkazim\Assembly-CSharp.csproj" (target "GenerateBindingRedirects" depends on it):
   1:7>Done building target "_RemoveZipFileSuggestedRedirect" in project "Assembly-CSharp.csproj".
       Target "GenerateBindingRedirectsUpdateAppConfig" skipped, due to false condition; ('$(AutoGenerateBindingRedirects)' == 'true' and '$(GenerateBindingRedirectsOutputType)' == 'true' and Exists('$(_GenerateBindingRedirectsIntermediateAppConfig)')) was evaluated as ('' == 'true' and '' == 'true' and Exists('obj\Debug\Assembly-CSharp.dll.config')).
       Target "ResolveComReferences" skipped, due to false condition; ('@(COMReference)'!='' or '@(COMFileReference)'!='') was evaluated as (''!='' or ''!='').
   1:7>Target "AfterResolveReferences" in file "C:\Program Files\dotnet\sdk\6.0.400\Microsoft.Common.CurrentVersion.targets" from project "C:\Users\germa\Desktop\Kavkazim\kavkazim\Assembly-CSharp.csproj" (target "ResolveReferences" depends on it):
   1:7>Done building target "AfterResolveReferences" in project "Assembly-CSharp.csproj".
       Target "ImplicitlyExpandDesignTimeFacades" skipped, due to false condition; ('$(ImplicitlyExpandDesignTimeFacades)' == 'true') was evaluated as ('false' == 'true').
   1:7>Target "ResolveReferences" in file "C:\Program Files\dotnet\sdk\6.0.400\Microsoft.Common.CurrentVersion.targets" from project "C:\Users\germa\Desktop\Kavkazim\kavkazim\Assembly-CSharp.csproj" (target "CoreBuild" depends on it):
   1:7>Done building target "ResolveReferences" in project "Assembly-CSharp.csproj".
   1:7>Target "CopyAdditionalFiles" in file "C:\Program Files\dotnet\sdk\6.0.400\Roslyn\Microsoft.Managed.Core.targets" from project "C:\Users\germa\Desktop\Kavkazim\kavkazim\Assembly-CSharp.csproj" (target "AssignTargetPaths" depends on it):
   1:7>Done building target "CopyAdditionalFiles" in project "Assembly-CSharp.csproj".
   1:7>Target "AssignTargetPaths" in file "C:\Program Files\dotnet\sdk\6.0.400\Microsoft.Common.CurrentVersion.targets" from project "C:\Users\germa\Desktop\Kavkazim\kavkazim\Assembly-CSharp.csproj" (target "PrepareResourceNames" depends on it):
       Using "AssignTargetPath" task from assembly "Microsoft.Build.Tasks.Core, Version=15.1.0.0, Culture=neutral, PublicKeyToken=b03f5f7f11d50a3a".
       Task "AssignTargetPath"
       Done executing task "AssignTargetPath".
       Task "AssignTargetPath"
       Done executing task "AssignTargetPath".
       Task "AssignTargetPath"
       Done executing task "AssignTargetPath".
       Task "AssignTargetPath"
       Done executing task "AssignTargetPath".
       Task "AssignTargetPath" skipped, due to false condition; ('@(_DeploymentBaseManifestWithTargetPath)'=='' and '%(None.Extension)'=='.manifest') was evaluated as (''=='' and '.cginc'=='.manifest').
       Task "AssignTargetPath" skipped, due to false condition; ('@(_DeploymentBaseManifestWithTargetPath)'=='' and '%(None.Extension)'=='.manifest') was evaluated as (''=='' and '.shader'=='.manifest').
       Task "AssignTargetPath" skipped, due to false condition; ('@(_DeploymentBaseManifestWithTargetPath)'=='' and '%(None.Extension)'=='.manifest') was evaluated as (''=='' and '.txt'=='.manifest').
       Task "AssignTargetPath" skipped, due to false condition; ('@(_DeploymentBaseManifestWithTargetPath)'=='' and '%(None.Extension)'=='.manifest') was evaluated as (''=='' and '.hlsl'=='.manifest').
   1:7>Done building target "AssignTargetPaths" in project "Assembly-CSharp.csproj".
       Target "AssignTargetPaths" skipped. Previously built successfully.
   1:7>Target "SplitResourcesByCulture" in file "C:\Program Files\dotnet\sdk\6.0.400\Microsoft.Common.CurrentVersion.targets" from project "C:\Users\germa\Desktop\Kavkazim\kavkazim\Assembly-CSharp.csproj" (target "PrepareResourceNames" depends on it):
       Task "Warning" skipped, due to false condition; ('@(ResxWithNoCulture)'!='') was evaluated as (''!='').
       Task "Warning" skipped, due to false condition; ('@(ResxWithCulture)'!='') was evaluated as (''!='').
       Task "Warning" skipped, due to false condition; ('@(NonResxWithCulture)'!='') was evaluated as (''!='').
       Task "Warning" skipped, due to false condition; ('@(NonResxWithNoCulture)'!='') was evaluated as (''!='').
       Using "AssignCulture" task from assembly "Microsoft.Build.Tasks.Core, Version=15.1.0.0, Culture=neutral, PublicKeyToken=b03f5f7f11d50a3a".
       Task "AssignCulture"
       Done executing task "AssignCulture".
   1:7>Done building target "SplitResourcesByCulture" in project "Assembly-CSharp.csproj".
       Target "CreateManifestResourceNames" skipped, due to false condition; ('@(EmbeddedResource)' != '') was evaluated as ('' != '').
   1:7>Target "CreateCustomManifestResourceNames" in file "C:\Program Files\dotnet\sdk\6.0.400\Microsoft.Common.CurrentVersion.targets" from project "C:\Users\germa\Desktop\Kavkazim\kavkazim\Assembly-CSharp.csproj" (target "PrepareResourceNames" depends on it):
   1:7>Done building target "CreateCustomManifestResourceNames" in project "Assembly-CSharp.csproj".
   1:7>Target "PrepareResourceNames" in file "C:\Program Files\dotnet\sdk\6.0.400\Microsoft.Common.CurrentVersion.targets" from project "C:\Users\germa\Desktop\Kavkazim\kavkazim\Assembly-CSharp.csproj" (target "PrepareResources" depends on it):
   1:7>Done building target "PrepareResourceNames" in project "Assembly-CSharp.csproj".
       Target "ResolveAssemblyReferences" skipped. Previously built successfully.
       Target "SplitResourcesByCulture" skipped. Previously built successfully.
   1:7>Target "BeforeResGen" in file "C:\Program Files\dotnet\sdk\6.0.400\Microsoft.Common.CurrentVersion.targets" from project "C:\Users\germa\Desktop\Kavkazim\kavkazim\Assembly-CSharp.csproj" (target "ResGen" depends on it):
   1:7>Done building target "BeforeResGen" in project "Assembly-CSharp.csproj".
       Target "ResolveReferences" skipped. Previously built successfully.
   1:7>Target "FindReferenceAssembliesForReferences" in file "C:\Program Files\dotnet\sdk\6.0.400\Microsoft.Common.CurrentVersion.targets" from project "C:\Users\germa\Desktop\Kavkazim\kavkazim\Assembly-CSharp.csproj" (target "CoreResGen" depends on it):
   1:7>Done building target "FindReferenceAssembliesForReferences" in project "Assembly-CSharp.csproj".
   1:7>Target "CoreResGen" in file "C:\Program Files\dotnet\sdk\6.0.400\Microsoft.Common.CurrentVersion.targets" from project "C:\Users\germa\Desktop\Kavkazim\kavkazim\Assembly-CSharp.csproj" (target "ResGen" depends on it):
       Task "GenerateResource" skipped, due to false condition; ('%(EmbeddedResource.Type)' == 'Resx' and '%(EmbeddedResource.GenerateResource)' != 'false' and '$(GenerateResourceMSBuildRuntime)' != 'CLR2') was evaluated as ('' == 'Resx' and '' != 'false' and '' != 'CLR2').
       Task "GenerateResource" skipped, due to false condition; ('%(EmbeddedResource.Type)' == 'Resx' and '%(EmbeddedResource.GenerateResource)' != 'false' and '$(GenerateResourceMSBuildRuntime)' == 'CLR2') was evaluated as ('' == 'Resx' and '' != 'false' and '' == 'CLR2').
   1:7>Done building target "CoreResGen" in project "Assembly-CSharp.csproj".
   1:7>Target "AfterResGen" in file "C:\Program Files\dotnet\sdk\6.0.400\Microsoft.Common.CurrentVersion.targets" from project "C:\Users\germa\Desktop\Kavkazim\kavkazim\Assembly-CSharp.csproj" (target "ResGen" depends on it):
   1:7>Done building target "AfterResGen" in project "Assembly-CSharp.csproj".
   1:7>Target "ResGen" in file "C:\Program Files\dotnet\sdk\6.0.400\Microsoft.Common.CurrentVersion.targets" from project "C:\Users\germa\Desktop\Kavkazim\kavkazim\Assembly-CSharp.csproj" (target "PrepareResources" depends on it):
   1:7>Done building target "ResGen" in project "Assembly-CSharp.csproj".
       Target "CompileLicxFiles" skipped, due to false condition; ('@(_LicxFile)'!='') was evaluated as (''!='').
   1:7>Target "PrepareResources" in file "C:\Program Files\dotnet\sdk\6.0.400\Microsoft.Common.CurrentVersion.targets" from project "C:\Users\germa\Desktop\Kavkazim\kavkazim\Assembly-CSharp.csproj" (target "CoreBuild" depends on it):
   1:7>Done building target "PrepareResources" in project "Assembly-CSharp.csproj".
       Target "ResolveKeySource" skipped, due to false condition; ($(SignManifests) == 'true' or $(SignAssembly) == 'true') was evaluated as ( == 'true' or  == 'true').
       Target "ResolveReferences" skipped. Previously built successfully.
       Target "ResolveKeySource" skipped, due to false condition; ($(SignManifests) == 'true' or $(SignAssembly) == 'true') was evaluated as ( == 'true' or  == 'true').
       Target "ResolveComReferences" skipped, due to false condition; ('@(COMReference)'!='' or '@(COMFileReference)'!='') was evaluated as (''!='' or ''!='').
       Target "ResolveNativeReferences" skipped, due to false condition; ('@(NativeReference)'!='') was evaluated as (''!='').
       Target "_SetExternalWin32ManifestProperties" skipped, due to false condition; ('$(GenerateClickOnceManifests)'=='true' or '@(NativeReference)'!='' or '@(ResolvedIsolatedComModules)'!='') was evaluated as (''=='true' or ''!='' or ''!='').
   1:7>Target "_SetEmbeddedWin32ManifestProperties" in file "C:\Program Files\dotnet\sdk\6.0.400\Microsoft.Common.CurrentVersion.targets" from project "C:\Users\germa\Desktop\Kavkazim\kavkazim\Assembly-CSharp.csproj" (target "SetWin32ManifestProperties" depends on it):
       Using "GetFrameworkPath" task from assembly "Microsoft.Build.Tasks.Core, Version=15.1.0.0, Culture=neutral, PublicKeyToken=b03f5f7f11d50a3a".
       Task "GetFrameworkPath"
       Done executing task "GetFrameworkPath".
   1:7>Done building target "_SetEmbeddedWin32ManifestProperties" in project "Assembly-CSharp.csproj".
   1:7>Target "SetWin32ManifestProperties" in file "C:\Program Files\dotnet\sdk\6.0.400\Microsoft.Common.CurrentVersion.targets" from project "C:\Users\germa\Desktop\Kavkazim\kavkazim\Assembly-CSharp.csproj" (target "Compile" depends on it):
   1:7>Done building target "SetWin32ManifestProperties" in project "Assembly-CSharp.csproj".
       Target "FindReferenceAssembliesForReferences" skipped. Previously built successfully.
   1:7>Target "_GenerateCompileInputs" in file "C:\Program Files\dotnet\sdk\6.0.400\Microsoft.Common.CurrentVersion.targets" from project "C:\Users\germa\Desktop\Kavkazim\kavkazim\Assembly-CSharp.csproj" (target "Compile" depends on it):
       Task "Warning" skipped, due to false condition; ('@(ManifestResourceWithNoCulture)'!='' and '%(ManifestResourceWithNoCulture.EmittedForCompatibilityOnly)'=='') was evaluated as (''!='' and ''=='').
       Task "Warning" skipped, due to false condition; ('@(ManifestNonResxWithNoCultureOnDisk)'!='' and '%(ManifestNonResxWithNoCultureOnDisk.EmittedForCompatibilityOnly)'=='') was evaluated as (''!='' and ''=='').
   1:7>Done building target "_GenerateCompileInputs" in project "Assembly-CSharp.csproj".
       Target "PrepareForBuild" skipped. Previously built successfully.
   1:7>Target "GenerateMSBuildEditorConfigFileShouldRun" in file "C:\Program Files\dotnet\sdk\6.0.400\Roslyn\Microsoft.Managed.Core.targets" from project "C:\Users\germa\Desktop\Kavkazim\kavkazim\Assembly-CSharp.csproj" (target "GenerateMSBuildEditorConfigFile" depends on it):
   1:7>Done building target "GenerateMSBuildEditorConfigFileShouldRun" in project "Assembly-CSharp.csproj".
       Target "GenerateMSBuildEditorConfigFileCore" skipped, due to false condition; ('$(_GeneratedEditorConfigShouldRun)' == 'true') was evaluated as ('' == 'true').
   1:7>Target "GenerateMSBuildEditorConfigFile" in file "C:\Program Files\dotnet\sdk\6.0.400\Roslyn\Microsoft.Managed.Core.targets" from project "C:\Users\germa\Desktop\Kavkazim\kavkazim\Assembly-CSharp.csproj" (target "BeforeCompile" depends on it):
   1:7>Done building target "GenerateMSBuildEditorConfigFile" in project "Assembly-CSharp.csproj".
       Target "GenerateAdditionalSources" skipped, due to false condition; ('@(AssemblyAttributes)' != '' and '$(GenerateAdditionalSources)' == 'true') was evaluated as ('' != '' and '' == 'true').
   1:7>Target "BeforeCompile" in file "C:\Program Files\dotnet\sdk\6.0.400\Microsoft.Common.CurrentVersion.targets" from project "C:\Users\germa\Desktop\Kavkazim\kavkazim\Assembly-CSharp.csproj" (target "Compile" depends on it):
   1:7>Done building target "BeforeCompile" in project "Assembly-CSharp.csproj".
       Target "_TimeStampBeforeCompile" skipped, due to false condition; ('$(RunPostBuildEvent)'=='OnOutputUpdated' or ('$(RegisterForComInterop)'=='true' and '$(OutputType)'=='library')) was evaluated as (''=='OnOutputUpdated' or (''=='true' and 'Library'=='library')).
       Target "ResolveAssemblyReferences" skipped. Previously built successfully.
   1:7>Target "_GenerateCompileDependencyCache" in file "C:\Program Files\dotnet\sdk\6.0.400\Microsoft.Common.CurrentVersion.targets" from project "C:\Users\germa\Desktop\Kavkazim\kavkazim\Assembly-CSharp.csproj" (target "Compile" depends on it):
       Using "Hash" task from assembly "Microsoft.Build.Tasks.Core, Version=15.1.0.0, Culture=neutral, PublicKeyToken=b03f5f7f11d50a3a".
       Task "Hash"
       Done executing task "Hash".
       Using "WriteLinesToFile" task from assembly "Microsoft.Build.Tasks.Core, Version=15.1.0.0, Culture=neutral, PublicKeyToken=b03f5f7f11d50a3a".
       Task "WriteLinesToFile"
         Skipping write to file "obj\Debug\Assembly-CSharp.csproj.CoreCompileInputs.cache" because content would not change.
       Done executing task "WriteLinesToFile".
   1:7>Done building target "_GenerateCompileDependencyCache" in project "Assembly-CSharp.csproj".
       Target "_ComputeNonExistentFileProperty" skipped, due to false condition; (('$(BuildingInsideVisualStudio)' == 'true') and ('$(BuildingOutOfProcess)' != 'true') and (('$(BuildingProject)' == 'false') or ('$(UseHostCompilerIfAvailable)' == 'true'))) was evaluated as (('' == 'true') and ('' != 'true') and (('true' == 'false') or ('true' == 'true'))).
       Target "ResolveCodeAnalysisRuleSet" skipped, due to false condition; ('$(CodeAnalysisRuleSet)' != '') was evaluated as ('' != '').
       Target "ShimReferencePathsWhenCommonTargetsDoesNotUnderstandReferenceAssemblies" skipped, due to false condition; ('@(ReferencePathWithRefAssemblies)' == '') was evaluated as ('C:\Program Files\Unity\Hub\Editor\6000.2.0f1\Editor\Data\NetStandard\compat\2.1.0\shims\netstandard\Microsoft.Win32.Primitives.dll;C:\Users\germa\Desktop\Kavkazim\kavkazim\Library\PackageCache\com.unity.nuget.mono-cecil@d78732e851eb\Mono.Cecil.dll;C:\Program Files\Unity\Hub\Editor\6000.2.0f1\Editor\Data\NetStandard\compat\2.1.0\shims\netfx\mscorlib.dll;...' == '').
   1:7>Target "_BeforeVBCSCoreCompile" in file "C:\Program Files\dotnet\sdk\6.0.400\Roslyn\Microsoft.Managed.Core.targets" from project "C:\Users\germa\Desktop\Kavkazim\kavkazim\Assembly-CSharp.csproj" (target "CoreCompile" depends on it):
   1:7>Done building target "_BeforeVBCSCoreCompile" in project "Assembly-CSharp.csproj".
       Target "ShimReferencePathsWhenCommonTargetsDoesNotUnderstandReferenceAssemblies" skipped, due to false condition; ('@(ReferencePathWithRefAssemblies)' == '') was evaluated as ('C:\Program Files\Unity\Hub\Editor\6000.2.0f1\Editor\Data\NetStandard\compat\2.1.0\shims\netstandard\Microsoft.Win32.Primitives.dll;C:\Users\germa\Desktop\Kavkazim\kavkazim\Library\PackageCache\com.unity.nuget.mono-cecil@d78732e851eb\Mono.Cecil.dll;C:\Program Files\Unity\Hub\Editor\6000.2.0f1\Editor\Data\NetStandard\compat\2.1.0\shims\netfx\mscorlib.dll;...' == '').
   1:7>Target "_ComputeSkipAnalyzers" in file "C:\Program Files\dotnet\sdk\6.0.400\Roslyn\Microsoft.Managed.Core.targets" from project "C:\Users\germa\Desktop\Kavkazim\kavkazim\Assembly-CSharp.csproj" (target "CoreCompile" depends on it):
       Task "ShowMessageForImplicitlySkipAnalyzers" skipped, due to false condition; ('$(_ImplicitlySkipAnalyzers)' == 'true') was evaluated as ('' == 'true').
   1:7>Done building target "_ComputeSkipAnalyzers" in project "Assembly-CSharp.csproj".
       Target "_SetPathMapFromSourceRoots" skipped, due to false condition; ('$(DeterministicSourcePaths)' == 'true') was evaluated as ('' == 'true').
       Target "CreateCompilerGeneratedFilesOutputPath" skipped, due to false condition; ('$(EmitCompilerGeneratedFiles)' == 'true' and !('$(DesignTimeBuild)' == 'true' OR '$(BuildingProject)' != 'true')) was evaluated as ('false' == 'true' and !('' == 'true' OR 'true' != 'true')).
   1:7>Target "CoreCompile" in file "C:\Program Files\dotnet\sdk\6.0.400\Roslyn\Microsoft.CSharp.Core.targets" from project "C:\Users\germa\Desktop\Kavkazim\kavkazim\Assembly-CSharp.csproj" (target "Compile" depends on it):
       Building target "CoreCompile" completely.
       Input file "Assets\Scripts\UI\LobbyUI.cs" is newer than output file "obj\Debug\Assembly-CSharp.dll".
       Using "Csc" task from assembly "C:\Program Files\dotnet\sdk\6.0.400\Roslyn\Microsoft.Build.Tasks.CodeAnalysis.dll".
       Task "Csc"
         C:\Program Files\dotnet\dotnet.exe exec "C:\Program Files\dotnet\sdk\6.0.400\Roslyn\bincore\csc.dll" /noconfig /unsafe- /nowarn:0169,USG0001,1701,1702 /fullpaths /nostdlib+ /errorreport:prompt /warn:4 /define:UNITY_6000_2_0;UNITY_6000_2;UNITY_6000;UNITY_5_3_OR_NEWER;UNITY_5_4_OR_NEWER;UNITY_5_5_OR_NEWER;UNITY_5_6_OR_NEWER;UNITY_2017_1_OR_NEWER;UNITY_2017_2_OR_NEWER;UNITY_2017_3_OR_NEWER;UNITY_2017_4_OR_NEWER;UNITY_2018_1_OR_NEWER;UNITY_2018_2_OR_NEWER;UNITY_2018_3_OR_NEWER;UNITY_2018_4_OR_NEWER;UNITY_2019_1_OR_NEWER;UNITY_2019_2_OR_NEWER;UNITY_2019_3_OR_NEWER;UNITY_2019_4_OR_NEWER;UNITY_2020_1_OR_NEWER;UNITY_2020_2_OR_NEWER;UNITY_2020_3_OR_NEWER;UNITY_2021_1_OR_NEWER;UNITY_2021_2_OR_NEWER;UNITY_2021_3_OR_NEWER;UNITY_2022_1_OR_NEWER;UNITY_2022_2_OR_NEWER;UNITY_2022_3_OR_NEWER;UNITY_2023_1_OR_NEWER;UNITY_2023_2_OR_NEWER;UNITY_2023_3_OR_NEWER;UNITY_6000_0_OR_NEWER;UNITY_6000_1_OR_NEWER;UNITY_6000_2_OR_NEWER;PLATFORM_ARCH_64;UNITY_64;UNITY_INCLUDE_TESTS;ENABLE_AR;ENABLE_AUDIO;ENABLE_CACHING;ENABLE_CLOTH;ENABLE_EVENT_QUEUE;ENABLE_MICROPHONE;ENABLE_MULTIPLE_DISPLAYS;ENABLE_PHYSICS;ENABLE_TEXTURE_STREAMING;ENABLE_VIRTUALTEXTURING;ENABLE_LZMA;ENABLE_UNITYEVENTS;ENABLE_VR;ENABLE_WEBCAM;ENABLE_UNITYWEBREQUEST;ENABLE_WWW;ENABLE_CLOUD_SERVICES;ENABLE_CLOUD_SERVICES_ADS;ENABLE_CLOUD_SERVICES_USE_WEBREQUEST;ENABLE_UNITY_CONSENT;ENABLE_UNITY_CLOUD_IDENTIFIERS;ENABLE_CLOUD_SERVICES_CRASH_REPORTING;ENABLE_CLOUD_SERVICES_NATIVE_CRASH_REPORTING;ENABLE_CLOUD_SERVICES_PURCHASING;ENABLE_CLOUD_SERVICES_ANALYTICS;ENABLE_CLOUD_SERVICES_BUILD;ENABLE_EDITOR_GAME_SERVICES;ENABLE_UNITY_GAME_SERVICES_ANALYTICS_SUPPORT;ENABLE_CLOUD_LICENSE;ENABLE_EDITOR_HUB_LICENSE;ENABLE_WEBSOCKET_CLIENT;ENABLE_GENERATE_NATIVE_PLUGINS_FOR_ASSEMBLIES_API;ENABLE_DIRECTOR_AUDIO;ENABLE_DIRECTOR_TEXTURE;ENABLE_MANAGED_JOBS;ENABLE_MANAGED_TRANSFORM_JOBS;ENABLE_MANAGED_ANIMATION_JOBS;ENABLE_MANAGED_AUDIO_JOBS;ENABLE_MANAGED_UNITYTLS;INCLUDE_DYNAMIC_GI;ENABLE_SCRIPTING_GC_WBARRIERS;PLATFORM_SUPPORTS_MONO;RENDER_SOFTWARE_CURSOR;ENABLE_MARSHALLING_TESTS;ENABLE_VIDEO;ENABLE_NAVIGATION_OFFMESHLINK_TO_NAVMESHLINK;ENABLE_ACCELERATOR_CLIENT_DEBUGGING;TEXTCORE_1_0_OR_NEWER;EDITOR_ONLY_NAVMESH_BUILDER_DEPRECATED;PLATFORM_STANDALONE_WIN;PLATFORM_STANDALONE;UNITY_STANDALONE_WIN;UNITY_STANDALONE;ENABLE_RUNTIME_GI;ENABLE_MOVIES;ENABLE_NETWORK;ENABLE_NVIDIA;ENABLE_AMD;ENABLE_CRUNCH_TEXTURE_COMPRESSION;ENABLE_CLOUD_SERVICES_ENGINE_DIAGNOSTICS;ENABLE_OUT_OF_PROCESS_CRASH_HANDLER;ENABLE_CLUSTER_SYNC;ENABLE_CLUSTERINPUT;PLATFORM_UPDATES_TIME_OUTSIDE_OF_PLAYER_LOOP;GFXDEVICE_WAITFOREVENT_MESSAGEPUMP;PLATFORM_USES_EXPLICIT_MEMORY_MANAGER_INITIALIZER;PLATFORM_SUPPORTS_WAIT_FOR_PRESENTATION;PLATFORM_SUPPORTS_SPLIT_GRAPHICS_JOBS;ENABLE_MONO;NET_STANDARD_2_0;NET_STANDARD;NET_STANDARD_2_1;NETSTANDARD;NETSTANDARD2_1;ENABLE_PROFILER;DEBUG;TRACE;UNITY_ASSERTIONS;UNITY_EDITOR;UNITY_EDITOR_64;UNITY_EDITOR_WIN;ENABLE_UNITY_COLLECTIONS_CHECKS;ENABLE_BURST_AOT;UNITY_TEAM_LICENSE;ENABLE_CUSTOM_RENDER_TEXTURE;ENABLE_DIRECTOR;ENABLE_LOCALIZATION;ENABLE_SPRITES;ENABLE_TERRAIN;ENABLE_TILEMAP;ENABLE_TIMELINE;ENABLE_INPUT_SYSTEM;ENABLE_LEGACY_INPUT_MANAGER;TEXTCORE_FONT_ENGINE_1_5_OR_NEWER;TEXTCORE_TEXT_ENGINE_1_5_OR_NEWER;GLTFAST_FORCE_DEFAULT_IMPORTER_OFF;APP_UI_EDITOR_ONLY;CSHARP_7_OR_LATER;CSHARP_7_3_OR_NEWER /preferreduilang:en /highentropyva+ /reference:"C:\Program Files\Unity\Hub\Editor\6000.2.0f1\Editor\Data\NetStandard\compat\2.1.0\shims\netstandard\Microsoft.Win32.Primitives.dll" /reference:"C:\Users\germa\Desktop\Kavkazim\kavkazim\Library\PackageCache\com.unity.nuget.mono-cecil@d78732e851eb\Mono.Cecil.dll" /reference:"C:\Program Files\Unity\Hub\Editor\6000.2.0f1\Editor\Data\NetStandard\compat\2.1.0\shims\netfx\mscorlib.dll" /reference:"C:\Program Files\Unity\Hub\Editor\6000.2.0f1\Editor\Data\NetStandard\ref\2.1.0\netstandard.dll" /reference:"C:\Users\germa\Desktop\Kavkazim\kavkazim\Library\PackageCache\com.unity.nuget.newtonsoft-json@74deb55db2a0\Runtime\Newtonsoft.Json.dll" /reference:"C:\Users\germa\Desktop\Kavkazim\kavkazim\Library\PackageCache\com.unity.ext.nunit@031a54704bff\net40\unity-custom\nunit.framework.dll" /reference:C:\Users\germa\Desktop\Kavkazim\kavkazim\Library\ScriptAssemblies\PPv2URPConverters.dll /reference:C:\Users\germa\Desktop\Kavkazim\kavkazim\Library\ScriptAssemblies\PsdPlugin.dll /reference:"C:\Program Files\Unity\Hub\Editor\6000.2.0f1\Editor\Data\NetStandard\compat\2.1.0\shims\netstandard\System.AppContext.dll" /reference:"C:\Program Files\Unity\Hub\Editor\6000.2.0f1\Editor\Data\NetStandard\compat\2.1.0\shims\netstandard\System.Buffers.dll" /reference:"C:\Program Files\Unity\Hub\Editor\6000.2.0f1\Editor\Data\NetStandard\compat\2.1.0\shims\netstandard\System.Collections.Concurrent.dll" /reference:"C:\Program Files\Unity\Hub\Editor\6000.2.0f1\Editor\Data\NetStandard\compat\2.1.0\shims\netstandard\System.Collections.dll" /reference:"C:\Program Files\Unity\Hub\Editor\6000.2.0f1\Editor\Data\NetStandard\compat\2.1.0\shims\netstandard\System.Collections.NonGeneric.dll" /reference:"C:\Program Files\Unity\Hub\Editor\6000.2.0f1\Editor\Data\NetStandard\compat\2.1.0\shims\netstandard\System.Collections.Specialized.dll" /reference:"C:\Program Files\Unity\Hub\Editor\6000.2.0f1\Editor\Data\NetStandard\compat\2.1.0\shims\netfx\System.ComponentModel.Composition.dll" /reference:"C:\Program Files\Unity\Hub\Editor\6000.2.0f1\Editor\Data\NetStandard\compat\2.1.0\shims\netstandard\System.ComponentModel.dll" /reference:"C:\Program Files\Unity\Hub\Editor\6000.2.0f1\Editor\Data\NetStandard\compat\2.1.0\shims\netstandard\System.ComponentModel.EventBasedAsync.dll" /reference:"C:\Program Files\Unity\Hub\Editor\6000.2.0f1\Editor\Data\NetStandard\compat\2.1.0\shims\netstandard\System.ComponentModel.Primitives.dll" /reference:"C:\Program Files\Unity\Hub\Editor\6000.2.0f1\Editor\Data\NetStandard\compat\2.1.0\shims\netstandard\System.ComponentModel.TypeConverter.dll" /reference:"C:\Program Files\Unity\Hub\Editor\6000.2.0f1\Editor\Data\NetStandard\compat\2.1.0\shims\netstandard\System.Console.dll" /reference:"C:\Program Files\Unity\Hub\Editor\6000.2.0f1\Editor\Data\NetStandard\compat\2.1.0\shims\netfx\System.Core.dll" /reference:"C:\Program Files\Unity\Hub\Editor\6000.2.0f1\Editor\Data\NetStandard\compat\2.1.0\shims\netstandard\System.Data.Common.dll" /reference:"C:\Program Files\Unity\Hub\Editor\6000.2.0f1\Editor\Data\NetStandard\compat\2.1.0\shims\netfx\System.Data.dll" /reference:"C:\Program Files\Unity\Hub\Editor\6000.2.0f1\Editor\Data\NetStandard\compat\2.1.0\shims\netstandard\System.Diagnostics.Contracts.dll" /reference:"C:\Program Files\Unity\Hub\Editor\6000.2.0f1\Editor\Data\NetStandard\compat\2.1.0\shims\netstandard\System.Diagnostics.Debug.dll" /reference:"C:\Program Files\Unity\Hub\Editor\6000.2.0f1\Editor\Data\NetStandard\compat\2.1.0\shims\netstandard\System.Diagnostics.FileVersionInfo.dll" /reference:"C:\Program Files\Unity\Hub\Editor\6000.2.0f1\Editor\Data\NetStandard\compat\2.1.0\shims\netstandard\System.Diagnostics.Process.dll" /reference:"C:\Program Files\Unity\Hub\Editor\6000.2.0f1\Editor\Data\NetStandard\compat\2.1.0\shims\netstandard\System.Diagnostics.StackTrace.dll" /reference:"C:\Program Files\Unity\Hub\Editor\6000.2.0f1\Editor\Data\NetStandard\compat\2.1.0\shims\netstandard\System.Diagnostics.TextWriterTraceListener.dll" /reference:"C:\Program Files\Unity\Hub\Editor\6000.2.0f1\Editor\Data\NetStandard\compat\2.1.0\shims\netstandard\System.Diagnostics.Tools.dll" /reference:"C:\Program Files\Unity\Hub\Editor\6000.2.0f1\Editor\Data\NetStandard\compat\2.1.0\shims\netstandard\System.Diagnostics.TraceSource.dll" /reference:"C:\Program Files\Unity\Hub\Editor\6000.2.0f1\Editor\Data\NetStandard\compat\2.1.0\shims\netstandard\System.Diagnostics.Tracing.dll" /reference:"C:\Program Files\Unity\Hub\Editor\6000.2.0f1\Editor\Data\NetStandard\compat\2.1.0\shims\netfx\System.dll" /reference:"C:\Program Files\Unity\Hub\Editor\6000.2.0f1\Editor\Data\NetStandard\compat\2.1.0\shims\netfx\System.Drawing.dll" /reference:"C:\Program Files\Unity\Hub\Editor\6000.2.0f1\Editor\Data\NetStandard\compat\2.1.0\shims\netstandard\System.Drawing.Primitives.dll" /reference:"C:\Program Files\Unity\Hub\Editor\6000.2.0f1\Editor\Data\NetStandard\compat\2.1.0\shims\netstandard\System.Dynamic.Runtime.dll" /reference:"C:\Program Files\Unity\Hub\Editor\6000.2.0f1\Editor\Data\NetStandard\compat\2.1.0\shims\netstandard\System.Globalization.Calendars.dll" /reference:"C:\Program Files\Unity\Hub\Editor\6000.2.0f1\Editor\Data\NetStandard\compat\2.1.0\shims\netstandard\System.Globalization.dll" /reference:"C:\Program Files\Unity\Hub\Editor\6000.2.0f1\Editor\Data\NetStandard\compat\2.1.0\shims\netstandard\System.Globalization.Extensions.dll" /reference:"C:\Program Files\Unity\Hub\Editor\6000.2.0f1\Editor\Data\NetStandard\compat\2.1.0\shims\netstandard\System.IO.Compression.dll" /reference:"C:\Program Files\Unity\Hub\Editor\6000.2.0f1\Editor\Data\NetStandard\compat\2.1.0\shims\netfx\System.IO.Compression.FileSystem.dll" /reference:"C:\Program Files\Unity\Hub\Editor\6000.2.0f1\Editor\Data\NetStandard\compat\2.1.0\shims\netstandard\System.IO.Compression.ZipFile.dll" /reference:"C:\Program Files\Unity\Hub\Editor\6000.2.0f1\Editor\Data\NetStandard\compat\2.1.0\shims\netstandard\System.IO.dll" /reference:"C:\Program Files\Unity\Hub\Editor\6000.2.0f1\Editor\Data\NetStandard\compat\2.1.0\shims\netstandard\System.IO.FileSystem.dll" /reference:"C:\Program Files\Unity\Hub\Editor\6000.2.0f1\Editor\Data\NetStandard\compat\2.1.0\shims\netstandard\System.IO.FileSystem.DriveInfo.dll" /reference:"C:\Program Files\Unity\Hub\Editor\6000.2.0f1\Editor\Data\NetStandard\compat\2.1.0\shims\netstandard\System.IO.FileSystem.Primitives.dll" /reference:"C:\Program Files\Unity\Hub\Editor\6000.2.0f1\Editor\Data\NetStandard\compat\2.1.0\shims\netstandard\System.IO.FileSystem.Watcher.dll" /reference:"C:\Users\germa\Desktop\Kavkazim\kavkazim\Library\PackageCache\com.unity.collections@d49facba0036\Unity.Collections.Tests\System.IO.Hashing\System.IO.Hashing.dll" /reference:"C:\Program Files\Unity\Hub\Editor\6000.2.0f1\Editor\Data\NetStandard\compat\2.1.0\shims\netstandard\System.IO.IsolatedStorage.dll" /reference:"C:\Program Files\Unity\Hub\Editor\6000.2.0f1\Editor\Data\NetStandard\compat\2.1.0\shims\netstandard\System.IO.MemoryMappedFiles.dll" /reference:"C:\Program Files\Unity\Hub\Editor\6000.2.0f1\Editor\Data\NetStandard\compat\2.1.0\shims\netstandard\System.IO.Pipes.dll" /reference:"C:\Program Files\Unity\Hub\Editor\6000.2.0f1\Editor\Data\NetStandard\compat\2.1.0\shims\netstandard\System.IO.UnmanagedMemoryStream.dll" /reference:"C:\Program Files\Unity\Hub\Editor\6000.2.0f1\Editor\Data\NetStandard\compat\2.1.0\shims\netstandard\System.Linq.dll" /reference:"C:\Program Files\Unity\Hub\Editor\6000.2.0f1\Editor\Data\NetStandard\compat\2.1.0\shims\netstandard\System.Linq.Expressions.dll" /reference:"C:\Program Files\Unity\Hub\Editor\6000.2.0f1\Editor\Data\NetStandard\compat\2.1.0\shims\netstandard\System.Linq.Parallel.dll" /reference:"C:\Program Files\Unity\Hub\Editor\6000.2.0f1\Editor\Data\NetStandard\compat\2.1.0\shims\netstandard\System.Linq.Queryable.dll" /reference:"C:\Program Files\Unity\Hub\Editor\6000.2.0f1\Editor\Data\NetStandard\compat\2.1.0\shims\netstandard\System.Memory.dll" /reference:"C:\Program Files\Unity\Hub\Editor\6000.2.0f1\Editor\Data\NetStandard\compat\2.1.0\shims\netfx\System.Net.dll" /reference:"C:\Program Files\Unity\Hub\Editor\6000.2.0f1\Editor\Data\NetStandard\compat\2.1.0\shims\netstandard\System.Net.Http.dll" /reference:"C:\Program Files\Unity\Hub\Editor\6000.2.0f1\Editor\Data\NetStandard\compat\2.1.0\shims\netstandard\System.Net.NameResolution.dll" /reference:"C:\Program Files\Unity\Hub\Editor\6000.2.0f1\Editor\Data\NetStandard\compat\2.1.0\shims\netstandard\System.Net.NetworkInformation.dll" /reference:"C:\Program Files\Unity\Hub\Editor\6000.2.0f1\Editor\Data\NetStandard\compat\2.1.0\shims\netstandard\System.Net.Ping.dll" /reference:"C:\Program Files\Unity\Hub\Editor\6000.2.0f1\Editor\Data\NetStandard\compat\2.1.0\shims\netstandard\System.Net.Primitives.dll" /reference:"C:\Program Files\Unity\Hub\Editor\6000.2.0f1\Editor\Data\NetStandard\compat\2.1.0\shims\netstandard\System.Net.Requests.dll" /reference:"C:\Program Files\Unity\Hub\Editor\6000.2.0f1\Editor\Data\NetStandard\compat\2.1.0\shims\netstandard\System.Net.Security.dll" /reference:"C:\Program Files\Unity\Hub\Editor\6000.2.0f1\Editor\Data\NetStandard\compat\2.1.0\shims\netstandard\System.Net.Sockets.dll" /reference:"C:\Program Files\Unity\Hub\Editor\6000.2.0f1\Editor\Data\NetStandard\compat\2.1.0\shims\netstandard\System.Net.WebHeaderCollection.dll" /reference:"C:\Program Files\Unity\Hub\Editor\6000.2.0f1\Editor\Data\NetStandard\compat\2.1.0\shims\netstandard\System.Net.WebSockets.Client.dll" /reference:"C:\Program Files\Unity\Hub\Editor\6000.2.0f1\Editor\Data\NetStandard\compat\2.1.0\shims\netstandard\System.Net.WebSockets.dll" /reference:"C:\Program Files\Unity\Hub\Editor\6000.2.0f1\Editor\Data\NetStandard\compat\2.1.0\shims\netfx\System.Numerics.dll" /reference:"C:\Program Files\Unity\Hub\Editor\6000.2.0f1\Editor\Data\NetStandard\compat\2.1.0\shims\netstandard\System.Numerics.Vectors.dll" /reference:"C:\Program Files\Unity\Hub\Editor\6000.2.0f1\Editor\Data\NetStandard\compat\2.1.0\shims\netstandard\System.ObjectModel.dll" /reference:"C:\Program Files\Unity\Hub\Editor\6000.2.0f1\Editor\Data\NetStandard\compat\2.1.0\shims\netstandard\System.Reflection.DispatchProxy.dll" /reference:"C:\Program Files\Unity\Hub\Editor\6000.2.0f1\Editor\Data\NetStandard\compat\2.1.0\shims\netstandard\System.Reflection.dll" /reference:"C:\Program Files\Unity\Hub\Editor\6000.2.0f1\Editor\Data\NetStandard\compat\2.1.0\shims\netstandard\System.Reflection.Emit.dll" /reference:"C:\Program Files\Unity\Hub\Editor\6000.2.0f1\Editor\Data\NetStandard\compat\2.1.0\shims\netstandard\System.Reflection.Emit.ILGeneration.dll" /reference:"C:\Program Files\Unity\Hub\Editor\6000.2.0f1\Editor\Data\NetStandard\compat\2.1.0\shims\netstandard\System.Reflection.Emit.Lightweight.dll" /reference:"C:\Program Files\Unity\Hub\Editor\6000.2.0f1\Editor\Data\NetStandard\compat\2.1.0\shims\netstandard\System.Reflection.Extensions.dll" /reference:"C:\Program Files\Unity\Hub\Editor\6000.2.0f1\Editor\Data\NetStandard\compat\2.1.0\shims\netstandard\System.Reflection.Primitives.dll" /reference:"C:\Program Files\Unity\Hub\Editor\6000.2.0f1\Editor\Data\NetStandard\compat\2.1.0\shims\netstandard\System.Resources.Reader.dll" /reference:"C:\Program Files\Unity\Hub\Editor\6000.2.0f1\Editor\Data\NetStandard\compat\2.1.0\shims\netstandard\System.Resources.ResourceManager.dll" /reference:"C:\Program Files\Unity\Hub\Editor\6000.2.0f1\Editor\Data\NetStandard\compat\2.1.0\shims\netstandard\System.Resources.Writer.dll" /reference:"C:\Users\germa\Desktop\Kavkazim\kavkazim\Library\PackageCache\com.unity.collections@d49facba0036\Unity.Collections.Tests\System.Runtime.CompilerServices.Unsafe\System.Runtime.CompilerServices.Unsafe.dll" /reference:"C:\Program Files\Unity\Hub\Editor\6000.2.0f1\Editor\Data\NetStandard\compat\2.1.0\shims\netstandard\System.Runtime.CompilerServices.VisualC.dll" /reference:"C:\Program Files\Unity\Hub\Editor\6000.2.0f1\Editor\Data\NetStandard\compat\2.1.0\shims\netstandard\System.Runtime.dll" /reference:"C:\Program Files\Unity\Hub\Editor\6000.2.0f1\Editor\Data\NetStandard\compat\2.1.0\shims\netstandard\System.Runtime.Extensions.dll" /reference:"C:\Program Files\Unity\Hub\Editor\6000.2.0f1\Editor\Data\NetStandard\compat\2.1.0\shims\netstandard\System.Runtime.Handles.dll" /reference:"C:\Program Files\Unity\Hub\Editor\6000.2.0f1\Editor\Data\NetStandard\compat\2.1.0\shims\netstandard\System.Runtime.InteropServices.dll" /reference:"C:\Program Files\Unity\Hub\Editor\6000.2.0f1\Editor\Data\NetStandard\compat\2.1.0\shims\netstandard\System.Runtime.InteropServices.RuntimeInformation.dll" /reference:"C:\Program Files\Unity\Hub\Editor\6000.2.0f1\Editor\Data\NetStandard\Extensions\2.0.0\System.Runtime.InteropServices.WindowsRuntime.dll" /reference:"C:\Program Files\Unity\Hub\Editor\6000.2.0f1\Editor\Data\NetStandard\compat\2.1.0\shims\netstandard\System.Runtime.Numerics.dll" /reference:"C:\Program Files\Unity\Hub\Editor\6000.2.0f1\Editor\Data\NetStandard\compat\2.1.0\shims\netfx\System.Runtime.Serialization.dll" /reference:"C:\Program Files\Unity\Hub\Editor\6000.2.0f1\Editor\Data\NetStandard\compat\2.1.0\shims\netstandard\System.Runtime.Serialization.Formatters.dll" /reference:"C:\Program Files\Unity\Hub\Editor\6000.2.0f1\Editor\Data\NetStandard\compat\2.1.0\shims\netstandard\System.Runtime.Serialization.Json.dll" /reference:"C:\Program Files\Unity\Hub\Editor\6000.2.0f1\Editor\Data\NetStandard\compat\2.1.0\shims\netstandard\System.Runtime.Serialization.Primitives.dll" /reference:"C:\Program Files\Unity\Hub\Editor\6000.2.0f1\Editor\Data\NetStandard\compat\2.1.0\shims\netstandard\System.Runtime.Serialization.Xml.dll" /reference:"C:\Program Files\Unity\Hub\Editor\6000.2.0f1\Editor\Data\NetStandard\compat\2.1.0\shims\netstandard\System.Security.Claims.dll" /reference:"C:\Program Files\Unity\Hub\Editor\6000.2.0f1\Editor\Data\NetStandard\compat\2.1.0\shims\netstandard\System.Security.Cryptography.Algorithms.dll" /reference:"C:\Program Files\Unity\Hub\Editor\6000.2.0f1\Editor\Data\NetStandard\compat\2.1.0\shims\netstandard\System.Security.Cryptography.Csp.dll" /reference:"C:\Program Files\Unity\Hub\Editor\6000.2.0f1\Editor\Data\NetStandard\compat\2.1.0\shims\netstandard\System.Security.Cryptography.Encoding.dll" /reference:"C:\Program Files\Unity\Hub\Editor\6000.2.0f1\Editor\Data\NetStandard\compat\2.1.0\shims\netstandard\System.Security.Cryptography.Primitives.dll" /reference:"C:\Program Files\Unity\Hub\Editor\6000.2.0f1\Editor\Data\NetStandard\compat\2.1.0\shims\netstandard\System.Security.Cryptography.X509Certificates.dll" /reference:"C:\Program Files\Unity\Hub\Editor\6000.2.0f1\Editor\Data\NetStandard\compat\2.1.0\shims\netstandard\System.Security.Principal.dll" /reference:"C:\Program Files\Unity\Hub\Editor\6000.2.0f1\Editor\Data\NetStandard\compat\2.1.0\shims\netstandard\System.Security.SecureString.dll" /reference:"C:\Program Files\Unity\Hub\Editor\6000.2.0f1\Editor\Data\NetStandard\compat\2.1.0\shims\netfx\System.ServiceModel.Web.dll" /reference:"C:\Program Files\Unity\Hub\Editor\6000.2.0f1\Editor\Data\NetStandard\compat\2.1.0\shims\netstandard\System.Text.Encoding.dll" /reference:"C:\Program Files\Unity\Hub\Editor\6000.2.0f1\Editor\Data\NetStandard\compat\2.1.0\shims\netstandard\System.Text.Encoding.Extensions.dll" /reference:"C:\Program Files\Unity\Hub\Editor\6000.2.0f1\Editor\Data\NetStandard\compat\2.1.0\shims\netstandard\System.Text.RegularExpressions.dll" /reference:"C:\Program Files\Unity\Hub\Editor\6000.2.0f1\Editor\Data\NetStandard\compat\2.1.0\shims\netstandard\System.Threading.dll" /reference:"C:\Program Files\Unity\Hub\Editor\6000.2.0f1\Editor\Data\NetStandard\compat\2.1.0\shims\netstandard\System.Threading.Overlapped.dll" /reference:"C:\Program Files\Unity\Hub\Editor\6000.2.0f1\Editor\Data\NetStandard\compat\2.1.0\shims\netstandard\System.Threading.Tasks.dll" /reference:"C:\Program Files\Unity\Hub\Editor\6000.2.0f1\Editor\Data\NetStandard\compat\2.1.0\shims\netstandard\System.Threading.Tasks.Extensions.dll" /reference:"C:\Program Files\Unity\Hub\Editor\6000.2.0f1\Editor\Data\NetStandard\compat\2.1.0\shims\netstandard\System.Threading.Tasks.Parallel.dll" /reference:"C:\Program Files\Unity\Hub\Editor\6000.2.0f1\Editor\Data\NetStandard\compat\2.1.0\shims\netstandard\System.Threading.Thread.dll" /reference:"C:\Program Files\Unity\Hub\Editor\6000.2.0f1\Editor\Data\NetStandard\compat\2.1.0\shims\netstandard\System.Threading.ThreadPool.dll" /reference:"C:\Program Files\Unity\Hub\Editor\6000.2.0f1\Editor\Data\NetStandard\compat\2.1.0\shims\netstandard\System.Threading.Timer.dll" /reference:"C:\Program Files\Unity\Hub\Editor\6000.2.0f1\Editor\Data\NetStandard\compat\2.1.0\shims\netfx\System.Transactions.dll" /reference:"C:\Program Files\Unity\Hub\Editor\6000.2.0f1\Editor\Data\NetStandard\compat\2.1.0\shims\netstandard\System.ValueTuple.dll" /reference:"C:\Program Files\Unity\Hub\Editor\6000.2.0f1\Editor\Data\NetStandard\compat\2.1.0\shims\netfx\System.Web.dll" /reference:"C:\Program Files\Unity\Hub\Editor\6000.2.0f1\Editor\Data\NetStandard\compat\2.1.0\shims\netfx\System.Windows.dll" /reference:"C:\Program Files\Unity\Hub\Editor\6000.2.0f1\Editor\Data\NetStandard\compat\2.1.0\shims\netfx\System.Xml.dll" /reference:"C:\Program Files\Unity\Hub\Editor\6000.2.0f1\Editor\Data\NetStandard\compat\2.1.0\shims\netfx\System.Xml.Linq.dll" /reference:"C:\Program Files\Unity\Hub\Editor\6000.2.0f1\Editor\Data\NetStandard\compat\2.1.0\shims\netstandard\System.Xml.ReaderWriter.dll" /reference:"C:\Program Files\Unity\Hub\Editor\6000.2.0f1\Editor\Data\NetStandard\compat\2.1.0\shims\netfx\System.Xml.Serialization.dll" /reference:"C:\Program Files\Unity\Hub\Editor\6000.2.0f1\Editor\Data\NetStandard\compat\2.1.0\shims\netstandard\System.Xml.XDocument.dll" /reference:"C:\Program Files\Unity\Hub\Editor\6000.2.0f1\Editor\Data\NetStandard\compat\2.1.0\shims\netstandard\System.Xml.XmlDocument.dll" /reference:"C:\Program Files\Unity\Hub\Editor\6000.2.0f1\Editor\Data\NetStandard\compat\2.1.0\shims\netstandard\System.Xml.XmlSerializer.dll" /reference:"C:\Program Files\Unity\Hub\Editor\6000.2.0f1\Editor\Data\NetStandard\compat\2.1.0\shims\netstandard\System.Xml.XPath.dll" /reference:"C:\Program Files\Unity\Hub\Editor\6000.2.0f1\Editor\Data\NetStandard\compat\2.1.0\shims\netstandard\System.Xml.XPath.XDocument.dll" /reference:C:\Users\germa\Desktop\Kavkazim\kavkazim\Library\ScriptAssemblies\Unity.2D.Animation.Editor.dll /reference:C:\Users\germa\Desktop\Kavkazim\kavkazim\Library\ScriptAssemblies\Unity.2D.Animation.Runtime.dll /reference:C:\Users\germa\Desktop\Kavkazim\kavkazim\Library\ScriptAssemblies\Unity.2D.Aseprite.Common.dll /reference:C:\Users\germa\Desktop\Kavkazim\kavkazim\Library\ScriptAssemblies\Unity.2D.Aseprite.Editor.dll /reference:C:\Users\germa\Desktop\Kavkazim\kavkazim\Library\ScriptAssemblies\Unity.2D.Common.Editor.dll /reference:C:\Users\germa\Desktop\Kavkazim\kavkazim\Library\ScriptAssemblies\Unity.2D.Common.Path.Editor.dll /reference:C:\Users\germa\Desktop\Kavkazim\kavkazim\Library\ScriptAssemblies\Unity.2D.Common.Runtime.dll /reference:C:\Users\germa\Desktop\Kavkazim\kavkazim\Library\ScriptAssemblies\Unity.2D.Enhancers.Editor.AIBridge.dll /reference:C:\Users\germa\Desktop\Kavkazim\kavkazim\Library\ScriptAssemblies\Unity.2D.Enhancers.Editor.dll /reference:C:\Users\germa\Desktop\Kavkazim\kavkazim\Library\ScriptAssemblies\Unity.2D.IK.Editor.dll /reference:C:\Users\germa\Desktop\Kavkazim\kavkazim\Library\ScriptAssemblies\Unity.2D.IK.Runtime.dll /reference:C:\Users\germa\Desktop\Kavkazim\kavkazim\Library\ScriptAssemblies\Unity.2D.Psdimporter.Editor.dll /reference:C:\Users\germa\Desktop\Kavkazim\kavkazim\Library\ScriptAssemblies\Unity.2D.Sprite.AIIntegration.Editor.dll /reference:C:\Users\germa\Desktop\Kavkazim\kavkazim\Library\ScriptAssemblies\Unity.2D.Sprite.Editor.dll /reference:C:\Users\germa\Desktop\Kavkazim\kavkazim\Library\ScriptAssemblies\Unity.2D.SpriteShape.Editor.dll /reference:C:\Users\germa\Desktop\Kavkazim\kavkazim\Library\ScriptAssemblies\Unity.2D.SpriteShape.Runtime.dll /reference:C:\Users\germa\Desktop\Kavkazim\kavkazim\Library\ScriptAssemblies\Unity.2D.Tilemap.Editor.dll /reference:C:\Users\germa\Desktop\Kavkazim\kavkazim\Library\ScriptAssemblies\Unity.2D.Tilemap.Extras.dll /reference:C:\Users\germa\Desktop\Kavkazim\kavkazim\Library\ScriptAssemblies\Unity.2D.Tilemap.Extras.Editor.dll /reference:C:\Users\germa\Desktop\Kavkazim\kavkazim\Library\ScriptAssemblies\Unity.Addressables.dll /reference:C:\Users\germa\Desktop\Kavkazim\kavkazim\Library\ScriptAssemblies\Unity.Addressables.Editor.dll /reference:C:\Users\germa\Desktop\Kavkazim\kavkazim\Library\ScriptAssemblies\Unity.AI.Assistant.Agent.Dynamic.Extension.Editor.dll /reference:C:\Users\germa\Desktop\Kavkazim\kavkazim\Library\ScriptAssemblies\Unity.AI.Assistant.AvatarHelper.Editor.dll /reference:C:\Users\germa\Desktop\Kavkazim\kavkazim\Library\ScriptAssemblies\Unity.AI.Assistant.Bridge.Editor.dll /reference:C:\Users\germa\Desktop\Kavkazim\kavkazim\Library\ScriptAssemblies\Unity.AppUI.dll /reference:C:\Users\germa\Desktop\Kavkazim\kavkazim\Library\ScriptAssemblies\Unity.AppUI.Editor.dll /reference:C:\Users\germa\Desktop\Kavkazim\kavkazim\Library\ScriptAssemblies\Unity.AppUI.Navigation.Editor.dll /reference:C:\Users\germa\Desktop\Kavkazim\kavkazim\Library\ScriptAssemblies\Unity.AppUI.Redux.dll /reference:C:\Users\germa\Desktop\Kavkazim\kavkazim\Library\ScriptAssemblies\Unity.Burst.dll /reference:C:\Users\germa\Desktop\Kavkazim\kavkazim\Library\ScriptAssemblies\Unity.Burst.Editor.dll /reference:C:\Users\germa\Desktop\Kavkazim\kavkazim\Library\ScriptAssemblies\Unity.Cinemachine.dll /reference:C:\Users\germa\Desktop\Kavkazim\kavkazim\Library\ScriptAssemblies\Unity.Cinemachine.Editor.dll /reference:C:\Users\germa\Desktop\Kavkazim\kavkazim\Library\ScriptAssemblies\Unity.Collections.dll /reference:C:\Users\germa\Desktop\Kavkazim\kavkazim\Library\ScriptAssemblies\Unity.Collections.Editor.dll /reference:"C:\Users\germa\Desktop\Kavkazim\kavkazim\Library\PackageCache\com.unity.collections@d49facba0036\Unity.Collections.LowLevel.ILSupport\Unity.Collections.LowLevel.ILSupport.dll" /reference:C:\Users\germa\Desktop\Kavkazim\kavkazim\Library\ScriptAssemblies\Unity.InferenceEngine.dll /reference:C:\Users\germa\Desktop\Kavkazim\kavkazim\Library\ScriptAssemblies\Unity.InferenceEngine.Editor.dll /reference:C:\Users\germa\Desktop\Kavkazim\kavkazim\Library\ScriptAssemblies\Unity.InferenceEngine.iOSBLAS.dll /reference:C:\Users\germa\Desktop\Kavkazim\kavkazim\Library\ScriptAssemblies\Unity.InferenceEngine.MacBLAS.dll /reference:C:\Users\germa\Desktop\Kavkazim\kavkazim\Library\ScriptAssemblies\Unity.InferenceEngine.ONNX.Editor.dll /reference:C:\Users\germa\Desktop\Kavkazim\kavkazim\Library\ScriptAssemblies\Unity.InferenceEngine.Tokenization.dll /reference:C:\Users\germa\Desktop\Kavkazim\kavkazim\Library\ScriptAssemblies\Unity.InputSystem.dll /reference:C:\Users\germa\Desktop\Kavkazim\kavkazim\Library\ScriptAssemblies\Unity.InputSystem.ForUI.dll /reference:C:\Users\germa\Desktop\Kavkazim\kavkazim\Library\ScriptAssemblies\Unity.InternalAPIEditorBridge.001.dll /reference:C:\Users\germa\Desktop\Kavkazim\kavkazim\Library\ScriptAssemblies\Unity.InternalAPIEngineBridge.001.dll /reference:C:\Users\germa\Desktop\Kavkazim\kavkazim\Library\ScriptAssemblies\Unity.Mathematics.dll /reference:C:\Users\germa\Desktop\Kavkazim\kavkazim\Library\ScriptAssemblies\Unity.Mathematics.Editor.dll /reference:C:\Users\germa\Desktop\Kavkazim\kavkazim\Library\ScriptAssemblies\Unity.Multiplayer.Center.Common.dll /reference:C:\Users\germa\Desktop\Kavkazim\kavkazim\Library\ScriptAssemblies\Unity.Multiplayer.Center.Editor.dll /reference:C:\Users\germa\Desktop\Kavkazim\kavkazim\Library\ScriptAssemblies\Unity.Multiplayer.Center.Integrations.dll /reference:C:\Users\germa\Desktop\Kavkazim\kavkazim\Library\ScriptAssemblies\Unity.Multiplayer.Center.NetcodeForGameObjectsExample.dll /reference:C:\Users\germa\Desktop\Kavkazim\kavkazim\Library\ScriptAssemblies\Unity.Multiplayer.PlayMode.Analytics.Editor.dll /reference:C:\Users\germa\Desktop\Kavkazim\kavkazim\Library\ScriptAssemblies\Unity.Multiplayer.PlayMode.Configurations.Editor.dll /reference:C:\Users\germa\Desktop\Kavkazim\kavkazim\Library\ScriptAssemblies\Unity.Multiplayer.Playmode.dll /reference:C:\Users\germa\Desktop\Kavkazim\kavkazim\Library\ScriptAssemblies\Unity.Multiplayer.PlayMode.Editor.Bridge.dll /reference:C:\Users\germa\Desktop\Kavkazim\kavkazim\Library\ScriptAssemblies\Unity.Multiplayer.PlayMode.Scenarios.Editor.dll /reference:C:\Users\germa\Desktop\Kavkazim\kavkazim\Library\ScriptAssemblies\Unity.Netcode.Editor.dll /reference:C:\Users\germa\Desktop\Kavkazim\kavkazim\Library\ScriptAssemblies\Unity.Netcode.PackageChecker.Editor.dll /reference:C:\Users\germa\Desktop\Kavkazim\kavkazim\Library\ScriptAssemblies\Unity.Netcode.Runtime.dll /reference:C:\Users\germa\Desktop\Kavkazim\kavkazim\Library\ScriptAssemblies\Unity.Networking.Editor.dll /reference:C:\Users\germa\Desktop\Kavkazim\kavkazim\Library\ScriptAssemblies\Unity.Networking.Transport.dll /reference:C:\Users\germa\Desktop\Kavkazim\kavkazim\Library\ScriptAssemblies\Unity.PlasticSCM.Editor.dll /reference:C:\Users\germa\Desktop\Kavkazim\kavkazim\Library\ScriptAssemblies\Unity.Profiling.Core.dll /reference:C:\Users\germa\Desktop\Kavkazim\kavkazim\Library\ScriptAssemblies\Unity.Rendering.LightTransport.Editor.dll /reference:C:\Users\germa\Desktop\Kavkazim\kavkazim\Library\ScriptAssemblies\Unity.Rendering.LightTransport.Runtime.dll /reference:C:\Users\germa\Desktop\Kavkazim\kavkazim\Library\ScriptAssemblies\Unity.RenderPipeline.Universal.ShaderLibrary.dll /reference:C:\Users\germa\Desktop\Kavkazim\kavkazim\Library\ScriptAssemblies\Unity.RenderPipelines.Core.Editor.dll /reference:C:\Users\germa\Desktop\Kavkazim\kavkazim\Library\ScriptAssemblies\Unity.RenderPipelines.Core.Editor.Shared.dll /reference:C:\Users\germa\Desktop\Kavkazim\kavkazim\Library\ScriptAssemblies\Unity.RenderPipelines.Core.Runtime.dll /reference:C:\Users\germa\Desktop\Kavkazim\kavkazim\Library\ScriptAssemblies\Unity.RenderPipelines.Core.Runtime.Shared.dll /reference:C:\Users\germa\Desktop\Kavkazim\kavkazim\Library\ScriptAssemblies\Unity.RenderPipelines.Core.ShaderLibrary.dll /reference:C:\Users\germa\Desktop\Kavkazim\kavkazim\Library\ScriptAssemblies\Unity.RenderPipelines.GPUDriven.Runtime.dll /reference:C:\Users\germa\Desktop\Kavkazim\kavkazim\Library\ScriptAssemblies\Unity.RenderPipelines.ShaderGraph.ShaderGraphLibrary.dll /reference:C:\Users\germa\Desktop\Kavkazim\kavkazim\Library\ScriptAssemblies\Unity.RenderPipelines.Universal.2D.Runtime.dll /reference:C:\Users\germa\Desktop\Kavkazim\kavkazim\Library\ScriptAssemblies\Unity.RenderPipelines.Universal.Config.Runtime.dll /reference:C:\Users\germa\Desktop\Kavkazim\kavkazim\Library\ScriptAssemblies\Unity.RenderPipelines.Universal.Editor.dll /reference:C:\Users\germa\Desktop\Kavkazim\kavkazim\Library\ScriptAssemblies\Unity.RenderPipelines.Universal.Runtime.dll /reference:C:\Users\germa\Desktop\Kavkazim\kavkazim\Library\ScriptAssemblies\Unity.RenderPipelines.Universal.Shaders.dll /reference:C:\Users\germa\Desktop\Kavkazim\kavkazim\Library\ScriptAssemblies\Unity.ResourceManager.dll /reference:C:\Users\germa\Desktop\Kavkazim\kavkazim\Library\ScriptAssemblies\Unity.Rider.Editor.dll /reference:C:\Users\germa\Desktop\Kavkazim\kavkazim\Library\ScriptAssemblies\Unity.ScriptableBuildPipeline.dll /reference:C:\Users\germa\Desktop\Kavkazim\kavkazim\Library\ScriptAssemblies\Unity.ScriptableBuildPipeline.Editor.dll /reference:C:\Users\germa\Desktop\Kavkazim\kavkazim\Library\ScriptAssemblies\Unity.Searcher.Editor.dll /reference:C:\Users\germa\Desktop\Kavkazim\kavkazim\Library\ScriptAssemblies\Unity.Serialization.dll /reference:C:\Users\germa\Desktop\Kavkazim\kavkazim\Library\ScriptAssemblies\Unity.Serialization.Editor.dll /reference:C:\Users\germa\Desktop\Kavkazim\kavkazim\Library\ScriptAssemblies\Unity.Services.Authentication.dll /reference:C:\Users\germa\Desktop\Kavkazim\kavkazim\Library\ScriptAssemblies\Unity.Services.Authentication.Editor.Shared.dll /reference:C:\Users\germa\Desktop\Kavkazim\kavkazim\Library\ScriptAssemblies\Unity.Services.Authentication.PlayerAccounts.dll /reference:C:\Users\germa\Desktop\Kavkazim\kavkazim\Library\ScriptAssemblies\Unity.Services.Core.Analytics.dll /reference:C:\Users\germa\Desktop\Kavkazim\kavkazim\Library\ScriptAssemblies\Unity.Services.Core.Components.dll /reference:C:\Users\germa\Desktop\Kavkazim\kavkazim\Library\ScriptAssemblies\Unity.Services.Core.dll /reference:C:\Users\germa\Desktop\Kavkazim\kavkazim\Library\ScriptAssemblies\Unity.Services.Core.Environments.dll /reference:C:\Users\germa\Desktop\Kavkazim\kavkazim\Library\ScriptAssemblies\Unity.Services.Lobbies.dll /reference:C:\Users\germa\Desktop\Kavkazim\kavkazim\Library\ScriptAssemblies\Unity.Services.QoS.dll /reference:C:\Users\germa\Desktop\Kavkazim\kavkazim\Library\ScriptAssemblies\Unity.Services.Relay.dll /reference:C:\Users\germa\Desktop\Kavkazim\kavkazim\Library\ScriptAssemblies\Unity.Settings.Editor.dll /reference:C:\Users\germa\Desktop\Kavkazim\kavkazim\Library\ScriptAssemblies\Unity.ShaderGraph.Editor.dll /reference:C:\Users\germa\Desktop\Kavkazim\kavkazim\Library\ScriptAssemblies\Unity.Splines.dll /reference:C:\Users\germa\Desktop\Kavkazim\kavkazim\Library\ScriptAssemblies\Unity.Splines.Editor.dll /reference:C:\Users\germa\Desktop\Kavkazim\kavkazim\Library\ScriptAssemblies\Unity.TextMeshPro.dll /reference:C:\Users\germa\Desktop\Kavkazim\kavkazim\Library\ScriptAssemblies\Unity.TextMeshPro.Editor.dll /reference:C:\Users\germa\Desktop\Kavkazim\kavkazim\Library\ScriptAssemblies\Unity.Timeline.dll /reference:C:\Users\germa\Desktop\Kavkazim\kavkazim\Library\ScriptAssemblies\Unity.Timeline.Editor.dll /reference:"C:\Users\germa\Desktop\Kavkazim\kavkazim\Library\PackageCache\com.unity.visualscripting@6279e2b7c485\Runtime\VisualScripting.Flow\Dependencies\NCalc\Unity.VisualScripting.Antlr3.Runtime.dll" /reference:C:\Users\germa\Desktop\Kavkazim\kavkazim\Library\ScriptAssemblies\Unity.VisualScripting.Core.dll /reference:C:\Users\germa\Desktop\Kavkazim\kavkazim\Library\ScriptAssemblies\Unity.VisualScripting.Core.Editor.dll /reference:C:\Users\germa\Desktop\Kavkazim\kavkazim\Library\ScriptAssemblies\Unity.VisualScripting.Flow.dll /reference:C:\Users\germa\Desktop\Kavkazim\kavkazim\Library\ScriptAssemblies\Unity.VisualScripting.Flow.Editor.dll /reference:C:\Users\germa\Desktop\Kavkazim\kavkazim\Library\ScriptAssemblies\Unity.VisualScripting.SettingsProvider.Editor.dll /reference:C:\Users\germa\Desktop\Kavkazim\kavkazim\Library\ScriptAssemblies\Unity.VisualScripting.Shared.Editor.dll /reference:C:\Users\germa\Desktop\Kavkazim\kavkazim\Library\ScriptAssemblies\Unity.VisualScripting.State.dll /reference:C:\Users\germa\Desktop\Kavkazim\kavkazim\Library\ScriptAssemblies\Unity.VisualScripting.State.Editor.dll /reference:C:\Users\germa\Desktop\Kavkazim\kavkazim\Library\ScriptAssemblies\Unity.VisualStudio.Editor.dll /reference:"C:\Program Files\Unity\Hub\Editor\6000.2.0f1\Editor\Data\Managed\UnityEngine\UnityEditor.AccessibilityModule.dll" /reference:"C:\Program Files\Unity\Hub\Editor\6000.2.0f1\Editor\Data\Managed\UnityEngine\UnityEditor.AdaptivePerformanceModule.dll" /reference:"C:\Program Files\Unity\Hub\Editor\6000.2.0f1\Editor\Data\Managed\UnityEngine\UnityEditor.BuildProfileModule.dll" /reference:"C:\Program Files\Unity\Hub\Editor\6000.2.0f1\Editor\Data\Managed\UnityEngine\UnityEditor.ClothModule.dll" /reference:"C:\Program Files\Unity\Hub\Editor\6000.2.0f1\Editor\Data\Managed\UnityEngine\UnityEditor.CoreBusinessMetricsModule.dll" /reference:"C:\Program Files\Unity\Hub\Editor\6000.2.0f1\Editor\Data\Managed\UnityEngine\UnityEditor.CoreModule.dll" /reference:"C:\Program Files\Unity\Hub\Editor\6000.2.0f1\Editor\Data\Managed\UnityEngine\UnityEditor.DeviceSimulatorModule.dll" /reference:"C:\Program Files\Unity\Hub\Editor\6000.2.0f1\Editor\Data\Managed\UnityEngine\UnityEditor.DiagnosticsModule.dll" /reference:"C:\Program Files\Unity\Hub\Editor\6000.2.0f1\Editor\Data\Managed\UnityEngine\UnityEditor.dll" /reference:"C:\Program Files\Unity\Hub\Editor\6000.2.0f1\Editor\Data\Managed\UnityEngine\UnityEditor.EditorToolbarModule.dll" /reference:"C:\Program Files\Unity\Hub\Editor\6000.2.0f1\Editor\Data\Managed\UnityEngine\UnityEditor.EmbreeModule.dll" /reference:"C:\Program Files\Unity\Hub\Editor\6000.2.0f1\Editor\Data\Managed\UnityEngine\UnityEditor.GIModule.dll" /reference:"C:\Program Files\Unity\Hub\Editor\6000.2.0f1\Editor\Data\Managed\UnityEngine\UnityEditor.GraphicsStateCollectionSerializerModule.dll" /reference:"C:\Program Files\Unity\Hub\Editor\6000.2.0f1\Editor\Data\Managed\UnityEngine\UnityEditor.GraphViewModule.dll" /reference:"C:\Program Files\Unity\Hub\Editor\6000.2.0f1\Editor\Data\Managed\UnityEngine\UnityEditor.GridAndSnapModule.dll" /reference:"C:\Program Files\Unity\Hub\Editor\6000.2.0f1\Editor\Data\Managed\UnityEngine\UnityEditor.GridModule.dll" /reference:"C:\Program Files\Unity\Hub\Editor\6000.2.0f1\Editor\Data\PlaybackEngines\MacStandaloneSupport\UnityEditor.iOS.Extensions.Xcode.dll" /reference:"C:\Program Files\Unity\Hub\Editor\6000.2.0f1\Editor\Data\Managed\UnityEngine\UnityEditor.MultiplayerModule.dll" /reference:"C:\Program Files\Unity\Hub\Editor\6000.2.0f1\Editor\Data\Managed\UnityEngine\UnityEditor.Physics2DModule.dll" /reference:"C:\Program Files\Unity\Hub\Editor\6000.2.0f1\Editor\Data\Managed\UnityEngine\UnityEditor.PhysicsModule.dll" /reference:"C:\Program Files\Unity\Hub\Editor\6000.2.0f1\Editor\Data\Managed\UnityEngine\UnityEditor.PresetsUIModule.dll" /reference:"C:\Program Files\Unity\Hub\Editor\6000.2.0f1\Editor\Data\Managed\UnityEngine\UnityEditor.PropertiesModule.dll" /reference:"C:\Program Files\Unity\Hub\Editor\6000.2.0f1\Editor\Data\Managed\UnityEngine\UnityEditor.QuickSearchModule.dll" /reference:"C:\Program Files\Unity\Hub\Editor\6000.2.0f1\Editor\Data\Managed\UnityEngine\UnityEditor.SafeModeModule.dll" /reference:"C:\Program Files\Unity\Hub\Editor\6000.2.0f1\Editor\Data\Managed\UnityEngine\UnityEditor.SceneTemplateModule.dll" /reference:"C:\Program Files\Unity\Hub\Editor\6000.2.0f1\Editor\Data\Managed\UnityEngine\UnityEditor.SceneViewModule.dll" /reference:"C:\Program Files\Unity\Hub\Editor\6000.2.0f1\Editor\Data\Managed\UnityEngine\UnityEditor.ShaderFoundryModule.dll" /reference:"C:\Program Files\Unity\Hub\Editor\6000.2.0f1\Editor\Data\Managed\UnityEngine\UnityEditor.SketchUpModule.dll" /reference:"C:\Program Files\Unity\Hub\Editor\6000.2.0f1\Editor\Data\Managed\UnityEngine\UnityEditor.SpriteMaskModule.dll" /reference:"C:\Program Files\Unity\Hub\Editor\6000.2.0f1\Editor\Data\Managed\UnityEngine\UnityEditor.SpriteShapeModule.dll" /reference:"C:\Program Files\Unity\Hub\Editor\6000.2.0f1\Editor\Data\Managed\UnityEngine\UnityEditor.SubstanceModule.dll" /reference:"C:\Program Files\Unity\Hub\Editor\6000.2.0f1\Editor\Data\Managed\UnityEngine\UnityEditor.TerrainModule.dll" /reference:"C:\Program Files\Unity\Hub\Editor\6000.2.0f1\Editor\Data\Managed\UnityEngine\UnityEditor.TextCoreFontEngineModule.dll" /reference:"C:\Program Files\Unity\Hub\Editor\6000.2.0f1\Editor\Data\Managed\UnityEngine\UnityEditor.TextCoreTextEngineModule.dll" /reference:"C:\Program Files\Unity\Hub\Editor\6000.2.0f1\Editor\Data\Managed\UnityEngine\UnityEditor.TextRenderingModule.dll" /reference:"C:\Program Files\Unity\Hub\Editor\6000.2.0f1\Editor\Data\Managed\UnityEngine\UnityEditor.TilemapModule.dll" /reference:"C:\Program Files\Unity\Hub\Editor\6000.2.0f1\Editor\Data\Managed\UnityEngine\UnityEditor.TreeModule.dll" /reference:C:\Users\germa\Desktop\Kavkazim\kavkazim\Library\ScriptAssemblies\UnityEditor.UI.dll /reference:"C:\Program Files\Unity\Hub\Editor\6000.2.0f1\Editor\Data\Managed\UnityEngine\UnityEditor.UIAutomationModule.dll" /reference:"C:\Program Files\Unity\Hub\Editor\6000.2.0f1\Editor\Data\Managed\UnityEngine\UnityEditor.UIBuilderModule.dll" /reference:"C:\Program Files\Unity\Hub\Editor\6000.2.0f1\Editor\Data\Managed\UnityEngine\UnityEditor.UIElementsModule.dll" /reference:"C:\Program Files\Unity\Hub\Editor\6000.2.0f1\Editor\Data\Managed\UnityEngine\UnityEditor.UIElementsSamplesModule.dll" /reference:"C:\Program Files\Unity\Hub\Editor\6000.2.0f1\Editor\Data\Managed\UnityEngine\UnityEditor.UmbraModule.dll" /reference:"C:\Program Files\Unity\Hub\Editor\6000.2.0f1\Editor\Data\Managed\UnityEngine\UnityEditor.UnityConnectModule.dll" /reference:"C:\Program Files\Unity\Hub\Editor\6000.2.0f1\Editor\Data\Managed\UnityEngine\UnityEditor.VFXModule.dll" /reference:"C:\Program Files\Unity\Hub\Editor\6000.2.0f1\Editor\Data\Managed\UnityEngine\UnityEditor.VideoModule.dll" /reference:"C:\Program Files\Unity\Hub\Editor\6000.2.0f1\Editor\Data\Managed\UnityEngine\UnityEditor.XRModule.dll" /reference:"C:\Program Files\Unity\Hub\Editor\6000.2.0f1\Editor\Data\Managed\UnityEngine\UnityEngine.AccessibilityModule.dll" /reference:"C:\Program Files\Unity\Hub\Editor\6000.2.0f1\Editor\Data\Managed\UnityEngine\UnityEngine.AIModule.dll" /reference:"C:\Program Files\Unity\Hub\Editor\6000.2.0f1\Editor\Data\Managed\UnityEngine\UnityEngine.AndroidJNIModule.dll" /reference:"C:\Program Files\Unity\Hub\Editor\6000.2.0f1\Editor\Data\Managed\UnityEngine\UnityEngine.AnimationModule.dll" /reference:"C:\Program Files\Unity\Hub\Editor\6000.2.0f1\Editor\Data\Managed\UnityEngine\UnityEngine.ARModule.dll" /reference:"C:\Program Files\Unity\Hub\Editor\6000.2.0f1\Editor\Data\Managed\UnityEngine\UnityEngine.AssetBundleModule.dll" /reference:"C:\Program Files\Unity\Hub\Editor\6000.2.0f1\Editor\Data\Managed\UnityEngine\UnityEngine.AudioModule.dll" /reference:"C:\Program Files\Unity\Hub\Editor\6000.2.0f1\Editor\Data\Managed\UnityEngine\UnityEngine.ClothModule.dll" /reference:"C:\Program Files\Unity\Hub\Editor\6000.2.0f1\Editor\Data\Managed\UnityEngine\UnityEngine.ClusterInputModule.dll" /reference:"C:\Program Files\Unity\Hub\Editor\6000.2.0f1\Editor\Data\Managed\UnityEngine\UnityEngine.ClusterRendererModule.dll" /reference:"C:\Program Files\Unity\Hub\Editor\6000.2.0f1\Editor\Data\Managed\UnityEngine\UnityEngine.ContentLoadModule.dll" /reference:"C:\Program Files\Unity\Hub\Editor\6000.2.0f1\Editor\Data\Managed\UnityEngine\UnityEngine.CoreModule.dll" /reference:"C:\Program Files\Unity\Hub\Editor\6000.2.0f1\Editor\Data\Managed\UnityEngine\UnityEngine.CrashReportingModule.dll" /reference:"C:\Program Files\Unity\Hub\Editor\6000.2.0f1\Editor\Data\Managed\UnityEngine\UnityEngine.DirectorModule.dll" /reference:"C:\Program Files\Unity\Hub\Editor\6000.2.0f1\Editor\Data\Managed\UnityEngine\UnityEngine.dll" /reference:"C:\Program Files\Unity\Hub\Editor\6000.2.0f1\Editor\Data\Managed\UnityEngine\UnityEngine.DSPGraphModule.dll" /reference:"C:\Program Files\Unity\Hub\Editor\6000.2.0f1\Editor\Data\Managed\UnityEngine\UnityEngine.GameCenterModule.dll" /reference:"C:\Program Files\Unity\Hub\Editor\6000.2.0f1\Editor\Data\Managed\UnityEngine\UnityEngine.GIModule.dll" /reference:"C:\Program Files\Unity\Hub\Editor\6000.2.0f1\Editor\Data\Managed\UnityEngine\UnityEngine.GraphicsStateCollectionSerializerModule.dll" /reference:"C:\Program Files\Unity\Hub\Editor\6000.2.0f1\Editor\Data\Managed\UnityEngine\UnityEngine.GridModule.dll" /reference:"C:\Program Files\Unity\Hub\Editor\6000.2.0f1\Editor\Data\Managed\UnityEngine\UnityEngine.HierarchyCoreModule.dll" /reference:"C:\Program Files\Unity\Hub\Editor\6000.2.0f1\Editor\Data\Managed\UnityEngine\UnityEngine.HotReloadModule.dll" /reference:"C:\Program Files\Unity\Hub\Editor\6000.2.0f1\Editor\Data\Managed\UnityEngine\UnityEngine.IdentifiersModule.dll" /reference:"C:\Program Files\Unity\Hub\Editor\6000.2.0f1\Editor\Data\Managed\UnityEngine\UnityEngine.ImageConversionModule.dll" /reference:"C:\Program Files\Unity\Hub\Editor\6000.2.0f1\Editor\Data\Managed\UnityEngine\UnityEngine.IMGUIModule.dll" /reference:"C:\Program Files\Unity\Hub\Editor\6000.2.0f1\Editor\Data\Managed\UnityEngine\UnityEngine.InputForUIModule.dll" /reference:"C:\Program Files\Unity\Hub\Editor\6000.2.0f1\Editor\Data\Managed\UnityEngine\UnityEngine.InputLegacyModule.dll" /reference:"C:\Program Files\Unity\Hub\Editor\6000.2.0f1\Editor\Data\Managed\UnityEngine\UnityEngine.InputModule.dll" /reference:"C:\Program Files\Unity\Hub\Editor\6000.2.0f1\Editor\Data\Managed\UnityEngine\UnityEngine.InsightsModule.dll" /reference:"C:\Program Files\Unity\Hub\Editor\6000.2.0f1\Editor\Data\Managed\UnityEngine\UnityEngine.JSONSerializeModule.dll" /reference:"C:\Program Files\Unity\Hub\Editor\6000.2.0f1\Editor\Data\Managed\UnityEngine\UnityEngine.LocalizationModule.dll" /reference:"C:\Program Files\Unity\Hub\Editor\6000.2.0f1\Editor\Data\Managed\UnityEngine\UnityEngine.MarshallingModule.dll" /reference:"C:\Program Files\Unity\Hub\Editor\6000.2.0f1\Editor\Data\Managed\UnityEngine\UnityEngine.MultiplayerModule.dll" /reference:"C:\Program Files\Unity\Hub\Editor\6000.2.0f1\Editor\Data\Managed\UnityEngine\UnityEngine.ParticleSystemModule.dll" /reference:"C:\Program Files\Unity\Hub\Editor\6000.2.0f1\Editor\Data\Managed\UnityEngine\UnityEngine.PerformanceReportingModule.dll" /reference:"C:\Program Files\Unity\Hub\Editor\6000.2.0f1\Editor\Data\Managed\UnityEngine\UnityEngine.Physics2DModule.dll" /reference:"C:\Program Files\Unity\Hub\Editor\6000.2.0f1\Editor\Data\Managed\UnityEngine\UnityEngine.PhysicsModule.dll" /reference:"C:\Program Files\Unity\Hub\Editor\6000.2.0f1\Editor\Data\Managed\UnityEngine\UnityEngine.PropertiesModule.dll" /reference:"C:\Program Files\Unity\Hub\Editor\6000.2.0f1\Editor\Data\Managed\UnityEngine\UnityEngine.RuntimeInitializeOnLoadManagerInitializerModule.dll" /reference:"C:\Program Files\Unity\Hub\Editor\6000.2.0f1\Editor\Data\Managed\UnityEngine\UnityEngine.ScreenCaptureModule.dll" /reference:"C:\Program Files\Unity\Hub\Editor\6000.2.0f1\Editor\Data\Managed\UnityEngine\UnityEngine.ShaderVariantAnalyticsModule.dll" /reference:"C:\Program Files\Unity\Hub\Editor\6000.2.0f1\Editor\Data\Managed\UnityEngine\UnityEngine.SharedInternalsModule.dll" /reference:"C:\Program Files\Unity\Hub\Editor\6000.2.0f1\Editor\Data\Managed\UnityEngine\UnityEngine.SpriteMaskModule.dll" /reference:"C:\Program Files\Unity\Hub\Editor\6000.2.0f1\Editor\Data\Managed\UnityEngine\UnityEngine.SpriteShapeModule.dll" /reference:"C:\Program Files\Unity\Hub\Editor\6000.2.0f1\Editor\Data\Managed\UnityEngine\UnityEngine.StreamingModule.dll" /reference:"C:\Program Files\Unity\Hub\Editor\6000.2.0f1\Editor\Data\Managed\UnityEngine\UnityEngine.SubstanceModule.dll" /reference:"C:\Program Files\Unity\Hub\Editor\6000.2.0f1\Editor\Data\Managed\UnityEngine\UnityEngine.SubsystemsModule.dll" /reference:"C:\Program Files\Unity\Hub\Editor\6000.2.0f1\Editor\Data\Managed\UnityEngine\UnityEngine.TerrainModule.dll" /reference:"C:\Program Files\Unity\Hub\Editor\6000.2.0f1\Editor\Data\Managed\UnityEngine\UnityEngine.TerrainPhysicsModule.dll" /reference:"C:\Program Files\Unity\Hub\Editor\6000.2.0f1\Editor\Data\Managed\UnityEngine\UnityEngine.TextCoreFontEngineModule.dll" /reference:"C:\Program Files\Unity\Hub\Editor\6000.2.0f1\Editor\Data\Managed\UnityEngine\UnityEngine.TextCoreTextEngineModule.dll" /reference:"C:\Program Files\Unity\Hub\Editor\6000.2.0f1\Editor\Data\Managed\UnityEngine\UnityEngine.TextRenderingModule.dll" /reference:"C:\Program Files\Unity\Hub\Editor\6000.2.0f1\Editor\Data\Managed\UnityEngine\UnityEngine.TilemapModule.dll" /reference:"C:\Program Files\Unity\Hub\Editor\6000.2.0f1\Editor\Data\Managed\UnityEngine\UnityEngine.TLSModule.dll" /reference:C:\Users\germa\Desktop\Kavkazim\kavkazim\Library\ScriptAssemblies\UnityEngine.UI.dll /reference:"C:\Program Files\Unity\Hub\Editor\6000.2.0f1\Editor\Data\Managed\UnityEngine\UnityEngine.UIElementsModule.dll" /reference:"C:\Program Files\Unity\Hub\Editor\6000.2.0f1\Editor\Data\Managed\UnityEngine\UnityEngine.UIModule.dll" /reference:"C:\Program Files\Unity\Hub\Editor\6000.2.0f1\Editor\Data\Managed\UnityEngine\UnityEngine.UmbraModule.dll" /reference:"C:\Program Files\Unity\Hub\Editor\6000.2.0f1\Editor\Data\Managed\UnityEngine\UnityEngine.UnityAnalyticsCommonModule.dll" /reference:"C:\Program Files\Unity\Hub\Editor\6000.2.0f1\Editor\Data\Managed\UnityEngine\UnityEngine.UnityAnalyticsModule.dll" /reference:"C:\Program Files\Unity\Hub\Editor\6000.2.0f1\Editor\Data\Managed\UnityEngine\UnityEngine.UnityConnectModule.dll" /reference:"C:\Program Files\Unity\Hub\Editor\6000.2.0f1\Editor\Data\Managed\UnityEngine\UnityEngine.UnityConsentModule.dll" /reference:"C:\Program Files\Unity\Hub\Editor\6000.2.0f1\Editor\Data\Managed\UnityEngine\UnityEngine.UnityCurlModule.dll" /reference:"C:\Program Files\Unity\Hub\Editor\6000.2.0f1\Editor\Data\Managed\UnityEngine\UnityEngine.UnityTestProtocolModule.dll" /reference:"C:\Program Files\Unity\Hub\Editor\6000.2.0f1\Editor\Data\Managed\UnityEngine\UnityEngine.UnityWebRequestAssetBundleModule.dll" /reference:"C:\Program Files\Unity\Hub\Editor\6000.2.0f1\Editor\Data\Managed\UnityEngine\UnityEngine.UnityWebRequestAudioModule.dll" /reference:"C:\Program Files\Unity\Hub\Editor\6000.2.0f1\Editor\Data\Managed\UnityEngine\UnityEngine.UnityWebRequestModule.dll" /reference:"C:\Program Files\Unity\Hub\Editor\6000.2.0f1\Editor\Data\Managed\UnityEngine\UnityEngine.UnityWebRequestTextureModule.dll" /reference:"C:\Program Files\Unity\Hub\Editor\6000.2.0f1\Editor\Data\Managed\UnityEngine\UnityEngine.UnityWebRequestWWWModule.dll" /reference:"C:\Program Files\Unity\Hub\Editor\6000.2.0f1\Editor\Data\Managed\UnityEngine\UnityEngine.VehiclesModule.dll" /reference:"C:\Program Files\Unity\Hub\Editor\6000.2.0f1\Editor\Data\Managed\UnityEngine\UnityEngine.VFXModule.dll" /reference:"C:\Program Files\Unity\Hub\Editor\6000.2.0f1\Editor\Data\Managed\UnityEngine\UnityEngine.VideoModule.dll" /reference:"C:\Program Files\Unity\Hub\Editor\6000.2.0f1\Editor\Data\Managed\UnityEngine\UnityEngine.VirtualTexturingModule.dll" /reference:"C:\Program Files\Unity\Hub\Editor\6000.2.0f1\Editor\Data\Managed\UnityEngine\UnityEngine.VRModule.dll" /reference:"C:\Program Files\Unity\Hub\Editor\6000.2.0f1\Editor\Data\Managed\UnityEngine\UnityEngine.WindModule.dll" /reference:"C:\Program Files\Unity\Hub\Editor\6000.2.0f1\Editor\Data\Managed\UnityEngine\UnityEngine.XRModule.dll" /reference:"C:\Users\germa\Desktop\Kavkazim\kavkazim\Library\PackageCache\com.unity.services.wire@cc07372d5f37\Plugins\websocket-sharp.dll" /debug+ /debug:full /filealign:512 /optimize- /out:obj\Debug\Assembly-CSharp.dll /subsystemversion:6.00 /target:library /utf8output /langversion:9.0 /analyzer:"C:\Program Files (x86)\Microsoft Visual Studio\2019\Professional\Common7\IDE\Extensions\Microsoft\Visual Studio Tools for Unity\Analyzers\Microsoft.Unity.Analyzers.dll" /analyzer:"C:\Program Files\Unity\Hub\Editor\6000.2.0f1\Editor\Data\Tools\Unity.SourceGenerators\Unity.SourceGenerators.dll" /analyzer:"C:\Program Files\Unity\Hub\Editor\6000.2.0f1\Editor\Data\Tools\Unity.SourceGenerators\Unity.Properties.SourceGenerator.dll" /analyzer:"C:\Program Files\Unity\Hub\Editor\6000.2.0f1\Editor\Data\Tools\Unity.SourceGenerators\Unity.UIToolkit.SourceGenerator.dll" /analyzer:"C:\Users\germa\Desktop\Kavkazim\kavkazim\Library\PackageCache\com.unity.ai.inference@587873fd5e1b\Runtime\Core\SourceGenerator\SourceGenerators.dll" /analyzer:"C:\Users\germa\Desktop\Kavkazim\kavkazim\Library\PackageCache\com.unity.dt.app-ui@7b87c8225c06\Runtime\SourceGenerators\netstandard2.0\EnumToLowerCase.dll" Assets\Scripts\Minigames\SortGames\LaundrySortGame.cs Assets\Scripts\Minigames\Base\MinigameType.cs "Assets\TextMesh Pro\Examples & Extras\Scripts\TMP_TextEventHandler.cs" Assets\Scripts\Minigames\ClickGames\WolfClickGame.cs "Assets\TextMesh Pro\Examples & Extras\Scripts\Benchmark02.cs" Assets\Scripts\Services\NetworkBootstrap.cs Assets\Scripts\Netcode\Player\PlayerState.cs Assets\Scripts\Netcode\Player\PlayerSpawnHandler.cs Assets\Scripts\Minigames\Base\Interaction\IDropTarget.cs Assets\Scripts\Netcode\WinConditions\WinResult.cs Assets\Scripts\Netcode\Player\KillerAbility.cs Assets\Scripts\Netcode\Reporting\DeadBody.cs Assets\Scripts\Netcode\Reporting\EmergencyButton.cs "Assets\TextMesh Pro\Examples & Extras\Scripts\VertexShakeB.cs" Assets\Scripts\Netcode\Reporting\DeadBodySpawner.cs Assets\Scripts\UI\LobbyUI.cs Assets\Scripts\Minigames\Base\IMinigameRegistry.cs Assets\Scripts\Minigames\Base\Strategies\ClickGameWinConditionStrategy.cs "Assets\TextMesh Pro\Examples & Extras\Scripts\VertexJitter.cs" Assets\Scripts\Netcode\Player\KavkaziRole.cs Assets\Scripts\Netcode\Validation\LobbyValidationTypes.cs "Assets\TextMesh Pro\Examples & Extras\Scripts\VertexZoom.cs" Assets\Scripts\Minigames\Base\MinigameTriggerPointHelper.cs Assets\Scripts\Minigames\ClickGames\TakedownClickGame.cs Assets\Scripts\Minigames\Base\Strategies\SortGameWinConditionStrategy.cs "Assets\TextMesh Pro\Examples & Extras\Scripts\SkewTextExample.cs" "Assets\TextMesh Pro\Examples & Extras\Scripts\WarpTextExample.cs" "Assets\TextMesh Pro\Examples & Extras\Scripts\ShaderPropAnimator.cs" Assets\Scripts\Minigames\SortGames\SortGame.cs Assets\Scripts\Minigames\Base\MinigameManager.cs Assets\Scripts\Minigames\Base\UI\IPopupUIBuilder.cs "Assets\TextMesh Pro\Examples & Extras\Scripts\VertexShakeA.cs" "Assets\TextMesh Pro\Examples & Extras\Scripts\Benchmark01_UGUI.cs" "Assets\TextMesh Pro\Examples & Extras\Scripts\SimpleScript.cs" "Assets\TextMesh Pro\Examples & Extras\Scripts\Benchmark04.cs" Assets\Scripts\Netcode\Validation\Rules\PlayerCountRules.cs "Assets\TextMesh Pro\Examples & Extras\Scripts\ChatController.cs" Assets\Scripts\Netcode\Validation\LobbyValidator.cs Assets\Scripts\Netcode\Player\GhostVisibilityManager.cs "Assets\TextMesh Pro\Examples & Extras\Scripts\TMP_FrameRateCounter.cs" Assets\Scripts\Minigames\ClickGames\TapachkiGame.cs Assets\Scripts\Minigames\Base\Interaction\DragAndDropManager.cs Assets\Scripts\Netcode\WinConditions\WinConditionEvaluator.cs Assets\Scripts\Config\NetworkGameplayConfig.cs Assets\Scripts\Netcode\Player\CameraFollow.cs Assets\Scripts\UI\MeetingUIController.cs Assets\Scripts\Minigames\SortGames\LezginkaSortGame.cs Assets\Scripts\Netcode\Player\PlayerInputClient.cs Assets\Scripts\UI\MainMenuUI.cs Assets\Scripts\Netcode\Player\PlayerMotorServer.cs Assets\Scripts\Minigames\Base\MinigameTriggerPoint.cs Assets\Scripts\Minigames\SortGames\PraySortGame.cs Assets\Scripts\Netcode\WinConditions\TeamEnum.cs Assets\Scripts\Netcode\DisconnectHandler.cs "Assets\TextMesh Pro\Examples & Extras\Scripts\ObjectSpin.cs" Assets\Scripts\Netcode\KeepNetworkManagerAlive.cs "Assets\TextMesh Pro\Examples & Extras\Scripts\TextConsoleSimulator.cs" "Assets\TextMesh Pro\Examples & Extras\Scripts\TeleType.cs" "Assets\TextMesh Pro\Examples & Extras\Scripts\TMP_TextEventCheck.cs" Assets\Scripts\Minigames\Base\UI\DefaultPopupUIBuilder.cs Assets\Scripts\Minigames\ClickGames\ClickGame.cs Assets\Scripts\Netcode\Validation\Rules\KavkaziStrictMinorityRule.cs Assets\Scripts\Minigames\SortGames\Cell.cs "Assets\TextMesh Pro\Examples & Extras\Scripts\EnvMapAnimator.cs" Assets\Scripts\Netcode\Meeting\MeetingManager.cs Assets\Scripts\Minigames\Base\BaseMinigame.cs "Assets\TextMesh Pro\Examples & Extras\Scripts\TMP_TextSelector_A.cs" Assets\Scripts\Netcode\WinConditions\AllTasksCompletedWinCondition.cs Assets\Scripts\UI\Meeting\MeetingVoteUIController.cs Assets\Scripts\Netcode\Validation\Rules\SimpleRangeRule.cs Assets\Scripts\UI\Meeting\MeetingSkipView.cs Assets\Scripts\Netcode\SceneTransitionManager.cs Assets\Scripts\Netcode\WinConditions\ImposterMajorityWinCondition.cs Assets\Scripts\Netcode\Validation\ILobbyRule.cs Assets\Scripts\Services\UnityRelayService.cs Assets\Scripts\UI\Meeting\MeetingPlayerSlotView.cs "Assets\TextMesh Pro\Examples & Extras\Scripts\TMP_ExampleScript_01.cs" "Assets\TextMesh Pro\Examples & Extras\Scripts\TMPro_InstructionOverlay.cs" Assets\Scripts\Netcode\Reporting\KeyboardReportInput.cs Assets\Scripts\Minigames\ClickGames\RemoteCommonClickGame.cs Assets\Scripts\Netcode\Reporting\IReportInput.cs "Assets\TextMesh Pro\Examples & Extras\Scripts\TMP_UiFrameRateCounter.cs" Assets\Scripts\Netcode\Meeting\MeetingData.cs Assets\Scripts\Netcode\Player\PlayerRole.cs "Assets\TextMesh Pro\Examples & Extras\Scripts\TMP_TextSelector_B.cs" Assets\Scripts\Minigames\ClickGames\DishClickGame.cs Assets\Scripts\Services\UnityAuthService.cs Assets\Scripts\Minigames\Base\MinigameFactory.cs "Assets\TextMesh Pro\Examples & Extras\Scripts\TMP_TextInfoDebugTool.cs" Assets\Scripts\Netcode\Player\PlayerAvatar.cs Assets\Scripts\Minigames\Base\UI\ClickGameUIBuilder.cs Assets\Scripts\Minigames\Base\UI\SortGameUIBuilder.cs Assets\Scripts\Netcode\WinConditions\AllImpostersEliminatedWinCondition.cs Assets\Scripts\Minigames\Base\MinigameRegistry.cs Assets\Scripts\Netcode\WinConditions\IWinCondition.cs "Assets\TextMesh Pro\Examples & Extras\Scripts\TMP_DigitValidator.cs" Assets\Scripts\UI\GameplayUI.cs Assets\Scripts\Netcode\WinConditions\GameSnapshot.cs "Assets\TextMesh Pro\Examples & Extras\Scripts\Benchmark01.cs" "Assets\TextMesh Pro\Examples & Extras\Scripts\TextMeshSpawner.cs" Assets\Scripts\Netcode\Reporting\ReportingSetup.cs Assets\Scripts\Netcode\SessionData.cs "Assets\TextMesh Pro\Examples & Extras\Scripts\CameraController.cs" Assets\Scripts\Netcode\Reporting\ReportService.cs "Assets\TextMesh Pro\Examples & Extras\Scripts\Benchmark03.cs" Assets\Scripts\Minigames\SortGames\DraggableElement.cs Assets\Scripts\Minigames\ClickGames\PapakhaClickGame.cs Assets\Scripts\UI\ReportUIController.cs Assets\Scripts\Minigames\Progress\TaskDistributor.cs "Assets\TextMesh Pro\Examples & Extras\Scripts\DropdownSample.cs" Assets\Scripts\Services\UnityLobbyService.cs "Assets\TextMesh Pro\Examples & Extras\Scripts\VertexColorCycler.cs" "Assets\TextMesh Pro\Examples & Extras\Scripts\TMP_PhoneNumberValidator.cs" Assets\Scripts\Netcode\Reporting\IReportable.cs Assets\Scripts\Minigames\SortGames\ShashlikSortGame.cs Assets\Scripts\UI\WinScreenSceneController.cs Assets\Scripts\Minigames\Base\Strategies\IWinConditionStrategy.cs Assets\Scripts\Netcode\Player\InnocentRole.cs Assets\Scripts\Netcode\Player\RoleVisibilityService.cs "Assets\TextMesh Pro\Examples & Extras\Scripts\TextMeshProFloatingText.cs" Assets\Scripts\Minigames\Base\IMinigame.cs Assets\Scripts\Netcode\GameSessionManager.cs
         Microsoft (R) Visual C# Compiler version 4.3.0-3.22365.10 (dd078d4e)
         Copyright (C) Microsoft Corporation. All rights reserved.
   1:7>CSC : warning CS8785: Generator 'AttributeBasedFieldGenerator' failed to generate source. It will not contribute to the output and compilation errors may occur as a result. Exception was of type 'IndexOutOfRangeException' with message 'Index was outside the bounds of the array.' [C:\Users\germa\Desktop\Kavkazim\kavkazim\Assembly-CSharp.csproj]
   1:7>C:\Users\germa\Desktop\Kavkazim\kavkazim\Assets\Scripts\Minigames\SortGames\LaundrySortGame.cs(15,40): warning CS0108: 'LaundrySortGame.snapProximityDistance' hides inherited member 'SortGame.snapProximityDistance'. Use the new keyword if hiding was intended. [C:\Users\germa\Desktop\Kavkazim\kavkazim\Assembly-CSharp.csproj]
   1:7>C:\Users\germa\Desktop\Kavkazim\kavkazim\Assets\Scripts\Minigames\SortGames\LaundrySortGame.cs(41,22): warning CS0114: 'LaundrySortGame.Awake()' hides inherited member 'SortGame.Awake()'. To make the current member override that implementation, add the override keyword. Otherwise add the new keyword. [C:\Users\germa\Desktop\Kavkazim\kavkazim\Assembly-CSharp.csproj]
   1:7>C:\Users\germa\Desktop\Kavkazim\kavkazim\Assets\Scripts\Minigames\SortGames\LaundrySortGame.cs(426,22): warning CS0114: 'LaundrySortGame.CheckWinCondition()' hides inherited member 'SortGame.CheckWinCondition()'. To make the current member override that implementation, add the override keyword. Otherwise add the new keyword. [C:\Users\germa\Desktop\Kavkazim\kavkazim\Assembly-CSharp.csproj]
   1:7>C:\Users\germa\Desktop\Kavkazim\kavkazim\Assets\Scripts\Minigames\SortGames\LaundrySortGame.cs(509,48): warning CS0114: 'LaundrySortGame.CloseAfterDelay(float)' hides inherited member 'BaseMinigame.CloseAfterDelay(float)'. To make the current member override that implementation, add the override keyword. Otherwise add the new keyword. [C:\Users\germa\Desktop\Kavkazim\kavkazim\Assembly-CSharp.csproj]
   1:7>C:\Users\germa\Desktop\Kavkazim\kavkazim\Assets\Scripts\Minigames\SortGames\LezginkaSortGame.cs(14,38): warning CS0108: 'LezginkaSortGame.canvasSortingOrder' hides inherited member 'BaseMinigame.canvasSortingOrder'. Use the new keyword if hiding was intended. [C:\Users\germa\Desktop\Kavkazim\kavkazim\Assembly-CSharp.csproj]
   1:7>C:\Users\germa\Desktop\Kavkazim\kavkazim\Assets\Scripts\Minigames\SortGames\LezginkaSortGame.cs(15,40): warning CS0108: 'LezginkaSortGame.backgroundColor' hides inherited member 'BaseMinigame.backgroundColor'. Use the new keyword if hiding was intended. [C:\Users\germa\Desktop\Kavkazim\kavkazim\Assembly-CSharp.csproj]
   1:7>C:\Users\germa\Desktop\Kavkazim\kavkazim\Assets\Scripts\Minigames\SortGames\LezginkaSortGame.cs(16,39): warning CS0108: 'LezginkaSortGame.showCloseButton' hides inherited member 'BaseMinigame.showCloseButton'. Use the new keyword if hiding was intended. [C:\Users\germa\Desktop\Kavkazim\kavkazim\Assembly-CSharp.csproj]
   1:7>C:\Users\germa\Desktop\Kavkazim\kavkazim\Assets\Scripts\Minigames\SortGames\LezginkaSortGame.cs(253,22): warning CS0114: 'LezginkaSortGame.CheckWinCondition()' hides inherited member 'SortGame.CheckWinCondition()'. To make the current member override that implementation, add the override keyword. Otherwise add the new keyword. [C:\Users\germa\Desktop\Kavkazim\kavkazim\Assembly-CSharp.csproj]
   1:7>C:\Users\germa\Desktop\Kavkazim\kavkazim\Assets\Scripts\Minigames\SortGames\LezginkaSortGame.cs(342,48): warning CS0114: 'LezginkaSortGame.CloseAfterDelay(float)' hides inherited member 'BaseMinigame.CloseAfterDelay(float)'. To make the current member override that implementation, add the override keyword. Otherwise add the new keyword. [C:\Users\germa\Desktop\Kavkazim\kavkazim\Assembly-CSharp.csproj]
   1:7>C:\Users\germa\Desktop\Kavkazim\kavkazim\Assets\Scripts\Minigames\SortGames\LezginkaSortGame.cs(464,32): warning CS0114: 'LezginkaSortGame.OnDestroy()' hides inherited member 'BaseMinigame.OnDestroy()'. To make the current member override that implementation, add the override keyword. Otherwise add the new keyword. [C:\Users\germa\Desktop\Kavkazim\kavkazim\Assembly-CSharp.csproj]
   1:7>C:\Users\germa\Desktop\Kavkazim\kavkazim\Assets\Scripts\Minigames\ClickGames\WolfClickGame.cs(269,22): warning CS0114: 'WolfClickGame.OnGameComplete()' hides inherited member 'ClickGame.OnGameComplete()'. To make the current member override that implementation, add the override keyword. Otherwise add the new keyword. [C:\Users\germa\Desktop\Kavkazim\kavkazim\Assembly-CSharp.csproj]
   1:7>C:\Users\germa\Desktop\Kavkazim\kavkazim\Assets\Scripts\Minigames\ClickGames\WolfClickGame.cs(288,48): warning CS0114: 'WolfClickGame.CloseAfterDelay(float)' hides inherited member 'ClickGame.CloseAfterDelay(float)'. To make the current member override that implementation, add the override keyword. Otherwise add the new keyword. [C:\Users\germa\Desktop\Kavkazim\kavkazim\Assembly-CSharp.csproj]
   1:7>C:\Users\germa\Desktop\Kavkazim\kavkazim\Assets\Scripts\Minigames\SortGames\PraySortGame.cs(14,38): warning CS0108: 'PraySortGame.canvasSortingOrder' hides inherited member 'BaseMinigame.canvasSortingOrder'. Use the new keyword if hiding was intended. [C:\Users\germa\Desktop\Kavkazim\kavkazim\Assembly-CSharp.csproj]
   1:7>C:\Users\germa\Desktop\Kavkazim\kavkazim\Assets\Scripts\Minigames\SortGames\PraySortGame.cs(15,40): warning CS0108: 'PraySortGame.backgroundColor' hides inherited member 'BaseMinigame.backgroundColor'. Use the new keyword if hiding was intended. [C:\Users\germa\Desktop\Kavkazim\kavkazim\Assembly-CSharp.csproj]
   1:7>C:\Users\germa\Desktop\Kavkazim\kavkazim\Assets\Scripts\Minigames\SortGames\PraySortGame.cs(16,39): warning CS0108: 'PraySortGame.showCloseButton' hides inherited member 'BaseMinigame.showCloseButton'. Use the new keyword if hiding was intended. [C:\Users\germa\Desktop\Kavkazim\kavkazim\Assembly-CSharp.csproj]
   1:7>C:\Users\germa\Desktop\Kavkazim\kavkazim\Assets\Scripts\Minigames\SortGames\PraySortGame.cs(262,22): warning CS0114: 'PraySortGame.CheckWinCondition()' hides inherited member 'SortGame.CheckWinCondition()'. To make the current member override that implementation, add the override keyword. Otherwise add the new keyword. [C:\Users\germa\Desktop\Kavkazim\kavkazim\Assembly-CSharp.csproj]
   1:7>C:\Users\germa\Desktop\Kavkazim\kavkazim\Assets\Scripts\Minigames\SortGames\PraySortGame.cs(360,48): warning CS0114: 'PraySortGame.CloseAfterDelay(float)' hides inherited member 'BaseMinigame.CloseAfterDelay(float)'. To make the current member override that implementation, add the override keyword. Otherwise add the new keyword. [C:\Users\germa\Desktop\Kavkazim\kavkazim\Assembly-CSharp.csproj]
   1:7>C:\Users\germa\Desktop\Kavkazim\kavkazim\Assets\Scripts\Minigames\SortGames\PraySortGame.cs(479,32): warning CS0114: 'PraySortGame.OnDestroy()' hides inherited member 'BaseMinigame.OnDestroy()'. To make the current member override that implementation, add the override keyword. Otherwise add the new keyword. [C:\Users\germa\Desktop\Kavkazim\kavkazim\Assembly-CSharp.csproj]
   1:7>C:\Users\germa\Desktop\Kavkazim\kavkazim\Assets\Scripts\Minigames\ClickGames\TakedownClickGame.cs(124,22): warning CS0114: 'TakedownClickGame.CreateMainImage()' hides inherited member 'ClickGame.CreateMainImage()'. To make the current member override that implementation, add the override keyword. Otherwise add the new keyword. [C:\Users\germa\Desktop\Kavkazim\kavkazim\Assembly-CSharp.csproj]
   1:7>C:\Users\germa\Desktop\Kavkazim\kavkazim\Assets\Scripts\Minigames\ClickGames\TakedownClickGame.cs(315,48): warning CS0114: 'TakedownClickGame.CloseAfterDelay(float)' hides inherited member 'ClickGame.CloseAfterDelay(float)'. To make the current member override that implementation, add the override keyword. Otherwise add the new keyword. [C:\Users\germa\Desktop\Kavkazim\kavkazim\Assembly-CSharp.csproj]
   1:7>C:\Users\germa\Desktop\Kavkazim\kavkazim\Assets\Scripts\Minigames\SortGames\ShashlikSortGame.cs(12,38): warning CS0108: 'ShashlikSortGame.canvasSortingOrder' hides inherited member 'BaseMinigame.canvasSortingOrder'. Use the new keyword if hiding was intended. [C:\Users\germa\Desktop\Kavkazim\kavkazim\Assembly-CSharp.csproj]
   1:7>C:\Users\germa\Desktop\Kavkazim\kavkazim\Assets\Scripts\Minigames\SortGames\ShashlikSortGame.cs(13,40): warning CS0108: 'ShashlikSortGame.backgroundColor' hides inherited member 'BaseMinigame.backgroundColor'. Use the new keyword if hiding was intended. [C:\Users\germa\Desktop\Kavkazim\kavkazim\Assembly-CSharp.csproj]
   1:7>C:\Users\germa\Desktop\Kavkazim\kavkazim\Assets\Scripts\Minigames\SortGames\ShashlikSortGame.cs(14,39): warning CS0108: 'ShashlikSortGame.showCloseButton' hides inherited member 'BaseMinigame.showCloseButton'. Use the new keyword if hiding was intended. [C:\Users\germa\Desktop\Kavkazim\kavkazim\Assembly-CSharp.csproj]
   1:7>C:\Users\germa\Desktop\Kavkazim\kavkazim\Assets\Scripts\Minigames\SortGames\ShashlikSortGame.cs(44,22): warning CS0114: 'ShashlikSortGame.Awake()' hides inherited member 'SortGame.Awake()'. To make the current member override that implementation, add the override keyword. Otherwise add the new keyword. [C:\Users\germa\Desktop\Kavkazim\kavkazim\Assembly-CSharp.csproj]
   1:7>C:\Users\germa\Desktop\Kavkazim\kavkazim\Assets\Scripts\Minigames\SortGames\ShashlikSortGame.cs(649,22): warning CS0114: 'ShashlikSortGame.CheckWinCondition()' hides inherited member 'SortGame.CheckWinCondition()'. To make the current member override that implementation, add the override keyword. Otherwise add the new keyword. [C:\Users\germa\Desktop\Kavkazim\kavkazim\Assembly-CSharp.csproj]
   1:7>C:\Users\germa\Desktop\Kavkazim\kavkazim\Assets\Scripts\Minigames\SortGames\ShashlikSortGame.cs(755,48): warning CS0114: 'ShashlikSortGame.CloseAfterDelay(float)' hides inherited member 'BaseMinigame.CloseAfterDelay(float)'. To make the current member override that implementation, add the override keyword. Otherwise add the new keyword. [C:\Users\germa\Desktop\Kavkazim\kavkazim\Assembly-CSharp.csproj]
   1:7>C:\Users\germa\Desktop\Kavkazim\kavkazim\Assets\Scripts\Minigames\SortGames\ShashlikSortGame.cs(761,22): warning CS0114: 'ShashlikSortGame.CreateCloseButton()' hides inherited member 'BaseMinigame.CreateCloseButton()'. To make the current member override that implementation, add the override keyword. Otherwise add the new keyword. [C:\Users\germa\Desktop\Kavkazim\kavkazim\Assembly-CSharp.csproj]
   1:7>C:\Users\germa\Desktop\Kavkazim\kavkazim\Assets\Scripts\Minigames\SortGames\ShashlikSortGame.cs(791,22): warning CS0114: 'ShashlikSortGame.OnDestroy()' hides inherited member 'BaseMinigame.OnDestroy()'. To make the current member override that implementation, add the override keyword. Otherwise add the new keyword. [C:\Users\germa\Desktop\Kavkazim\kavkazim\Assembly-CSharp.csproj]
   1:7>C:\Users\germa\Desktop\Kavkazim\kavkazim\Assets\Scripts\Minigames\ClickGames\ClickGame.cs(270,58): warning CS0114: 'ClickGame.CloseAfterDelay(float)' hides inherited member 'BaseMinigame.CloseAfterDelay(float)'. To make the current member override that implementation, add the override keyword. Otherwise add the new keyword. [C:\Users\germa\Desktop\Kavkazim\kavkazim\Assembly-CSharp.csproj]
   1:7>C:\Users\germa\Desktop\Kavkazim\kavkazim\Assets\Scripts\Minigames\ClickGames\RemoteCommonClickGame.cs(413,48): warning CS0114: 'RemoteCommonClickGame.CloseAfterDelay(float)' hides inherited member 'ClickGame.CloseAfterDelay(float)'. To make the current member override that implementation, add the override keyword. Otherwise add the new keyword. [C:\Users\germa\Desktop\Kavkazim\kavkazim\Assembly-CSharp.csproj]
   1:7>C:\Users\germa\Desktop\Kavkazim\kavkazim\Assets\Scripts\Netcode\Player\PlayerInputClient.cs(220,22): warning CS0114: 'PlayerInputClient.OnDestroy()' hides inherited member 'NetworkBehaviour.OnDestroy()'. To make the current member override that implementation, add the override keyword. Otherwise add the new keyword. [C:\Users\germa\Desktop\Kavkazim\kavkazim\Assembly-CSharp.csproj]
   1:7>C:\Users\germa\Desktop\Kavkazim\kavkazim\Assets\Scripts\Netcode\Meeting\MeetingManager.cs(79,22): warning CS0114: 'MeetingManager.OnDestroy()' hides inherited member 'NetworkBehaviour.OnDestroy()'. To make the current member override that implementation, add the override keyword. Otherwise add the new keyword. [C:\Users\germa\Desktop\Kavkazim\kavkazim\Assembly-CSharp.csproj]
   1:7>C:\Users\germa\Desktop\Kavkazim\kavkazim\Assets\Scripts\Netcode\GameSessionManager.cs(228,22): warning CS0114: 'GameSessionManager.OnDestroy()' hides inherited member 'NetworkBehaviour.OnDestroy()'. To make the current member override that implementation, add the override keyword. Otherwise add the new keyword. [C:\Users\germa\Desktop\Kavkazim\kavkazim\Assembly-CSharp.csproj]
   1:7>C:\Users\germa\Desktop\Kavkazim\kavkazim\Assets\Scripts\UI\LobbyUI.cs(284,53): error CS1501: No overload for method 'CreateSettingSlider' takes 6 arguments [C:\Users\germa\Desktop\Kavkazim\kavkazim\Assembly-CSharp.csproj]
   1:7>C:\Users\germa\Desktop\Kavkazim\kavkazim\Assets\Scripts\UI\LobbyUI.cs(291,57): error CS1501: No overload for method 'CreateSettingSlider' takes 6 arguments [C:\Users\germa\Desktop\Kavkazim\kavkazim\Assembly-CSharp.csproj]
   1:7>C:\Users\germa\Desktop\Kavkazim\kavkazim\Assets\Scripts\UI\LobbyUI.cs(298,53): error CS1501: No overload for method 'CreateSettingSlider' takes 6 arguments [C:\Users\germa\Desktop\Kavkazim\kavkazim\Assembly-CSharp.csproj]
   1:7>C:\Users\germa\Desktop\Kavkazim\kavkazim\Assets\Scripts\UI\LobbyUI.cs(305,51): error CS1501: No overload for method 'CreateSettingSlider' takes 6 arguments [C:\Users\germa\Desktop\Kavkazim\kavkazim\Assembly-CSharp.csproj]
   1:7>C:\Users\germa\Desktop\Kavkazim\kavkazim\Assets\Scripts\UI\LobbyUI.cs(311,57): error CS1501: No overload for method 'CreateSettingSlider' takes 6 arguments [C:\Users\germa\Desktop\Kavkazim\kavkazim\Assembly-CSharp.csproj]
   1:7>C:\Users\germa\Desktop\Kavkazim\kavkazim\Assets\Scripts\UI\LobbyUI.cs(318,49): error CS1501: No overload for method 'CreateSettingSlider' takes 6 arguments [C:\Users\germa\Desktop\Kavkazim\kavkazim\Assembly-CSharp.csproj]
   1:7>C:\Users\germa\Desktop\Kavkazim\kavkazim\Assets\Scripts\UI\LobbyUI.cs(326,13): error CS1501: No overload for method 'CreateTestModeToggle' takes 2 arguments [C:\Users\germa\Desktop\Kavkazim\kavkazim\Assembly-CSharp.csproj]
   1:7>C:\Users\germa\Desktop\Kavkazim\kavkazim\Assets\Scripts\Minigames\SortGames\LaundrySortGame.cs(492,38): warning CS0618: 'Object.FindObjectsOfType<T>()' is obsolete: 'Object.FindObjectsOfType has been deprecated. Use Object.FindObjectsByType instead which lets you decide whether you need the results sorted or not.  FindObjectsOfType sorts the results by InstanceID but if you do not need this using FindObjectSortMode.None is considerably faster.' [C:\Users\germa\Desktop\Kavkazim\kavkazim\Assembly-CSharp.csproj]
   1:7>C:\Users\germa\Desktop\Kavkazim\kavkazim\Assets\Scripts\Minigames\SortGames\LezginkaSortGame.cs(115,17): warning CS0219: The variable 'totalCells' is assigned but its value is never used [C:\Users\germa\Desktop\Kavkazim\kavkazim\Assembly-CSharp.csproj]
         C:\Users\germa\Desktop\Kavkazim\kavkazim\Assets\Scripts\UI\WinScreenSceneController.cs(25,39): info SP0001: Diagnostic 'CS0649: Field 'WinScreenSceneController._titleText' is never assigned to, and will always have its default value null' was programmatically suppressed by a DiagnosticSuppressor with suppression ID 'USP0007' and justification 'Don't flag fields with a SerializeField or SerializeReference attribute as never assigned.'
         C:\Users\germa\Desktop\Kavkazim\kavkazim\Assets\Scripts\UI\Meeting\MeetingPlayerSlotView.cs(17,40): info SP0001: Diagnostic 'CS0649: Field 'MeetingPlayerSlotView.deadOverlay' is never assigned to, and will always have its default value null' was programmatically suppressed by a DiagnosticSuppressor with suppression ID 'USP0007' and justification 'Don't flag fields with a SerializeField or SerializeReference attribute as never assigned.'
         C:\Users\germa\Desktop\Kavkazim\kavkazim\Assets\Scripts\Netcode\Reporting\ReportingSetup.cs(19,56): info SP0001: Diagnostic 'CS0649: Field 'ReportingSetup.config' is never assigned to, and will always have its default value null' was programmatically suppressed by a DiagnosticSuppressor with suppression ID 'USP0007' and justification 'Don't flag fields with a SerializeField or SerializeReference attribute as never assigned.'
         C:\Users\germa\Desktop\Kavkazim\kavkazim\Assets\Scripts\UI\Meeting\MeetingSkipView.cs(18,50): info SP0001: Diagnostic 'CS0649: Field 'MeetingSkipView.skipCountText' is never assigned to, and will always have its default value null' was programmatically suppressed by a DiagnosticSuppressor with suppression ID 'USP0007' and justification 'Don't flag fields with a SerializeField or SerializeReference attribute as never assigned.'
         C:\Users\germa\Desktop\Kavkazim\kavkazim\Assets\Scripts\Netcode\Player\KillerAbility.cs(17,56): info SP0001: Diagnostic 'CS0649: Field 'KillerAbility.config' is never assigned to, and will always have its default value null' was programmatically suppressed by a DiagnosticSuppressor with suppression ID 'USP0007' and justification 'Don't flag fields with a SerializeField or SerializeReference attribute as never assigned.'
         C:\Users\germa\Desktop\Kavkazim\kavkazim\Assets\Scripts\UI\WinScreenSceneController.cs(29,39): info SP0001: Diagnostic 'CS0649: Field 'WinScreenSceneController._countdownText' is never assigned to, and will always have its default value null' was programmatically suppressed by a DiagnosticSuppressor with suppression ID 'USP0007' and justification 'Don't flag fields with a SerializeField or SerializeReference attribute as never assigned.'
         C:\Users\germa\Desktop\Kavkazim\kavkazim\Assets\Scripts\UI\Meeting\MeetingPlayerSlotView.cs(19,50): info SP0001: Diagnostic 'CS0649: Field 'MeetingPlayerSlotView.voteCountText' is never assigned to, and will always have its default value null' was programmatically suppressed by a DiagnosticSuppressor with suppression ID 'USP0007' and justification 'Don't flag fields with a SerializeField or SerializeReference attribute as never assigned.'
         C:\Users\germa\Desktop\Kavkazim\kavkazim\Assets\Scripts\UI\Meeting\MeetingPlayerSlotView.cs(18,40): info SP0001: Diagnostic 'CS0649: Field 'MeetingPlayerSlotView.voteCountShield' is never assigned to, and will always have its default value null' was programmatically suppressed by a DiagnosticSuppressor with suppression ID 'USP0007' and justification 'Don't flag fields with a SerializeField or SerializeReference attribute as never assigned.'
         C:\Users\germa\Desktop\Kavkazim\kavkazim\Assets\Scripts\Netcode\Player\PlayerMotorServer.cs(15,56): info SP0001: Diagnostic 'CS0649: Field 'PlayerMotorServer.config' is never assigned to, and will always have its default value null' was programmatically suppressed by a DiagnosticSuppressor with suppression ID 'USP0007' and justification 'Don't flag fields with a SerializeField or SerializeReference attribute as never assigned.'
         C:\Users\germa\Desktop\Kavkazim\kavkazim\Assets\Scripts\UI\MainMenuUI.cs(20,41): info SP0001: Diagnostic 'CS0649: Field 'MainMenuUI.quickJoinButton' is never assigned to, and will always have its default value null' was programmatically suppressed by a DiagnosticSuppressor with suppression ID 'USP0007' and justification 'Don't flag fields with a SerializeField or SerializeReference attribute as never assigned.'
         C:\Users\germa\Desktop\Kavkazim\kavkazim\Assets\Scripts\UI\Meeting\MeetingPlayerSlotView.cs(15,50): info SP0001: Diagnostic 'CS0649: Field 'MeetingPlayerSlotView.playerNameText' is never assigned to, and will always have its default value null' was programmatically suppressed by a DiagnosticSuppressor with suppression ID 'USP0007' and justification 'Don't flag fields with a SerializeField or SerializeReference attribute as never assigned.'
         C:\Users\germa\Desktop\Kavkazim\kavkazim\Assets\Scripts\UI\MainMenuUI.cs(19,41): info SP0001: Diagnostic 'CS0649: Field 'MainMenuUI.hostButton' is never assigned to, and will always have its default value null' was programmatically suppressed by a DiagnosticSuppressor with suppression ID 'USP0007' and justification 'Don't flag fields with a SerializeField or SerializeReference attribute as never assigned.'
         C:\Users\germa\Desktop\Kavkazim\kavkazim\Assets\Scripts\UI\MainMenuUI.cs(18,49): info SP0001: Diagnostic 'CS0649: Field 'MainMenuUI.nameInput' is never assigned to, and will always have its default value null' was programmatically suppressed by a DiagnosticSuppressor with suppression ID 'USP0007' and justification 'Don't flag fields with a SerializeField or SerializeReference attribute as never assigned.'
         C:\Users\germa\Desktop\Kavkazim\kavkazim\Assets\Scripts\UI\MeetingUIController.cs(23,50): info SP0001: Diagnostic 'CS0649: Field 'MeetingUIController.timerText' is never assigned to, and will always have its default value null' was programmatically suppressed by a DiagnosticSuppressor with suppression ID 'USP0007' and justification 'Don't flag fields with a SerializeField or SerializeReference attribute as never assigned.'
         C:\Users\germa\Desktop\Kavkazim\kavkazim\Assets\Scripts\Netcode\Reporting\ReportingSetup.cs(16,45): info SP0001: Diagnostic 'CS0649: Field 'ReportingSetup.deadBodyPrefab' is never assigned to, and will always have its default value null' was programmatically suppressed by a DiagnosticSuppressor with suppression ID 'USP0007' and justification 'Don't flag fields with a SerializeField or SerializeReference attribute as never assigned.'
         C:\Users\germa\Desktop\Kavkazim\kavkazim\Assets\Scripts\UI\WinScreenSceneController.cs(27,39): info SP0001: Diagnostic 'CS0649: Field 'WinScreenSceneController._reasonText' is never assigned to, and will always have its default value null' was programmatically suppressed by a DiagnosticSuppressor with suppression ID 'USP0007' and justification 'Don't flag fields with a SerializeField or SerializeReference attribute as never assigned.'
         C:\Users\germa\Desktop\Kavkazim\kavkazim\Assets\Scripts\UI\Meeting\MeetingVoteUIController.cs(17,62): info SP0001: Diagnostic 'CS0649: Field 'MeetingVoteUIController.slotViews' is never assigned to, and will always have its default value null' was programmatically suppressed by a DiagnosticSuppressor with suppression ID 'USP0007' and justification 'Don't flag fields with a SerializeField or SerializeReference attribute as never assigned.'
         C:\Users\germa\Desktop\Kavkazim\kavkazim\Assets\Scripts\UI\WinScreenSceneController.cs(24,46): info SP0001: Diagnostic 'CS0649: Field 'WinScreenSceneController._canvasGroup' is never assigned to, and will always have its default value null' was programmatically suppressed by a DiagnosticSuppressor with suppression ID 'USP0007' and justification 'Don't flag fields with a SerializeField or SerializeReference attribute as never assigned.'
         C:\Users\germa\Desktop\Kavkazim\kavkazim\Assets\Scripts\UI\WinScreenSceneController.cs(28,41): info SP0001: Diagnostic 'CS0649: Field 'WinScreenSceneController._returnButton' is never assigned to, and will always have its default value null' was programmatically suppressed by a DiagnosticSuppressor with suppression ID 'USP0007' and justification 'Don't flag fields with a SerializeField or SerializeReference attribute as never assigned.'
         C:\Users\germa\Desktop\Kavkazim\kavkazim\Assets\Scripts\UI\MainMenuUI.cs(21,41): info SP0001: Diagnostic 'CS0649: Field 'MainMenuUI.leaveLobbyButton' is never assigned to, and will always have its default value null' was programmatically suppressed by a DiagnosticSuppressor with suppression ID 'USP0007' and justification 'Don't flag fields with a SerializeField or SerializeReference attribute as never assigned.'
         C:\Users\germa\Desktop\Kavkazim\kavkazim\Assets\Scripts\UI\Meeting\MeetingVoteUIController.cs(16,50): info SP0001: Diagnostic 'CS0649: Field 'MeetingVoteUIController.skipView' is never assigned to, and will always have its default value null' was programmatically suppressed by a DiagnosticSuppressor with suppression ID 'USP0007' and justification 'Don't flag fields with a SerializeField or SerializeReference attribute as never assigned.'
         C:\Users\germa\Desktop\Kavkazim\kavkazim\Assets\Scripts\UI\WinScreenSceneController.cs(26,39): info SP0001: Diagnostic 'CS0649: Field 'WinScreenSceneController._winnersText' is never assigned to, and will always have its default value null' was programmatically suppressed by a DiagnosticSuppressor with suppression ID 'USP0007' and justification 'Don't flag fields with a SerializeField or SerializeReference attribute as never assigned.'
         C:\Users\germa\Desktop\Kavkazim\kavkazim\Assets\Scripts\UI\Meeting\MeetingSkipView.cs(17,40): info SP0001: Diagnostic 'CS0649: Field 'MeetingSkipView.skipCountShield' is never assigned to, and will always have its default value null' was programmatically suppressed by a DiagnosticSuppressor with suppression ID 'USP0007' and justification 'Don't flag fields with a SerializeField or SerializeReference attribute as never assigned.'
         C:\Users\germa\Desktop\Kavkazim\kavkazim\Assets\Scripts\UI\MeetingUIController.cs(26,58): info SP0001: Diagnostic 'CS0649: Field 'MeetingUIController.voteController' is never assigned to, and will always have its default value null' was programmatically suppressed by a DiagnosticSuppressor with suppression ID 'USP0007' and justification 'Don't flag fields with a SerializeField or SerializeReference attribute as never assigned.'
         C:\Users\germa\Desktop\Kavkazim\kavkazim\Assets\Scripts\UI\Meeting\MeetingPlayerSlotView.cs(16,40): info SP0001: Diagnostic 'CS0649: Field 'MeetingPlayerSlotView.selectionRing' is never assigned to, and will always have its default value null' was programmatically suppressed by a DiagnosticSuppressor with suppression ID 'USP0007' and justification 'Don't flag fields with a SerializeField or SerializeReference attribute as never assigned.'
         C:\Users\germa\Desktop\Kavkazim\kavkazim\Assets\Scripts\UI\Meeting\MeetingSkipView.cs(15,40): info SP0001: Diagnostic 'CS0649: Field 'MeetingSkipView.selectionBorder' is never assigned to, and will always have its default value null' was programmatically suppressed by a DiagnosticSuppressor with suppression ID 'USP0007' and justification 'Don't flag fields with a SerializeField or SerializeReference attribute as never assigned.'
   1:7>C:\Users\germa\Desktop\Kavkazim\kavkazim\Assets\Scripts\Minigames\SortGames\ShashlikSortGame.cs(12,38): warning CS0414: The field 'ShashlikSortGame.canvasSortingOrder' is assigned but its value is never used [C:\Users\germa\Desktop\Kavkazim\kavkazim\Assembly-CSharp.csproj]
   1:7>C:\Users\germa\Desktop\Kavkazim\kavkazim\Assets\Scripts\Minigames\SortGames\PraySortGame.cs(16,39): warning CS0414: The field 'PraySortGame.showCloseButton' is assigned but its value is never used [C:\Users\germa\Desktop\Kavkazim\kavkazim\Assembly-CSharp.csproj]
   1:7>C:\Users\germa\Desktop\Kavkazim\kavkazim\Assets\Scripts\Minigames\SortGames\PraySortGame.cs(14,38): warning CS0414: The field 'PraySortGame.canvasSortingOrder' is assigned but its value is never used [C:\Users\germa\Desktop\Kavkazim\kavkazim\Assembly-CSharp.csproj]
   1:7>C:\Users\germa\Desktop\Kavkazim\kavkazim\Assets\Scripts\Minigames\SortGames\LezginkaSortGame.cs(19,38): warning CS0414: The field 'LezginkaSortGame.cellsPerRow' is assigned but its value is never used [C:\Users\germa\Desktop\Kavkazim\kavkazim\Assembly-CSharp.csproj]
   1:7>C:\Users\germa\Desktop\Kavkazim\kavkazim\Assets\Scripts\Minigames\SortGames\LezginkaSortGame.cs(14,38): warning CS0414: The field 'LezginkaSortGame.canvasSortingOrder' is assigned but its value is never used [C:\Users\germa\Desktop\Kavkazim\kavkazim\Assembly-CSharp.csproj]
   1:7>C:\Users\germa\Desktop\Kavkazim\kavkazim\Assets\Scripts\Minigames\SortGames\LezginkaSortGame.cs(20,38): warning CS0414: The field 'LezginkaSortGame.numberOfRows' is assigned but its value is never used [C:\Users\germa\Desktop\Kavkazim\kavkazim\Assembly-CSharp.csproj]
   1:7>C:\Users\germa\Desktop\Kavkazim\kavkazim\Assets\Scripts\Minigames\SortGames\LezginkaSortGame.cs(16,39): warning CS0414: The field 'LezginkaSortGame.showCloseButton' is assigned but its value is never used [C:\Users\germa\Desktop\Kavkazim\kavkazim\Assembly-CSharp.csproj]
   1:7>C:\Users\germa\Desktop\Kavkazim\kavkazim\Assets\Scripts\Minigames\SortGames\ShashlikSortGame.cs(34,22): warning CS0414: The field 'ShashlikSortGame._isMemorizationPhase' is assigned but its value is never used [C:\Users\germa\Desktop\Kavkazim\kavkazim\Assembly-CSharp.csproj]
   1:7>C:\Users\germa\Desktop\Kavkazim\kavkazim\Assets\Scripts\Minigames\SortGames\LaundrySortGame.cs(15,40): warning CS0414: The field 'LaundrySortGame.snapProximityDistance' is assigned but its value is never used [C:\Users\germa\Desktop\Kavkazim\kavkazim\Assembly-CSharp.csproj]
   1:7>C:\Users\germa\Desktop\Kavkazim\kavkazim\Assets\Scripts\Minigames\SortGames\ShashlikSortGame.cs(14,39): warning CS0414: The field 'ShashlikSortGame.showCloseButton' is assigned but its value is never used [C:\Users\germa\Desktop\Kavkazim\kavkazim\Assembly-CSharp.csproj]
         CompilerServer: server - server processed compilation - 053115a5-915f-44da-a66e-999477920a60
       Done executing task "Csc" -- FAILED.
   1:7>Done building target "CoreCompile" in project "Assembly-CSharp.csproj" -- FAILED.
   1:7>Target "_CheckForCompileOutputs" in file "C:\Program Files\dotnet\sdk\6.0.400\Microsoft.Common.CurrentVersion.targets" from project "C:\Users\germa\Desktop\Kavkazim\kavkazim\Assembly-CSharp.csproj" (target "_CleanGetCurrentAndPriorFileWrites" depends on it):
   1:7>Done building target "_CheckForCompileOutputs" in project "Assembly-CSharp.csproj".
       Target "_SGenCheckForOutputs" skipped, due to false condition; ('$(_SGenGenerateSerializationAssembliesConfig)' == 'On' or ('@(WebReferenceUrl)'!='' and '$(_SGenGenerateSerializationAssembliesConfig)' == 'Auto')) was evaluated as ('Off' == 'On' or (''!='' and 'Off' == 'Auto')).
   1:7>Target "_CleanGetCurrentAndPriorFileWrites" in file "C:\Program Files\dotnet\sdk\6.0.400\Microsoft.Common.CurrentVersion.targets" from project "C:\Users\germa\Desktop\Kavkazim\kavkazim\Assembly-CSharp.csproj" (target "_CleanRecordFileWrites" depends on it):
       Using "ReadLinesFromFile" task from assembly "Microsoft.Build.Tasks.Core, Version=15.1.0.0, Culture=neutral, PublicKeyToken=b03f5f7f11d50a3a".
       Task "ReadLinesFromFile"
       Done executing task "ReadLinesFromFile".
       Task "ConvertToAbsolutePath"
       Done executing task "ConvertToAbsolutePath".
       Using "FindUnderPath" task from assembly "Microsoft.Build.Tasks.Core, Version=15.1.0.0, Culture=neutral, PublicKeyToken=b03f5f7f11d50a3a".
       Task "FindUnderPath"
         Comparison path is "C:\Users\germa\Desktop\Kavkazim\kavkazim".
       Done executing task "FindUnderPath".
       Task "FindUnderPath"
         Comparison path is "Temp\bin\Debug\".
       Done executing task "FindUnderPath".
       Task "FindUnderPath"
         Comparison path is "obj\Debug\".
       Done executing task "FindUnderPath".
       Task "RemoveDuplicates"
       Done executing task "RemoveDuplicates".
   1:7>Done building target "_CleanGetCurrentAndPriorFileWrites" in project "Assembly-CSharp.csproj".
   1:7>Target "_CleanRecordFileWrites" in file "C:\Program Files\dotnet\sdk\6.0.400\Microsoft.Common.CurrentVersion.targets" from project "C:\Users\germa\Desktop\Kavkazim\kavkazim\Assembly-CSharp.csproj" (target "CoreBuild" depends on it):
       Task "RemoveDuplicates"
       Done executing task "RemoveDuplicates".
       Task "MakeDir"
       Done executing task "MakeDir".
       Task "WriteLinesToFile"
       Done executing task "WriteLinesToFile".
   1:7>Done building target "_CleanRecordFileWrites" in project "Assembly-CSharp.csproj".
   1:7>Done Building Project "C:\Users\germa\Desktop\Kavkazim\kavkazim\Assembly-CSharp.csproj" (default targets) -- FAILED.

Build FAILED.

       "C:\Users\germa\Desktop\Kavkazim\kavkazim\Assembly-CSharp.csproj" (default target) (1:7) ->
       (ResolveAssemblyReferences target) -> 
         C:\Program Files\dotnet\sdk\6.0.400\Microsoft.Common.CurrentVersion.targets(2302,5): warning MSB3277: Found conflicts between different versions of "System.Net.Http" that could not be resolved. [C:\Users\germa\Desktop\Kavkazim\kavkazim\Assembly-CSharp.csproj]
       C:\Program Files\dotnet\sdk\6.0.400\Microsoft.Common.CurrentVersion.targets(2302,5): warning MSB3277: There was a conflict between "System.Net.Http, Version=4.1.2.0, Culture=neutral, PublicKeyToken=b03f5f7f11d50a3a" and "System.Net.Http, Version=4.2.0.0, Culture=neutral, PublicKeyToken=b03f5f7f11d50a3a". [C:\Users\germa\Desktop\Kavkazim\kavkazim\Assembly-CSharp.csproj]
       C:\Program Files\dotnet\sdk\6.0.400\Microsoft.Common.CurrentVersion.targets(2302,5): warning MSB3277:     "System.Net.Http, Version=4.1.2.0, Culture=neutral, PublicKeyToken=b03f5f7f11d50a3a" was chosen because it was primary and "System.Net.Http, Version=4.2.0.0, Culture=neutral, PublicKeyToken=b03f5f7f11d50a3a" was not. [C:\Users\germa\Desktop\Kavkazim\kavkazim\Assembly-CSharp.csproj]
       C:\Program Files\dotnet\sdk\6.0.400\Microsoft.Common.CurrentVersion.targets(2302,5): warning MSB3277:     References which depend on "System.Net.Http, Version=4.1.2.0, Culture=neutral, PublicKeyToken=b03f5f7f11d50a3a" [C:\Program Files\Unity\Hub\Editor\6000.2.0f1\Editor\Data\NetStandard\compat\2.1.0\shims\netstandard\System.Net.Http.dll]. [C:\Users\germa\Desktop\Kavkazim\kavkazim\Assembly-CSharp.csproj]
       C:\Program Files\dotnet\sdk\6.0.400\Microsoft.Common.CurrentVersion.targets(2302,5): warning MSB3277:         C:\Program Files\Unity\Hub\Editor\6000.2.0f1\Editor\Data\NetStandard\compat\2.1.0\shims\netstandard\System.Net.Http.dll [C:\Users\germa\Desktop\Kavkazim\kavkazim\Assembly-CSharp.csproj]
       C:\Program Files\dotnet\sdk\6.0.400\Microsoft.Common.CurrentVersion.targets(2302,5): warning MSB3277:           Project file item includes which caused reference "C:\Program Files\Unity\Hub\Editor\6000.2.0f1\Editor\Data\NetStandard\compat\2.1.0\shims\netstandard\System.Net.Http.dll". [C:\Users\germa\Desktop\Kavkazim\kavkazim\Assembly-CSharp.csproj]
       C:\Program Files\dotnet\sdk\6.0.400\Microsoft.Common.CurrentVersion.targets(2302,5): warning MSB3277:             System.Net.Http [C:\Users\germa\Desktop\Kavkazim\kavkazim\Assembly-CSharp.csproj]
       C:\Program Files\dotnet\sdk\6.0.400\Microsoft.Common.CurrentVersion.targets(2302,5): warning MSB3277:     References which depend on "System.Net.Http, Version=4.2.0.0, Culture=neutral, PublicKeyToken=b03f5f7f11d50a3a" []. [C:\Users\germa\Desktop\Kavkazim\kavkazim\Assembly-CSharp.csproj]
       C:\Program Files\dotnet\sdk\6.0.400\Microsoft.Common.CurrentVersion.targets(2302,5): warning MSB3277:         C:\Users\germa\Desktop\Kavkazim\kavkazim\Library\ScriptAssemblies\Unity.Addressables.Editor.dll [C:\Users\germa\Desktop\Kavkazim\kavkazim\Assembly-CSharp.csproj]
       C:\Program Files\dotnet\sdk\6.0.400\Microsoft.Common.CurrentVersion.targets(2302,5): warning MSB3277:           Project file item includes which caused reference "C:\Users\germa\Desktop\Kavkazim\kavkazim\Library\ScriptAssemblies\Unity.Addressables.Editor.dll". [C:\Users\germa\Desktop\Kavkazim\kavkazim\Assembly-CSharp.csproj]
       C:\Program Files\dotnet\sdk\6.0.400\Microsoft.Common.CurrentVersion.targets(2302,5): warning MSB3277:             Unity.Addressables.Editor [C:\Users\germa\Desktop\Kavkazim\kavkazim\Assembly-CSharp.csproj]
       C:\Program Files\dotnet\sdk\6.0.400\Microsoft.Common.CurrentVersion.targets(2302,5): warning MSB3277:         C:\Users\germa\Desktop\Kavkazim\kavkazim\Library\ScriptAssemblies\Unity.AI.Image.dll [C:\Users\germa\Desktop\Kavkazim\kavkazim\Assembly-CSharp.csproj]
       C:\Program Files\dotnet\sdk\6.0.400\Microsoft.Common.CurrentVersion.targets(2302,5): warning MSB3277:           Project file item includes which caused reference "C:\Users\germa\Desktop\Kavkazim\kavkazim\Library\ScriptAssemblies\Unity.AI.Image.dll". [C:\Users\germa\Desktop\Kavkazim\kavkazim\Assembly-CSharp.csproj]
       C:\Program Files\dotnet\sdk\6.0.400\Microsoft.Common.CurrentVersion.targets(2302,5): warning MSB3277:             Unity.2D.Enhancers.Editor.AIBridge [C:\Users\germa\Desktop\Kavkazim\kavkazim\Assembly-CSharp.csproj]
       C:\Program Files\dotnet\sdk\6.0.400\Microsoft.Common.CurrentVersion.targets(2302,5): warning MSB3277:             Unity.2D.Enhancers.Editor [C:\Users\germa\Desktop\Kavkazim\kavkazim\Assembly-CSharp.csproj]
       C:\Program Files\dotnet\sdk\6.0.400\Microsoft.Common.CurrentVersion.targets(2302,5): warning MSB3277:         C:\Users\germa\Desktop\Kavkazim\kavkazim\Library\ScriptAssemblies\Unity.AI.Generators.UI.dll [C:\Users\germa\Desktop\Kavkazim\kavkazim\Assembly-CSharp.csproj]
       C:\Program Files\dotnet\sdk\6.0.400\Microsoft.Common.CurrentVersion.targets(2302,5): warning MSB3277:           Project file item includes which caused reference "C:\Users\germa\Desktop\Kavkazim\kavkazim\Library\ScriptAssemblies\Unity.AI.Generators.UI.dll". [C:\Users\germa\Desktop\Kavkazim\kavkazim\Assembly-CSharp.csproj]
       C:\Program Files\dotnet\sdk\6.0.400\Microsoft.Common.CurrentVersion.targets(2302,5): warning MSB3277:             Unity.2D.Enhancers.Editor.AIBridge [C:\Users\germa\Desktop\Kavkazim\kavkazim\Assembly-CSharp.csproj]
       C:\Program Files\dotnet\sdk\6.0.400\Microsoft.Common.CurrentVersion.targets(2302,5): warning MSB3277:             Unity.2D.Enhancers.Editor [C:\Users\germa\Desktop\Kavkazim\kavkazim\Assembly-CSharp.csproj]
       C:\Program Files\dotnet\sdk\6.0.400\Microsoft.Common.CurrentVersion.targets(2302,5): warning MSB3277:         C:\Users\germa\Desktop\Kavkazim\kavkazim\Library\ScriptAssemblies\Unity.AI.ModelSelector.dll [C:\Users\germa\Desktop\Kavkazim\kavkazim\Assembly-CSharp.csproj]
       C:\Program Files\dotnet\sdk\6.0.400\Microsoft.Common.CurrentVersion.targets(2302,5): warning MSB3277:           Project file item includes which caused reference "C:\Users\germa\Desktop\Kavkazim\kavkazim\Library\ScriptAssemblies\Unity.AI.ModelSelector.dll". [C:\Users\germa\Desktop\Kavkazim\kavkazim\Assembly-CSharp.csproj]
       C:\Program Files\dotnet\sdk\6.0.400\Microsoft.Common.CurrentVersion.targets(2302,5): warning MSB3277:             Unity.2D.Enhancers.Editor.AIBridge [C:\Users\germa\Desktop\Kavkazim\kavkazim\Assembly-CSharp.csproj]
       C:\Program Files\dotnet\sdk\6.0.400\Microsoft.Common.CurrentVersion.targets(2302,5): warning MSB3277:             Unity.2D.Enhancers.Editor [C:\Users\germa\Desktop\Kavkazim\kavkazim\Assembly-CSharp.csproj]
       C:\Program Files\dotnet\sdk\6.0.400\Microsoft.Common.CurrentVersion.targets(2302,5): warning MSB3277:         C:\Users\germa\Desktop\Kavkazim\kavkazim\Library\ScriptAssemblies\Unity.AI.Toolkit.Accounts.dll [C:\Users\germa\Desktop\Kavkazim\kavkazim\Assembly-CSharp.csproj]
       C:\Program Files\dotnet\sdk\6.0.400\Microsoft.Common.CurrentVersion.targets(2302,5): warning MSB3277:           Project file item includes which caused reference "C:\Users\germa\Desktop\Kavkazim\kavkazim\Library\ScriptAssemblies\Unity.AI.Toolkit.Accounts.dll". [C:\Users\germa\Desktop\Kavkazim\kavkazim\Assembly-CSharp.csproj]
       C:\Program Files\dotnet\sdk\6.0.400\Microsoft.Common.CurrentVersion.targets(2302,5): warning MSB3277:             Unity.2D.Enhancers.Editor.AIBridge [C:\Users\germa\Desktop\Kavkazim\kavkazim\Assembly-CSharp.csproj]
       C:\Program Files\dotnet\sdk\6.0.400\Microsoft.Common.CurrentVersion.targets(2302,5): warning MSB3277:             Unity.2D.Enhancers.Editor [C:\Users\germa\Desktop\Kavkazim\kavkazim\Assembly-CSharp.csproj]
       C:\Program Files\dotnet\sdk\6.0.400\Microsoft.Common.CurrentVersion.targets(2302,5): warning MSB3277:         C:\Users\germa\Desktop\Kavkazim\kavkazim\Library\ScriptAssemblies\Unity.AI.Generators.Sdk.dll [C:\Users\germa\Desktop\Kavkazim\kavkazim\Assembly-CSharp.csproj]
       C:\Program Files\dotnet\sdk\6.0.400\Microsoft.Common.CurrentVersion.targets(2302,5): warning MSB3277:           Project file item includes which caused reference "C:\Users\germa\Desktop\Kavkazim\kavkazim\Library\ScriptAssemblies\Unity.AI.Generators.Sdk.dll". [C:\Users\germa\Desktop\Kavkazim\kavkazim\Assembly-CSharp.csproj]
       C:\Program Files\dotnet\sdk\6.0.400\Microsoft.Common.CurrentVersion.targets(2302,5): warning MSB3277:             Unity.2D.Enhancers.Editor.AIBridge [C:\Users\germa\Desktop\Kavkazim\kavkazim\Assembly-CSharp.csproj]
       C:\Program Files\dotnet\sdk\6.0.400\Microsoft.Common.CurrentVersion.targets(2302,5): warning MSB3277:             Unity.2D.Enhancers.Editor [C:\Users\germa\Desktop\Kavkazim\kavkazim\Assembly-CSharp.csproj]


       "C:\Users\germa\Desktop\Kavkazim\kavkazim\Assembly-CSharp.csproj" (default target) (1:7) ->
       (CoreCompile target) -> 
         CSC : warning CS8785: Generator 'AttributeBasedFieldGenerator' failed to generate source. It will not contribute to the output and compilation errors may occur as a result. Exception was of type 'IndexOutOfRangeException' with message 'Index was outside the bounds of the array.' [C:\Users\germa\Desktop\Kavkazim\kavkazim\Assembly-CSharp.csproj]
         C:\Users\germa\Desktop\Kavkazim\kavkazim\Assets\Scripts\Minigames\SortGames\LaundrySortGame.cs(15,40): warning CS0108: 'LaundrySortGame.snapProximityDistance' hides inherited member 'SortGame.snapProximityDistance'. Use the new keyword if hiding was intended. [C:\Users\germa\Desktop\Kavkazim\kavkazim\Assembly-CSharp.csproj]
         C:\Users\germa\Desktop\Kavkazim\kavkazim\Assets\Scripts\Minigames\SortGames\LaundrySortGame.cs(41,22): warning CS0114: 'LaundrySortGame.Awake()' hides inherited member 'SortGame.Awake()'. To make the current member override that implementation, add the override keyword. Otherwise add the new keyword. [C:\Users\germa\Desktop\Kavkazim\kavkazim\Assembly-CSharp.csproj]
         C:\Users\germa\Desktop\Kavkazim\kavkazim\Assets\Scripts\Minigames\SortGames\LaundrySortGame.cs(426,22): warning CS0114: 'LaundrySortGame.CheckWinCondition()' hides inherited member 'SortGame.CheckWinCondition()'. To make the current member override that implementation, add the override keyword. Otherwise add the new keyword. [C:\Users\germa\Desktop\Kavkazim\kavkazim\Assembly-CSharp.csproj]
         C:\Users\germa\Desktop\Kavkazim\kavkazim\Assets\Scripts\Minigames\SortGames\LaundrySortGame.cs(509,48): warning CS0114: 'LaundrySortGame.CloseAfterDelay(float)' hides inherited member 'BaseMinigame.CloseAfterDelay(float)'. To make the current member override that implementation, add the override keyword. Otherwise add the new keyword. [C:\Users\germa\Desktop\Kavkazim\kavkazim\Assembly-CSharp.csproj]
         C:\Users\germa\Desktop\Kavkazim\kavkazim\Assets\Scripts\Minigames\SortGames\LezginkaSortGame.cs(14,38): warning CS0108: 'LezginkaSortGame.canvasSortingOrder' hides inherited member 'BaseMinigame.canvasSortingOrder'. Use the new keyword if hiding was intended. [C:\Users\germa\Desktop\Kavkazim\kavkazim\Assembly-CSharp.csproj]
         C:\Users\germa\Desktop\Kavkazim\kavkazim\Assets\Scripts\Minigames\SortGames\LezginkaSortGame.cs(15,40): warning CS0108: 'LezginkaSortGame.backgroundColor' hides inherited member 'BaseMinigame.backgroundColor'. Use the new keyword if hiding was intended. [C:\Users\germa\Desktop\Kavkazim\kavkazim\Assembly-CSharp.csproj]
         C:\Users\germa\Desktop\Kavkazim\kavkazim\Assets\Scripts\Minigames\SortGames\LezginkaSortGame.cs(16,39): warning CS0108: 'LezginkaSortGame.showCloseButton' hides inherited member 'BaseMinigame.showCloseButton'. Use the new keyword if hiding was intended. [C:\Users\germa\Desktop\Kavkazim\kavkazim\Assembly-CSharp.csproj]
         C:\Users\germa\Desktop\Kavkazim\kavkazim\Assets\Scripts\Minigames\SortGames\LezginkaSortGame.cs(253,22): warning CS0114: 'LezginkaSortGame.CheckWinCondition()' hides inherited member 'SortGame.CheckWinCondition()'. To make the current member override that implementation, add the override keyword. Otherwise add the new keyword. [C:\Users\germa\Desktop\Kavkazim\kavkazim\Assembly-CSharp.csproj]
         C:\Users\germa\Desktop\Kavkazim\kavkazim\Assets\Scripts\Minigames\SortGames\LezginkaSortGame.cs(342,48): warning CS0114: 'LezginkaSortGame.CloseAfterDelay(float)' hides inherited member 'BaseMinigame.CloseAfterDelay(float)'. To make the current member override that implementation, add the override keyword. Otherwise add the new keyword. [C:\Users\germa\Desktop\Kavkazim\kavkazim\Assembly-CSharp.csproj]
         C:\Users\germa\Desktop\Kavkazim\kavkazim\Assets\Scripts\Minigames\SortGames\LezginkaSortGame.cs(464,32): warning CS0114: 'LezginkaSortGame.OnDestroy()' hides inherited member 'BaseMinigame.OnDestroy()'. To make the current member override that implementation, add the override keyword. Otherwise add the new keyword. [C:\Users\germa\Desktop\Kavkazim\kavkazim\Assembly-CSharp.csproj]
         C:\Users\germa\Desktop\Kavkazim\kavkazim\Assets\Scripts\Minigames\ClickGames\WolfClickGame.cs(269,22): warning CS0114: 'WolfClickGame.OnGameComplete()' hides inherited member 'ClickGame.OnGameComplete()'. To make the current member override that implementation, add the override keyword. Otherwise add the new keyword. [C:\Users\germa\Desktop\Kavkazim\kavkazim\Assembly-CSharp.csproj]
         C:\Users\germa\Desktop\Kavkazim\kavkazim\Assets\Scripts\Minigames\ClickGames\WolfClickGame.cs(288,48): warning CS0114: 'WolfClickGame.CloseAfterDelay(float)' hides inherited member 'ClickGame.CloseAfterDelay(float)'. To make the current member override that implementation, add the override keyword. Otherwise add the new keyword. [C:\Users\germa\Desktop\Kavkazim\kavkazim\Assembly-CSharp.csproj]
         C:\Users\germa\Desktop\Kavkazim\kavkazim\Assets\Scripts\Minigames\SortGames\PraySortGame.cs(14,38): warning CS0108: 'PraySortGame.canvasSortingOrder' hides inherited member 'BaseMinigame.canvasSortingOrder'. Use the new keyword if hiding was intended. [C:\Users\germa\Desktop\Kavkazim\kavkazim\Assembly-CSharp.csproj]
         C:\Users\germa\Desktop\Kavkazim\kavkazim\Assets\Scripts\Minigames\SortGames\PraySortGame.cs(15,40): warning CS0108: 'PraySortGame.backgroundColor' hides inherited member 'BaseMinigame.backgroundColor'. Use the new keyword if hiding was intended. [C:\Users\germa\Desktop\Kavkazim\kavkazim\Assembly-CSharp.csproj]
         C:\Users\germa\Desktop\Kavkazim\kavkazim\Assets\Scripts\Minigames\SortGames\PraySortGame.cs(16,39): warning CS0108: 'PraySortGame.showCloseButton' hides inherited member 'BaseMinigame.showCloseButton'. Use the new keyword if hiding was intended. [C:\Users\germa\Desktop\Kavkazim\kavkazim\Assembly-CSharp.csproj]
         C:\Users\germa\Desktop\Kavkazim\kavkazim\Assets\Scripts\Minigames\SortGames\PraySortGame.cs(262,22): warning CS0114: 'PraySortGame.CheckWinCondition()' hides inherited member 'SortGame.CheckWinCondition()'. To make the current member override that implementation, add the override keyword. Otherwise add the new keyword. [C:\Users\germa\Desktop\Kavkazim\kavkazim\Assembly-CSharp.csproj]
         C:\Users\germa\Desktop\Kavkazim\kavkazim\Assets\Scripts\Minigames\SortGames\PraySortGame.cs(360,48): warning CS0114: 'PraySortGame.CloseAfterDelay(float)' hides inherited member 'BaseMinigame.CloseAfterDelay(float)'. To make the current member override that implementation, add the override keyword. Otherwise add the new keyword. [C:\Users\germa\Desktop\Kavkazim\kavkazim\Assembly-CSharp.csproj]
         C:\Users\germa\Desktop\Kavkazim\kavkazim\Assets\Scripts\Minigames\SortGames\PraySortGame.cs(479,32): warning CS0114: 'PraySortGame.OnDestroy()' hides inherited member 'BaseMinigame.OnDestroy()'. To make the current member override that implementation, add the override keyword. Otherwise add the new keyword. [C:\Users\germa\Desktop\Kavkazim\kavkazim\Assembly-CSharp.csproj]
         C:\Users\germa\Desktop\Kavkazim\kavkazim\Assets\Scripts\Minigames\ClickGames\TakedownClickGame.cs(124,22): warning CS0114: 'TakedownClickGame.CreateMainImage()' hides inherited member 'ClickGame.CreateMainImage()'. To make the current member override that implementation, add the override keyword. Otherwise add the new keyword. [C:\Users\germa\Desktop\Kavkazim\kavkazim\Assembly-CSharp.csproj]
         C:\Users\germa\Desktop\Kavkazim\kavkazim\Assets\Scripts\Minigames\ClickGames\TakedownClickGame.cs(315,48): warning CS0114: 'TakedownClickGame.CloseAfterDelay(float)' hides inherited member 'ClickGame.CloseAfterDelay(float)'. To make the current member override that implementation, add the override keyword. Otherwise add the new keyword. [C:\Users\germa\Desktop\Kavkazim\kavkazim\Assembly-CSharp.csproj]
         C:\Users\germa\Desktop\Kavkazim\kavkazim\Assets\Scripts\Minigames\SortGames\ShashlikSortGame.cs(12,38): warning CS0108: 'ShashlikSortGame.canvasSortingOrder' hides inherited member 'BaseMinigame.canvasSortingOrder'. Use the new keyword if hiding was intended. [C:\Users\germa\Desktop\Kavkazim\kavkazim\Assembly-CSharp.csproj]
         C:\Users\germa\Desktop\Kavkazim\kavkazim\Assets\Scripts\Minigames\SortGames\ShashlikSortGame.cs(13,40): warning CS0108: 'ShashlikSortGame.backgroundColor' hides inherited member 'BaseMinigame.backgroundColor'. Use the new keyword if hiding was intended. [C:\Users\germa\Desktop\Kavkazim\kavkazim\Assembly-CSharp.csproj]
         C:\Users\germa\Desktop\Kavkazim\kavkazim\Assets\Scripts\Minigames\SortGames\ShashlikSortGame.cs(14,39): warning CS0108: 'ShashlikSortGame.showCloseButton' hides inherited member 'BaseMinigame.showCloseButton'. Use the new keyword if hiding was intended. [C:\Users\germa\Desktop\Kavkazim\kavkazim\Assembly-CSharp.csproj]
         C:\Users\germa\Desktop\Kavkazim\kavkazim\Assets\Scripts\Minigames\SortGames\ShashlikSortGame.cs(44,22): warning CS0114: 'ShashlikSortGame.Awake()' hides inherited member 'SortGame.Awake()'. To make the current member override that implementation, add the override keyword. Otherwise add the new keyword. [C:\Users\germa\Desktop\Kavkazim\kavkazim\Assembly-CSharp.csproj]
         C:\Users\germa\Desktop\Kavkazim\kavkazim\Assets\Scripts\Minigames\SortGames\ShashlikSortGame.cs(649,22): warning CS0114: 'ShashlikSortGame.CheckWinCondition()' hides inherited member 'SortGame.CheckWinCondition()'. To make the current member override that implementation, add the override keyword. Otherwise add the new keyword. [C:\Users\germa\Desktop\Kavkazim\kavkazim\Assembly-CSharp.csproj]
         C:\Users\germa\Desktop\Kavkazim\kavkazim\Assets\Scripts\Minigames\SortGames\ShashlikSortGame.cs(755,48): warning CS0114: 'ShashlikSortGame.CloseAfterDelay(float)' hides inherited member 'BaseMinigame.CloseAfterDelay(float)'. To make the current member override that implementation, add the override keyword. Otherwise add the new keyword. [C:\Users\germa\Desktop\Kavkazim\kavkazim\Assembly-CSharp.csproj]
         C:\Users\germa\Desktop\Kavkazim\kavkazim\Assets\Scripts\Minigames\SortGames\ShashlikSortGame.cs(761,22): warning CS0114: 'ShashlikSortGame.CreateCloseButton()' hides inherited member 'BaseMinigame.CreateCloseButton()'. To make the current member override that implementation, add the override keyword. Otherwise add the new keyword. [C:\Users\germa\Desktop\Kavkazim\kavkazim\Assembly-CSharp.csproj]
         C:\Users\germa\Desktop\Kavkazim\kavkazim\Assets\Scripts\Minigames\SortGames\ShashlikSortGame.cs(791,22): warning CS0114: 'ShashlikSortGame.OnDestroy()' hides inherited member 'BaseMinigame.OnDestroy()'. To make the current member override that implementation, add the override keyword. Otherwise add the new keyword. [C:\Users\germa\Desktop\Kavkazim\kavkazim\Assembly-CSharp.csproj]
         C:\Users\germa\Desktop\Kavkazim\kavkazim\Assets\Scripts\Minigames\ClickGames\ClickGame.cs(270,58): warning CS0114: 'ClickGame.CloseAfterDelay(float)' hides inherited member 'BaseMinigame.CloseAfterDelay(float)'. To make the current member override that implementation, add the override keyword. Otherwise add the new keyword. [C:\Users\germa\Desktop\Kavkazim\kavkazim\Assembly-CSharp.csproj]
         C:\Users\germa\Desktop\Kavkazim\kavkazim\Assets\Scripts\Minigames\ClickGames\RemoteCommonClickGame.cs(413,48): warning CS0114: 'RemoteCommonClickGame.CloseAfterDelay(float)' hides inherited member 'ClickGame.CloseAfterDelay(float)'. To make the current member override that implementation, add the override keyword. Otherwise add the new keyword. [C:\Users\germa\Desktop\Kavkazim\kavkazim\Assembly-CSharp.csproj]
         C:\Users\germa\Desktop\Kavkazim\kavkazim\Assets\Scripts\Netcode\Player\PlayerInputClient.cs(220,22): warning CS0114: 'PlayerInputClient.OnDestroy()' hides inherited member 'NetworkBehaviour.OnDestroy()'. To make the current member override that implementation, add the override keyword. Otherwise add the new keyword. [C:\Users\germa\Desktop\Kavkazim\kavkazim\Assembly-CSharp.csproj]
         C:\Users\germa\Desktop\Kavkazim\kavkazim\Assets\Scripts\Netcode\Meeting\MeetingManager.cs(79,22): warning CS0114: 'MeetingManager.OnDestroy()' hides inherited member 'NetworkBehaviour.OnDestroy()'. To make the current member override that implementation, add the override keyword. Otherwise add the new keyword. [C:\Users\germa\Desktop\Kavkazim\kavkazim\Assembly-CSharp.csproj]
         C:\Users\germa\Desktop\Kavkazim\kavkazim\Assets\Scripts\Netcode\GameSessionManager.cs(228,22): warning CS0114: 'GameSessionManager.OnDestroy()' hides inherited member 'NetworkBehaviour.OnDestroy()'. To make the current member override that implementation, add the override keyword. Otherwise add the new keyword. [C:\Users\germa\Desktop\Kavkazim\kavkazim\Assembly-CSharp.csproj]
         C:\Users\germa\Desktop\Kavkazim\kavkazim\Assets\Scripts\Minigames\SortGames\LaundrySortGame.cs(492,38): warning CS0618: 'Object.FindObjectsOfType<T>()' is obsolete: 'Object.FindObjectsOfType has been deprecated. Use Object.FindObjectsByType instead which lets you decide whether you need the results sorted or not.  FindObjectsOfType sorts the results by InstanceID but if you do not need this using FindObjectSortMode.None is considerably faster.' [C:\Users\germa\Desktop\Kavkazim\kavkazim\Assembly-CSharp.csproj]
         C:\Users\germa\Desktop\Kavkazim\kavkazim\Assets\Scripts\Minigames\SortGames\LezginkaSortGame.cs(115,17): warning CS0219: The variable 'totalCells' is assigned but its value is never used [C:\Users\germa\Desktop\Kavkazim\kavkazim\Assembly-CSharp.csproj]
         C:\Users\germa\Desktop\Kavkazim\kavkazim\Assets\Scripts\Minigames\SortGames\ShashlikSortGame.cs(12,38): warning CS0414: The field 'ShashlikSortGame.canvasSortingOrder' is assigned but its value is never used [C:\Users\germa\Desktop\Kavkazim\kavkazim\Assembly-CSharp.csproj]
         C:\Users\germa\Desktop\Kavkazim\kavkazim\Assets\Scripts\Minigames\SortGames\PraySortGame.cs(16,39): warning CS0414: The field 'PraySortGame.showCloseButton' is assigned but its value is never used [C:\Users\germa\Desktop\Kavkazim\kavkazim\Assembly-CSharp.csproj]
         C:\Users\germa\Desktop\Kavkazim\kavkazim\Assets\Scripts\Minigames\SortGames\PraySortGame.cs(14,38): warning CS0414: The field 'PraySortGame.canvasSortingOrder' is assigned but its value is never used [C:\Users\germa\Desktop\Kavkazim\kavkazim\Assembly-CSharp.csproj]
         C:\Users\germa\Desktop\Kavkazim\kavkazim\Assets\Scripts\Minigames\SortGames\LezginkaSortGame.cs(19,38): warning CS0414: The field 'LezginkaSortGame.cellsPerRow' is assigned but its value is never used [C:\Users\germa\Desktop\Kavkazim\kavkazim\Assembly-CSharp.csproj]
         C:\Users\germa\Desktop\Kavkazim\kavkazim\Assets\Scripts\Minigames\SortGames\LezginkaSortGame.cs(14,38): warning CS0414: The field 'LezginkaSortGame.canvasSortingOrder' is assigned but its value is never used [C:\Users\germa\Desktop\Kavkazim\kavkazim\Assembly-CSharp.csproj]
         C:\Users\germa\Desktop\Kavkazim\kavkazim\Assets\Scripts\Minigames\SortGames\LezginkaSortGame.cs(20,38): warning CS0414: The field 'LezginkaSortGame.numberOfRows' is assigned but its value is never used [C:\Users\germa\Desktop\Kavkazim\kavkazim\Assembly-CSharp.csproj]
         C:\Users\germa\Desktop\Kavkazim\kavkazim\Assets\Scripts\Minigames\SortGames\LezginkaSortGame.cs(16,39): warning CS0414: The field 'LezginkaSortGame.showCloseButton' is assigned but its value is never used [C:\Users\germa\Desktop\Kavkazim\kavkazim\Assembly-CSharp.csproj]
         C:\Users\germa\Desktop\Kavkazim\kavkazim\Assets\Scripts\Minigames\SortGames\ShashlikSortGame.cs(34,22): warning CS0414: The field 'ShashlikSortGame._isMemorizationPhase' is assigned but its value is never used [C:\Users\germa\Desktop\Kavkazim\kavkazim\Assembly-CSharp.csproj]
         C:\Users\germa\Desktop\Kavkazim\kavkazim\Assets\Scripts\Minigames\SortGames\LaundrySortGame.cs(15,40): warning CS0414: The field 'LaundrySortGame.snapProximityDistance' is assigned but its value is never used [C:\Users\germa\Desktop\Kavkazim\kavkazim\Assembly-CSharp.csproj]
         C:\Users\germa\Desktop\Kavkazim\kavkazim\Assets\Scripts\Minigames\SortGames\ShashlikSortGame.cs(14,39): warning CS0414: The field 'ShashlikSortGame.showCloseButton' is assigned but its value is never used [C:\Users\germa\Desktop\Kavkazim\kavkazim\Assembly-CSharp.csproj]


       "C:\Users\germa\Desktop\Kavkazim\kavkazim\Assembly-CSharp.csproj" (default target) (1:7) ->
       (CoreCompile target) -> 
         C:\Users\germa\Desktop\Kavkazim\kavkazim\Assets\Scripts\UI\LobbyUI.cs(284,53): error CS1501: No overload for method 'CreateSettingSlider' takes 6 arguments [C:\Users\germa\Desktop\Kavkazim\kavkazim\Assembly-CSharp.csproj]
         C:\Users\germa\Desktop\Kavkazim\kavkazim\Assets\Scripts\UI\LobbyUI.cs(291,57): error CS1501: No overload for method 'CreateSettingSlider' takes 6 arguments [C:\Users\germa\Desktop\Kavkazim\kavkazim\Assembly-CSharp.csproj]
         C:\Users\germa\Desktop\Kavkazim\kavkazim\Assets\Scripts\UI\LobbyUI.cs(298,53): error CS1501: No overload for method 'CreateSettingSlider' takes 6 arguments [C:\Users\germa\Desktop\Kavkazim\kavkazim\Assembly-CSharp.csproj]
         C:\Users\germa\Desktop\Kavkazim\kavkazim\Assets\Scripts\UI\LobbyUI.cs(305,51): error CS1501: No overload for method 'CreateSettingSlider' takes 6 arguments [C:\Users\germa\Desktop\Kavkazim\kavkazim\Assembly-CSharp.csproj]
         C:\Users\germa\Desktop\Kavkazim\kavkazim\Assets\Scripts\UI\LobbyUI.cs(311,57): error CS1501: No overload for method 'CreateSettingSlider' takes 6 arguments [C:\Users\germa\Desktop\Kavkazim\kavkazim\Assembly-CSharp.csproj]
         C:\Users\germa\Desktop\Kavkazim\kavkazim\Assets\Scripts\UI\LobbyUI.cs(318,49): error CS1501: No overload for method 'CreateSettingSlider' takes 6 arguments [C:\Users\germa\Desktop\Kavkazim\kavkazim\Assembly-CSharp.csproj]
         C:\Users\germa\Desktop\Kavkazim\kavkazim\Assets\Scripts\UI\LobbyUI.cs(326,13): error CS1501: No overload for method 'CreateTestModeToggle' takes 2 arguments [C:\Users\germa\Desktop\Kavkazim\kavkazim\Assembly-CSharp.csproj]

    47 Warning(s)
    7 Error(s)

Time Elapsed 00:00:02.34
